countryiso3code,country,date,gdp_per_capita
AFE,Africa Eastern and Southern,2025,1722.38561960923
AFE,Africa Eastern and Southern,2024,1628.22728900442
AFE,Africa Eastern and Southern,2023,1571.13270407815
AFE,Africa Eastern and Southern,2022,1675.90252377611
AFE,Africa Eastern and Southern,2021,1560.89462580275
AFE,Africa Eastern and Southern,2020,1351.50316694933
AFE,Africa Eastern and Southern,2019,1508.0315245887
AFE,Africa Eastern and Southern,2018,1553.61794421394
AFE,Africa Eastern and Southern,2017,1529.92307995549
AFE,Africa Eastern and Southern,2016,1335.7431649955
AFE,Africa Eastern and Southern,2015,1498.71597073834
AFE,Africa Eastern and Southern,2014,1689.98238051624
AFE,Africa Eastern and Southern,2013,1705.83900348854
AFE,Africa Eastern and Southern,2012,1731.86909640114
AFE,Africa Eastern and Southern,2011,1761.83829586572
AFE,Africa Eastern and Southern,2010,1628.76857300184
AFE,Africa Eastern and Southern,2009,1408.61565890435
AFE,Africa Eastern and Southern,2008,1447.42777531825
AFE,Africa Eastern and Southern,2007,1381.4452514345
AFE,Africa Eastern and Southern,2006,1235.17087902029
AFE,Africa Eastern and Southern,2005,1126.29920363201
AFE,Africa Eastern and Southern,2004,989.017114690163
AFE,Africa Eastern and Southern,2003,815.433657549659
AFE,Africa Eastern and Southern,2002,630.513380226995
AFE,Africa Eastern and Southern,2001,625.82886019759
AFE,Africa Eastern and Southern,2000,706.728440776917
AFE,Africa Eastern and Southern,1999,670.425331746839
AFE,Africa Eastern and Southern,1998,697.08057901383
AFE,Africa Eastern and Southern,1997,767.400692604526
AFE,Africa Eastern and Southern,1996,746.78858138152
AFE,Africa Eastern and Southern,1995,766.524210648196
AFE,Africa Eastern and Southern,1994,700.7732953765
AFE,Africa Eastern and Southern,1993,709.324717855605
AFE,Africa Eastern and Southern,1992,732.912138733145
AFE,Africa Eastern and Southern,1991,864.175528692201
AFE,Africa Eastern and Southern,1990,822.404371825312
AFE,Africa Eastern and Southern,1989,728.244534303378
AFE,Africa Eastern and Southern,1988,704.143241259139
AFE,Africa Eastern and Southern,1987,664.792922745199
AFE,Africa Eastern and Southern,1986,578.318417094435
AFE,Africa Eastern and Southern,1985,554.222221130921
AFE,Africa Eastern and Southern,1984,650.347927128187
AFE,Africa Eastern and Southern,1983,732.346683664132
AFE,Africa Eastern and Southern,1982,725.548722322091
AFE,Africa Eastern and Southern,1981,777.6292577402
AFE,Africa Eastern and Southern,1980,773.302496295457
AFE,Africa Eastern and Southern,1979,634.449175277502
AFE,Africa Eastern and Southern,1978,571.618271488354
AFE,Africa Eastern and Southern,1977,518.359550068184
AFE,Africa Eastern and Southern,1976,468.775304383329
AFE,Africa Eastern and Southern,1975,479.079597720244
AFE,Africa Eastern and Southern,1974,463.469548850461
AFE,Africa Eastern and Southern,1973,389.729674712988
AFE,Africa Eastern and Southern,1972,311.465573381367
AFE,Africa Eastern and Southern,1971,294.814654215325
AFE,Africa Eastern and Southern,1970,276.733386190782
AFE,Africa Eastern and Southern,1969,281.579363776427
AFE,Africa Eastern and Southern,1968,257.144252415425
AFE,Africa Eastern and Southern,1967,243.77399986481
AFE,Africa Eastern and Southern,1966,240.912196125435
AFE,Africa Eastern and Southern,1965,226.836513295836
AFE,Africa Eastern and Southern,1964,208.963065980073
AFE,Africa Eastern and Southern,1963,225.400455705208
AFE,Africa Eastern and Southern,1962,197.36787649827
AFE,Africa Eastern and Southern,1961,186.909365228821
AFE,Africa Eastern and Southern,1960,186.089514881165
AFW,Africa Western and Central,2025,1600.05837434388
AFW,Africa Western and Central,2024,1416.22841156776
AFW,Africa Western and Central,2023,1846.24681069313
AFW,Africa Western and Central,2022,2143.07209365676
AFW,Africa Western and Central,2021,2116.9382941844
AFW,Africa Western and Central,2020,2034.43793971923
AFW,Africa Western and Central,2019,2219.41255534667
AFW,Africa Western and Central,2018,1723.11446346681
AFW,Africa Western and Central,2017,1577.20349674013
AFW,Africa Western and Central,2016,1632.42497788744
AFW,Africa Western and Central,2015,1863.40151301991
AFW,Africa Western and Central,2014,2224.32958643376
AFW,Africa Western and Central,2013,2134.24752369303
AFW,Africa Western and Central,2012,1943.37255535786
AFW,Africa Western and Central,2011,1846.10292552744
AFW,Africa Western and Central,2010,1664.49204549878
AFW,Africa Western and Central,2009,1455.22391926317
AFW,Africa Western and Central,2008,1668.61565308526
AFW,Africa Western and Central,2007,1407.72881703262
AFW,Africa Western and Central,2006,1236.31604057497
AFW,Africa Western and Central,2005,1001.134464675
AFW,Africa Western and Central,2004,839.345851531298
AFW,Africa Western and Central,2003,698.41059773746
AFW,Africa Western and Central,2002,620.160708220684
AFW,Africa Western and Central,2001,533.677179675639
AFW,Africa Western and Central,2000,519.642599510731
AFW,Africa Western and Central,1999,524.453105656825
AFW,Africa Western and Central,1998,1142.84454396881
AFW,Africa Western and Central,1997,1093.0671762104
AFW,Africa Western and Central,1996,1070.83624374512
AFW,Africa Western and Central,1995,867.818658269009
AFW,Africa Western and Central,1994,580.801466185621
AFW,Africa Western and Central,1993,575.281709114721
AFW,Africa Western and Central,1992,567.92629883876
AFW,Africa Western and Central,1991,608.66899836783
AFW,Africa Western and Central,1990,593.83151352357
AFW,Africa Western and Central,1989,513.173056234633
AFW,Africa Western and Central,1988,563.879072074372
AFW,Africa Western and Central,1987,584.103649735645
AFW,Africa Western and Central,1986,583.666693671393
AFW,Africa Western and Central,1985,755.925041737799
AFW,Africa Western and Central,1984,739.489771475725
AFW,Africa Western and Central,1983,874.938007279736
AFW,Africa Western and Central,1982,1165.24870867511
AFW,Africa Western and Central,1981,1329.87864847601
AFW,Africa Western and Central,1980,763.633222562531
AFW,Africa Western and Central,1979,625.377991903506
AFW,Africa Western and Central,1978,524.205300336915
AFW,Africa Western and Central,1977,491.235598667596
AFW,Africa Western and Central,1976,480.833407101323
AFW,Africa Western and Central,1975,413.697038224725
AFW,Africa Western and Central,1974,368.588335603968
AFW,Africa Western and Central,1973,280.866692944744
AFW,Africa Western and Central,1972,230.250571421405
AFW,Africa Western and Central,1971,196.013807534283
AFW,Africa Western and Central,1970,218.842959502359
AFW,Africa Western and Central,1969,162.083035227276
AFW,Africa Western and Central,1968,146.345421077107
AFW,Africa Western and Central,1967,145.046759038793
AFW,Africa Western and Central,1966,162.172975137283
AFW,Africa Western and Central,1965,155.587905462706
AFW,Africa Western and Central,1964,148.551510474249
AFW,Africa Western and Central,1963,139.004980086033
AFW,Africa Western and Central,1962,133.823783489337
AFW,Africa Western and Central,1961,127.451039943698
AFW,Africa Western and Central,1960,121.936832429715
ARB,Arab World,2025,7544.41435641482
ARB,Arab World,2024,7602.41115691284
ARB,Arab World,2023,7504.35637695627
ARB,Arab World,2022,7960.81158770821
ARB,Arab World,2021,6708.20761928893
ARB,Arab World,2020,5749.75163256627
ARB,Arab World,2019,6683.67016877686
ARB,Arab World,2018,6708.53121256784
ARB,Arab World,2017,6105.92161804571
ARB,Arab World,2016,6051.26103619544
ARB,Arab World,2015,6299.87807685552
ARB,Arab World,2014,7347.6211570264
ARB,Arab World,2013,7384.79221541888
ARB,Arab World,2012,7392.55638357541
ARB,Arab World,2011,6924.20289420703
ARB,Arab World,2010,5957.50539498481
ARB,Arab World,2009,5142.65633137166
ARB,Arab World,2008,6100.53937632387
ARB,Arab World,2007,4940.70153714799
ARB,Arab World,2006,4355.05761532494
ARB,Arab World,2005,3750.69817199291
ARB,Arab World,2004,3133.70136960221
ARB,Arab World,2003,2696.67250919404
ARB,Arab World,2002,2483.50270297478
ARB,Arab World,2001,2536.15266480025
ARB,Arab World,2000,2664.12544702947
ARB,Arab World,1999,2378.91256945477
ARB,Arab World,1998,2192.58945184653
ARB,Arab World,1997,2305.60949452905
ARB,Arab World,1996,2193.85954411939
ARB,Arab World,1995,2080.99805208098
ARB,Arab World,1994,2018.66808626545
ARB,Arab World,1993,1987.7533220326
ARB,Arab World,1992,1996.28830839149
ARB,Arab World,1991,2048.70583682981
ARB,Arab World,1990,2875.13052297717
ARB,Arab World,1989,2117.69361013073
ARB,Arab World,1988,2041.96127119429
ARB,Arab World,1987,2108.46557162979
ARB,Arab World,1986,2042.47838250205
ARB,Arab World,1985,2247.904750665
ARB,Arab World,1984,2358.21631644132
ARB,Arab World,1983,2417.45335889985
ARB,Arab World,1982,2640.78244926857
ARB,Arab World,1981,2911.18187901911
ARB,Arab World,1980,2954.3040924934
ARB,Arab World,1979,2251.65780045901
ARB,Arab World,1978,1728.32241737205
ARB,Arab World,1977,1630.46941328609
ARB,Arab World,1976,1458.24312176101
ARB,Arab World,1975,1205.55545155929
ARB,Arab World,1974,1125.04298783644
ARB,Arab World,1973,602.507540554094
ARB,Arab World,1972,470.227429575094
ARB,Arab World,1971,402.822307878809
ARB,Arab World,1970,357.718964213401
ARB,Arab World,1969,329.453728084893
ARB,Arab World,1968,307.557624001515
ARB,Arab World,1967,276.951725344184
ARB,Arab World,1966,263.968711194813
ARB,Arab World,1965,256.197486658733
ARB,Arab World,1964,243.913946117719
ARB,Arab World,1963,225.815918956392
ARB,Arab World,1962,210.819688258812
ARB,Arab World,1961,212.904077957274
CSS,Caribbean small states,2025,20880.0606776787
CSS,Caribbean small states,2024,19923.5745910977
CSS,Caribbean small states,2023,17609.6827071212
CSS,Caribbean small states,2022,17449.5193422186
CSS,Caribbean small states,2021,13996.4475071755
CSS,Caribbean small states,2020,11961.4085449634
CSS,Caribbean small states,2019,13995.7626558947
CSS,Caribbean small states,2018,13896.5484095788
CSS,Caribbean small states,2017,13708.7525902396
CSS,Caribbean small states,2016,13377.8260731233
CSS,Caribbean small states,2015,14497.8798625347
CSS,Caribbean small states,2014,14962.943351851
CSS,Caribbean small states,2013,14575.4918879542
CSS,Caribbean small states,2012,14225.6111466707
CSS,Caribbean small states,2011,13503.1582761636
CSS,Caribbean small states,2010,12652.5691256578
CSS,Caribbean small states,2009,11554.0589194758
CSS,Caribbean small states,2008,13890.1303094208
CSS,Caribbean small states,2007,12134.9066978741
CSS,Caribbean small states,2006,10883.0475520742
CSS,Caribbean small states,2005,9439.33720644986
CSS,Caribbean small states,2004,8233.61082543875
CSS,Caribbean small states,2003,7551.08983381761
CSS,Caribbean small states,2002,6903.07418576198
CSS,Caribbean small states,2001,6647.62547849072
CSS,Caribbean small states,2000,6477.26482123395
CSS,Caribbean small states,1999,5959.88473285313
CSS,Caribbean small states,1998,5558.82422899327
CSS,Caribbean small states,1997,5198.5063262239
CSS,Caribbean small states,1996,4424.43957767727
CSS,Caribbean small states,1995,4144.50619583341
CSS,Caribbean small states,1994,3930.33084990997
CSS,Caribbean small states,1993,3698.86380689568
CSS,Caribbean small states,1992,3842.68138532177
CSS,Caribbean small states,1991,3792.22074880024
CSS,Caribbean small states,1990,3713.69534828331
CSS,Caribbean small states,1989,3468.58939836147
CSS,Caribbean small states,1988,3530.0768972102
CSS,Caribbean small states,1987,3439.60046333553
CSS,Caribbean small states,1986,3307.33904696522
CSS,Caribbean small states,1985,3907.19546019831
CSS,Caribbean small states,1984,3908.46277598906
CSS,Caribbean small states,1983,3793.64092639991
CSS,Caribbean small states,1982,3851.96097447913
CSS,Caribbean small states,1981,3496.70815196286
CSS,Caribbean small states,1980,3199.78302389516
CSS,Caribbean small states,1979,2491.90112105547
CSS,Caribbean small states,1978,2023.78593701824
CSS,Caribbean small states,1977,1786.9463308162
CSS,Caribbean small states,1976,1497.92274413475
CSS,Caribbean small states,1975,1474.07313726819
CSS,Caribbean small states,1974,1295.57997042313
CSS,Caribbean small states,1973,987.049904340167
CSS,Caribbean small states,1972,858.37605232848
CSS,Caribbean small states,1971,780.664219545997
CSS,Caribbean small states,1970,730.704086817937
CSS,Caribbean small states,1969,704.371934968721
CSS,Caribbean small states,1968,659.557119858247
CSS,Caribbean small states,1967,654.511741813167
CSS,Caribbean small states,1966,609.204934699445
CSS,Caribbean small states,1965,584.032636917524
CSS,Caribbean small states,1964,555.235936722189
CSS,Caribbean small states,1963,530.733580669034
CSS,Caribbean small states,1962,507.847334102197
CSS,Caribbean small states,1961,486.571129974937
CSS,Caribbean small states,1960,455.490441600162
CEB,Central Europe and the Baltics,2025,27676.9389653713
CEB,Central Europe and the Baltics,2024,24616.0957872816
CEB,Central Europe and the Baltics,2023,22693.9504470566
CEB,Central Europe and the Baltics,2022,19526.2463443821
CEB,Central Europe and the Baltics,2021,19224.3287744219
CEB,Central Europe and the Baltics,2020,16581.3833261524
CEB,Central Europe and the Baltics,2019,16534.9661895205
CEB,Central Europe and the Baltics,2018,16227.2845341706
CEB,Central Europe and the Baltics,2017,14339.8488594791
CEB,Central Europe and the Baltics,2016,12874.7280619541
CEB,Central Europe and the Baltics,2015,12596.9151136003
CEB,Central Europe and the Baltics,2014,14208.4390487349
CEB,Central Europe and the Baltics,2013,13712.7077940364
CEB,Central Europe and the Baltics,2012,13104.0873095326
CEB,Central Europe and the Baltics,2011,13997.3297794653
CEB,Central Europe and the Baltics,2010,12635.7782121319
CEB,Central Europe and the Baltics,2009,12302.0593290327
CEB,Central Europe and the Baltics,2008,14534.2467521669
CEB,Central Europe and the Baltics,2007,11906.4959653819
CEB,Central Europe and the Baltics,2006,9337.74049720614
CEB,Central Europe and the Baltics,2005,8223.09810996167
CEB,Central Europe and the Baltics,2004,7046.22188812688
CEB,Central Europe and the Baltics,2003,5828.29660100317
CEB,Central Europe and the Baltics,2002,4843.41064833504
CEB,Central Europe and the Baltics,2001,4274.13236367221
CEB,Central Europe and the Baltics,2000,3880.42695915578
CEB,Central Europe and the Baltics,1999,3909.23972626165
CEB,Central Europe and the Baltics,1998,4053.33261097035
CEB,Central Europe and the Baltics,1997,3704.23882396044
CEB,Central Europe and the Baltics,1996,3750.80309376233
CEB,Central Europe and the Baltics,1995,3539.72488134844
CEB,Central Europe and the Baltics,1994,2767.1681470785
CEB,Central Europe and the Baltics,1993,2432.47857989634
CEB,Central Europe and the Baltics,1992,2291.9023752698
CEB,Central Europe and the Baltics,1991,2210.9787139865
CEB,Central Europe and the Baltics,1990,2499.27257852336
EAR,Early-demographic dividend,2025,4566.42669968306
EAR,Early-demographic dividend,2024,4405.28492630999
EAR,Early-demographic dividend,2023,4212.16924807645
EAR,Early-demographic dividend,2022,4017.48956260692
EAR,Early-demographic dividend,2021,3697.4103832017
EAR,Early-demographic dividend,2020,3185.49787368673
EAR,Early-demographic dividend,2019,3481.75530893525
EAR,Early-demographic dividend,2018,3460.86264008666
EAR,Early-demographic dividend,2017,3457.91719451195
EAR,Early-demographic dividend,2016,3227.64814256759
EAR,Early-demographic dividend,2015,3178.86716124226
EAR,Early-demographic dividend,2014,3351.66429566368
EAR,Early-demographic dividend,2013,3332.30407501939
EAR,Early-demographic dividend,2012,3362.32207931577
EAR,Early-demographic dividend,2011,3266.19695006658
EAR,Early-demographic dividend,2010,2941.65330428569
EAR,Early-demographic dividend,2009,2458.1646507679
EAR,Early-demographic dividend,2008,2595.48033593556
EAR,Early-demographic dividend,2007,2342.58782127684
EAR,Early-demographic dividend,2006,2011.02350805054
EAR,Early-demographic dividend,2005,1788.22041048826
EAR,Early-demographic dividend,2004,1563.0603884093
EAR,Early-demographic dividend,2003,1368.4299919013
EAR,Early-demographic dividend,2002,1251.30345037129
EAR,Early-demographic dividend,2001,1311.07657774218
EAR,Early-demographic dividend,2000,1346.19872596642
EAR,Early-demographic dividend,1999,1255.03001584819
EAR,Early-demographic dividend,1998,1209.04711676805
EAR,Early-demographic dividend,1997,1278.95401047812
EAR,Early-demographic dividend,1996,1221.85674920977
EAR,Early-demographic dividend,1995,1150.88588898384
EAR,Early-demographic dividend,1994,1122.64103842201
EAR,Early-demographic dividend,1993,1090.28777962646
EAR,Early-demographic dividend,1992,1032.29006470987
EAR,Early-demographic dividend,1991,971.300795968623
EAR,Early-demographic dividend,1990,936.971161054012
EAR,Early-demographic dividend,1989,819.296075996831
EAR,Early-demographic dividend,1988,824.743794609817
EAR,Early-demographic dividend,1987,800.4001919984
EAR,Early-demographic dividend,1986,807.383863443982
EAR,Early-demographic dividend,1985,823.45312491765
EAR,Early-demographic dividend,1984,846.723023913179
EAR,Early-demographic dividend,1983,856.419128002434
EAR,Early-demographic dividend,1982,870.636944304211
EAR,Early-demographic dividend,1981,937.449852249747
EAR,Early-demographic dividend,1980,868.416856809516
EAR,Early-demographic dividend,1979,716.290551284322
EAR,Early-demographic dividend,1978,623.750067935856
EAR,Early-demographic dividend,1977,559.642790283264
EAR,Early-demographic dividend,1976,512.900982623562
EAR,Early-demographic dividend,1975,481.172619945738
EAR,Early-demographic dividend,1974,460.718205193532
EAR,Early-demographic dividend,1973,336.890587094323
EAR,Early-demographic dividend,1972,269.85562336408
EAR,Early-demographic dividend,1971,250.491141867457
EAR,Early-demographic dividend,1970,238.287951620002
EAR,Early-demographic dividend,1969,229.480677620979
EAR,Early-demographic dividend,1968,210.493511335474
EAR,Early-demographic dividend,1967,197.939264400867
EAR,Early-demographic dividend,1966,192.18417737185
EAR,Early-demographic dividend,1965,198.815933614379
EAR,Early-demographic dividend,1964,187.910557337761
EAR,Early-demographic dividend,1963,168.140130186445
EAR,Early-demographic dividend,1962,156.287905661078
EAR,Early-demographic dividend,1961,158.513973715042
EAR,Early-demographic dividend,1960,149.363606349213
EAS,East Asia & Pacific,2025,14077.2712026283
EAS,East Asia & Pacific,2024,13482.4788785045
EAS,East Asia & Pacific,2023,13251.5119797804
EAS,East Asia & Pacific,2022,13219.5863562213
EAS,East Asia & Pacific,2021,13416.9773441612
EAS,East Asia & Pacific,2020,11697.5156784805
EAS,East Asia & Pacific,2019,11677.4429355606
EAS,East Asia & Pacific,2018,11487.5096772887
EAS,East Asia & Pacific,2017,10612.7930790259
EAS,East Asia & Pacific,2016,10011.552668647
EAS,East Asia & Pacific,2015,9730.64405529046
EAS,East Asia & Pacific,2014,9832.43196516945
EAS,East Asia & Pacific,2013,9580.35094813005
EAS,East Asia & Pacific,2012,9534.44491469921
EAS,East Asia & Pacific,2011,8976.49484706491
EAS,East Asia & Pacific,2010,7808.0701040139
EAS,East Asia & Pacific,2009,6735.16059526359
EAS,East Asia & Pacific,2008,6593.64477271098
EAS,East Asia & Pacific,2007,5760.12938767038
EAS,East Asia & Pacific,2006,5191.90669962482
EAS,East Asia & Pacific,2005,4931.62605587014
EAS,East Asia & Pacific,2004,4657.50834759879
EAS,East Asia & Pacific,2003,4188.46280036812
EAS,East Asia & Pacific,2002,3844.08681401566
EAS,East Asia & Pacific,2001,3814.30946425229
EAS,East Asia & Pacific,2000,4139.47126719887
EAS,East Asia & Pacific,1999,3853.87131218353
EAS,East Asia & Pacific,1998,3485.79169743958
EAS,East Asia & Pacific,1997,3953.64180360822
EAS,East Asia & Pacific,1996,4187.95909567642
EAS,East Asia & Pacific,1995,4393.56161823586
EAS,East Asia & Pacific,1994,3927.62156525348
EAS,East Asia & Pacific,1993,3556.03095251249
EAS,East Asia & Pacific,1992,3219.10194220305
EAS,East Asia & Pacific,1991,2984.56406592681
EAS,East Asia & Pacific,1990,2679.40356846417
EAS,East Asia & Pacific,1989,2606.15885956626
EAS,East Asia & Pacific,1988,2543.24285142553
EAS,East Asia & Pacific,1987,2149.68032601228
EAS,East Asia & Pacific,1986,1859.67075636118
EAS,East Asia & Pacific,1985,1442.97353593716
EAS,East Asia & Pacific,1984,1388.76162451492
EAS,East Asia & Pacific,1983,1318.05209288055
EAS,East Asia & Pacific,1982,1257.88193346093
EAS,East Asia & Pacific,1981,1305.90826642803
EAS,East Asia & Pacific,1980,1203.49037319815
EAS,East Asia & Pacific,1979,1129.48714341481
EAS,East Asia & Pacific,1978,1056.4854415537
EAS,East Asia & Pacific,1977,847.936611013153
EAS,East Asia & Pacific,1976,722.259093128561
EAS,East Asia & Pacific,1975,667.410426602414
EAS,East Asia & Pacific,1974,621.169683651979
EAS,East Asia & Pacific,1973,549.831069299196
EAS,East Asia & Pacific,1972,426.320315340573
EAS,East Asia & Pacific,1971,350.777065806393
EAS,East Asia & Pacific,1970,323.952509654102
EAS,East Asia & Pacific,1969,288.496322923981
EAS,East Asia & Pacific,1968,256.632196202163
EAS,East Asia & Pacific,1967,237.908430502169
EAS,East Asia & Pacific,1966,224.084094578902
EAS,East Asia & Pacific,1965,205.370646562821
EAS,East Asia & Pacific,1964,188.862439628359
EAS,East Asia & Pacific,1963,168.341105098481
EAS,East Asia & Pacific,1962,154.486854312914
EAS,East Asia & Pacific,1961,152.899750660588
EAS,East Asia & Pacific,1960,151.796695561299
EAP,East Asia & Pacific (excluding high income),2025,10843.4363994141
EAP,East Asia & Pacific (excluding high income),2024,10391.1526101394
EAP,East Asia & Pacific (excluding high income),2023,10126.4304121407
EAP,East Asia & Pacific (excluding high income),2022,10107.0569545516
EAP,East Asia & Pacific (excluding high income),2021,9974.57917918464
EAP,East Asia & Pacific (excluding high income),2020,8391.23898302179
EAP,East Asia & Pacific (excluding high income),2019,8286.45749748666
EAP,East Asia & Pacific (excluding high income),2018,8046.00446277369
EAP,East Asia & Pacific (excluding high income),2017,7241.98321346974
EAP,East Asia & Pacific (excluding high income),2016,6683.23529656879
EAP,East Asia & Pacific (excluding high income),2015,6589.81824245918
EAP,East Asia & Pacific (excluding high income),2014,6373.70120967496
EAP,East Asia & Pacific (excluding high income),2013,5952.82148677207
EAP,East Asia & Pacific (excluding high income),2012,5434.82585097081
EAP,East Asia & Pacific (excluding high income),2011,4913.89455378862
EAP,East Asia & Pacific (excluding high income),2010,4057.8659052455
EAP,East Asia & Pacific (excluding high income),2009,3359.51841456412
EAP,East Asia & Pacific (excluding high income),2008,3117.832791739
EAP,East Asia & Pacific (excluding high income),2007,2481.38755806042
EAP,East Asia & Pacific (excluding high income),2006,1976.632047491
EAP,East Asia & Pacific (excluding high income),2005,1653.67971343756
EAP,East Asia & Pacific (excluding high income),2004,1439.93214544909
EAP,East Asia & Pacific (excluding high income),2003,1251.27771537034
EAP,East Asia & Pacific (excluding high income),2002,1113.99915248458
EAP,East Asia & Pacific (excluding high income),2001,1014.52467005611
EAP,East Asia & Pacific (excluding high income),2000,961.301422356711
EAP,East Asia & Pacific (excluding high income),1999,881.635750173618
EAP,East Asia & Pacific (excluding high income),1998,809.007580492877
EAP,East Asia & Pacific (excluding high income),1997,895.628860799956
EAP,East Asia & Pacific (excluding high income),1996,876.038021480281
EAP,East Asia & Pacific (excluding high income),1995,772.30460205545
EAP,East Asia & Pacific (excluding high income),1994,634.195222952685
EAP,East Asia & Pacific (excluding high income),1993,533.886061731311
EAP,East Asia & Pacific (excluding high income),1992,493.060883694191
EAP,East Asia & Pacific (excluding high income),1991,445.804753221262
EAP,East Asia & Pacific (excluding high income),1990,416.938782261111
EAP,East Asia & Pacific (excluding high income),1989,395.426029999221
EAP,East Asia & Pacific (excluding high income),1988,371.9254393204
EAP,East Asia & Pacific (excluding high income),1987,340.936766529025
EAP,East Asia & Pacific (excluding high income),1986,351.028816056445
EAP,East Asia & Pacific (excluding high income),1985,357.905467448196
EAP,East Asia & Pacific (excluding high income),1984,332.153258401474
EAP,East Asia & Pacific (excluding high income),1983,311.472794392489
EAP,East Asia & Pacific (excluding high income),1982,302.516685584374
EAP,East Asia & Pacific (excluding high income),1981,292.964871355699
EAP,East Asia & Pacific (excluding high income),1980,278.675551801578
EAP,East Asia & Pacific (excluding high income),1979,245.267886708048
EAP,East Asia & Pacific (excluding high income),1978,215.184312618709
EAP,East Asia & Pacific (excluding high income),1977,225.243013756806
EAP,East Asia & Pacific (excluding high income),1976,198.554467967616
EAP,East Asia & Pacific (excluding high income),1975,198.672510294299
EAP,East Asia & Pacific (excluding high income),1974,180.40828103172
EAP,East Asia & Pacific (excluding high income),1973,162.64572508994
EAP,East Asia & Pacific (excluding high income),1972,132.336284588938
EAP,East Asia & Pacific (excluding high income),1971,119.112482493189
EAP,East Asia & Pacific (excluding high income),1970,113.922517317223
EAP,East Asia & Pacific (excluding high income),1969,105.108977265853
EAP,East Asia & Pacific (excluding high income),1968,96.0395573107908
EAP,East Asia & Pacific (excluding high income),1967,97.5038099685848
EAP,East Asia & Pacific (excluding high income),1966,103.042905274641
EAP,East Asia & Pacific (excluding high income),1965,96.7854396235053
EAP,East Asia & Pacific (excluding high income),1964,85.118184629145
EAP,East Asia & Pacific (excluding high income),1963,75.5131219647953
EAP,East Asia & Pacific (excluding high income),1962,71.6155290537605
EAP,East Asia & Pacific (excluding high income),1961,79.558508230374
EAP,East Asia & Pacific (excluding high income),1960,90.2785018672539
TEA,East Asia & Pacific (IDA & IBRD countries),2025,10965.8265646099
TEA,East Asia & Pacific (IDA & IBRD countries),2024,10508.2462082104
TEA,East Asia & Pacific (IDA & IBRD countries),2023,10240.3474676862
TEA,East Asia & Pacific (IDA & IBRD countries),2022,10220.556668162
TEA,East Asia & Pacific (IDA & IBRD countries),2021,10086.4082581275
TEA,East Asia & Pacific (IDA & IBRD countries),2020,8485.28948088661
TEA,East Asia & Pacific (IDA & IBRD countries),2019,8379.42503514668
TEA,East Asia & Pacific (IDA & IBRD countries),2018,8136.42934013947
TEA,East Asia & Pacific (IDA & IBRD countries),2017,7323.57112357326
TEA,East Asia & Pacific (IDA & IBRD countries),2016,6758.79473763568
TEA,East Asia & Pacific (IDA & IBRD countries),2015,6664.53447337008
TEA,East Asia & Pacific (IDA & IBRD countries),2014,6446.18938511466
TEA,East Asia & Pacific (IDA & IBRD countries),2013,6020.77821511419
TEA,East Asia & Pacific (IDA & IBRD countries),2012,5497.15541159145
TEA,East Asia & Pacific (IDA & IBRD countries),2011,4970.50414407986
TEA,East Asia & Pacific (IDA & IBRD countries),2010,4104.80139766727
TEA,East Asia & Pacific (IDA & IBRD countries),2009,3398.52810801107
TEA,East Asia & Pacific (IDA & IBRD countries),2008,3154.16917322889
TEA,East Asia & Pacific (IDA & IBRD countries),2007,2510.42063084895
TEA,East Asia & Pacific (IDA & IBRD countries),2006,1999.8599576078
TEA,East Asia & Pacific (IDA & IBRD countries),2005,1673.18872013796
TEA,East Asia & Pacific (IDA & IBRD countries),2004,1456.9669469541
TEA,East Asia & Pacific (IDA & IBRD countries),2003,1266.10778868123
TEA,East Asia & Pacific (IDA & IBRD countries),2002,1127.25093373191
TEA,East Asia & Pacific (IDA & IBRD countries),2001,1026.64920971957
TEA,East Asia & Pacific (IDA & IBRD countries),2000,972.833173903317
TEA,East Asia & Pacific (IDA & IBRD countries),1999,892.251747167714
TEA,East Asia & Pacific (IDA & IBRD countries),1998,818.793324750308
TEA,East Asia & Pacific (IDA & IBRD countries),1997,906.493021348914
TEA,East Asia & Pacific (IDA & IBRD countries),1996,886.701839758086
TEA,East Asia & Pacific (IDA & IBRD countries),1995,781.740273009877
TEA,East Asia & Pacific (IDA & IBRD countries),1994,641.960437587346
TEA,East Asia & Pacific (IDA & IBRD countries),1993,540.427508690315
TEA,East Asia & Pacific (IDA & IBRD countries),1992,499.112755101956
TEA,East Asia & Pacific (IDA & IBRD countries),1991,451.285275077955
TEA,East Asia & Pacific (IDA & IBRD countries),1990,422.071410076562
TEA,East Asia & Pacific (IDA & IBRD countries),1989,400.299436208748
TEA,East Asia & Pacific (IDA & IBRD countries),1988,376.514745475974
TEA,East Asia & Pacific (IDA & IBRD countries),1987,345.154435745665
TEA,East Asia & Pacific (IDA & IBRD countries),1986,355.377868708384
TEA,East Asia & Pacific (IDA & IBRD countries),1985,362.345629981072
TEA,East Asia & Pacific (IDA & IBRD countries),1984,336.28597041083
TEA,East Asia & Pacific (IDA & IBRD countries),1983,315.356013514066
TEA,East Asia & Pacific (IDA & IBRD countries),1982,306.301092040175
TEA,East Asia & Pacific (IDA & IBRD countries),1981,296.638660486771
TEA,East Asia & Pacific (IDA & IBRD countries),1980,282.172716876686
TEA,East Asia & Pacific (IDA & IBRD countries),1979,248.354130559149
TEA,East Asia & Pacific (IDA & IBRD countries),1978,217.901256348867
TEA,East Asia & Pacific (IDA & IBRD countries),1977,228.08829233148
TEA,East Asia & Pacific (IDA & IBRD countries),1976,201.071871936437
TEA,East Asia & Pacific (IDA & IBRD countries),1975,201.194079350329
TEA,East Asia & Pacific (IDA & IBRD countries),1974,182.701577930808
TEA,East Asia & Pacific (IDA & IBRD countries),1973,164.713132861925
TEA,East Asia & Pacific (IDA & IBRD countries),1972,134.020481612004
TEA,East Asia & Pacific (IDA & IBRD countries),1971,120.627148449905
TEA,East Asia & Pacific (IDA & IBRD countries),1970,115.371975482505
TEA,East Asia & Pacific (IDA & IBRD countries),1969,106.446178947349
TEA,East Asia & Pacific (IDA & IBRD countries),1968,97.2605818901621
TEA,East Asia & Pacific (IDA & IBRD countries),1967,98.7397966811935
TEA,East Asia & Pacific (IDA & IBRD countries),1966,104.345470535028
TEA,East Asia & Pacific (IDA & IBRD countries),1965,98.0103081184699
TEA,East Asia & Pacific (IDA & IBRD countries),1964,86.1944413412984
TEA,East Asia & Pacific (IDA & IBRD countries),1963,76.4669229998065
TEA,East Asia & Pacific (IDA & IBRD countries),1962,72.5209927013902
TEA,East Asia & Pacific (IDA & IBRD countries),1961,80.5543140095914
TEA,East Asia & Pacific (IDA & IBRD countries),1960,91.3802571544005
EMU,Euro area,2025,50214.0783015991
EMU,Euro area,2024,46424.2413084574
EMU,Euro area,2023,44797.6445281418
EMU,Euro area,2022,41105.3462099324
EMU,Euro area,2021,42432.2915720012
EMU,Euro area,2020,37727.4543067337
EMU,Euro area,2019,38679.6118917933
EMU,Euro area,2018,39562.0814189751
EMU,Euro area,2017,36691.2109171985
EMU,Euro area,2016,34690.2425639991
EMU,Euro area,2015,33928.614137702
EMU,Euro area,2014,39333.1197168101
EMU,Euro area,2013,38455.0565897822
EMU,Euro area,2012,36851.3355744745
EMU,Euro area,2011,39878.1184039802
EMU,Euro area,2010,36841.2601014872
EMU,Euro area,2009,37790.1201693815
EMU,Euro area,2008,41406.6598917961
EMU,Euro area,2007,37801.9316069832
EMU,Euro area,2006,32961.2886272812
EMU,Euro area,2005,31116.2703580738
EMU,Euro area,2004,30138.8874750838
EMU,Euro area,2003,26413.8767866986
EMU,Euro area,2002,21551.1260975546
EMU,Euro area,2001,19818.819395825
EMU,Euro area,2000,19563.0908791645
EMU,Euro area,1999,21480.4042154564
EMU,Euro area,1998,21618.3263202496
EMU,Euro area,1997,21057.8481909895
EMU,Euro area,1996,23072.6626954157
EMU,Euro area,1995,22873.5191280329
EMU,Euro area,1994,19839.9370690858
EMU,Euro area,1993,18837.4067947552
EMU,Euro area,1992,20643.6856300826
EMU,Euro area,1991,18809.9990518142
EMU,Euro area,1990,18258.7328576163
EMU,Euro area,1989,14584.521566451
EMU,Euro area,1988,14340.4227546311
EMU,Euro area,1987,13104.538458078
EMU,Euro area,1986,10614.2271617107
EMU,Euro area,1985,7586.17401320399
EMU,Euro area,1984,7398.89850943126
EMU,Euro area,1983,7720.65112981666
EMU,Euro area,1982,7937.54645961743
EMU,Euro area,1981,8219.70161906066
EMU,Euro area,1980,9488.25188277782
EMU,Euro area,1979,8510.11771731182
EMU,Euro area,1978,7053.25496175246
EMU,Euro area,1977,5783.77762562849
EMU,Euro area,1976,5103.59255271462
EMU,Euro area,1975,4912.29016828135
EMU,Euro area,1974,4258.0333574099
EMU,Euro area,1973,3775.78573661911
EMU,Euro area,1972,2927.4431430941
EMU,Euro area,1971,2440.43008766637
EMU,Euro area,1970,2165.44971955982
EMU,Euro area,1969,1922.22579267855
EMU,Euro area,1968,1732.47217316756
EMU,Euro area,1967,1622.43159092879
EMU,Euro area,1966,1537.69059899539
EMU,Euro area,1965,1432.87435147562
EMU,Euro area,1964,1322.00617918949
EMU,Euro area,1963,1203.50239782347
EMU,Euro area,1962,1103.19610722034
EMU,Euro area,1961,1006.27723889254
EMU,Euro area,1960,911.827475831741
ECS,Europe & Central Asia,2025,34603.480892464
ECS,Europe & Central Asia,2024,31630.8552937604
ECS,Europe & Central Asia,2023,30015.7640895399
ECS,Europe & Central Asia,2022,27968.286148204
ECS,Europe & Central Asia,2021,27700.9996673888
ECS,Europe & Central Asia,2020,24187.2451763556
ECS,Europe & Central Asia,2019,25045.1218961925
ECS,Europe & Central Asia,2018,25435.6875035469
ECS,Europe & Central Asia,2017,23839.7319723826
ECS,Europe & Central Asia,2016,22554.6821198127
ECS,Europe & Central Asia,2015,22742.4739859372
ECS,Europe & Central Asia,2014,26517.017870416
ECS,Europe & Central Asia,2013,26236.2854279738
ECS,Europe & Central Asia,2012,25199.9785660563
ECS,Europe & Central Asia,2011,26273.0443343471
ECS,Europe & Central Asia,2010,23731.6668640025
ECS,Europe & Central Asia,2009,23278.878278705
ECS,Europe & Central Asia,2008,26536.4846361214
ECS,Europe & Central Asia,2007,24200.3324793455
ECS,Europe & Central Asia,2006,20762.3175860338
ECS,Europe & Central Asia,2005,19220.7137732995
ECS,Europe & Central Asia,2004,18104.0502985006
ECS,Europe & Central Asia,2003,15575.04178024
ECS,Europe & Central Asia,2002,12842.35970826
ECS,Europe & Central Asia,2001,11750.2018063072
ECS,Europe & Central Asia,2000,11645.6378071747
ECS,Europe & Central Asia,1999,12364.1142687842
ECS,Europe & Central Asia,1998,12507.2303020457
ECS,Europe & Central Asia,1997,12296.6082530758
ECS,Europe & Central Asia,1996,12970.5621854783
ECS,Europe & Central Asia,1995,12729.1087220097
ECS,Europe & Central Asia,1994,10968.7352169064
ECS,Europe & Central Asia,1993,10514.3970320345
ECS,Europe & Central Asia,1992,11479.8595799327
ECS,Europe & Central Asia,1991,10761.2097886693
ECS,Europe & Central Asia,1990,10503.7600887222
ECS,Europe & Central Asia,1989,8638.08579673084
ECS,Europe & Central Asia,1988,8578.86232197136
ECS,Europe & Central Asia,1987,7753.65823640768
ECS,Europe & Central Asia,1986,6317.46979190386
ECS,Europe & Central Asia,1985,4660.79892730412
ECS,Europe & Central Asia,1984,4531.44554449241
ECS,Europe & Central Asia,1983,4743.13434507869
ECS,Europe & Central Asia,1982,4919.17634865688
ECS,Europe & Central Asia,1981,5133.20300462453
ECS,Europe & Central Asia,1980,5800.0999923975
ECS,Europe & Central Asia,1979,5166.99702067953
ECS,Europe & Central Asia,1978,4266.6192284735
ECS,Europe & Central Asia,1977,3504.40576500633
ECS,Europe & Central Asia,1976,3119.76103499952
ECS,Europe & Central Asia,1975,3022.55923905805
ECS,Europe & Central Asia,1974,2606.47479484068
ECS,Europe & Central Asia,1973,2323.92642120909
ECS,Europe & Central Asia,1972,1841.54086042791
ECS,Europe & Central Asia,1971,1548.86687234849
ECS,Europe & Central Asia,1970,1382.98022223485
ECS,Europe & Central Asia,1969,1239.64453676277
ECS,Europe & Central Asia,1968,1127.67964126318
ECS,Europe & Central Asia,1967,1080.27983327174
ECS,Europe & Central Asia,1966,1026.42666346038
ECS,Europe & Central Asia,1965,958.220815934017
ECS,Europe & Central Asia,1964,888.290830866809
ECS,Europe & Central Asia,1963,812.860454397552
ECS,Europe & Central Asia,1962,751.939726448177
ECS,Europe & Central Asia,1961,695.598965992194
ECS,Europe & Central Asia,1960,639.348631694984
ECA,Europe & Central Asia (excluding high income),2025,11117.61379372
ECA,Europe & Central Asia (excluding high income),2024,9801.70054676084
ECA,Europe & Central Asia (excluding high income),2023,8609.12296290637
ECA,Europe & Central Asia (excluding high income),2022,7264.37321853889
ECA,Europe & Central Asia (excluding high income),2021,6632.57221034255
ECA,Europe & Central Asia (excluding high income),2020,5734.46191312695
ECA,Europe & Central Asia (excluding high income),2019,6036.15175345642
ECA,Europe & Central Asia (excluding high income),2018,5947.15360517457
ECA,Europe & Central Asia (excluding high income),2017,6129.93083517607
ECA,Europe & Central Asia (excluding high income),2016,6023.54753164072
ECA,Europe & Central Asia (excluding high income),2015,6338.80741019255
ECA,Europe & Central Asia (excluding high income),2014,7334.84338588205
ECA,Europe & Central Asia (excluding high income),2013,7707.27955254226
ECA,Europe & Central Asia (excluding high income),2012,7126.81359535263
ECA,Europe & Central Asia (excluding high income),2011,6817.02366099691
ECA,Europe & Central Asia (excluding high income),2010,6044.40742137607
ECA,Europe & Central Asia (excluding high income),2009,5125.28238536429
ECA,Europe & Central Asia (excluding high income),2008,6191.2490187656
ECA,Europe & Central Asia (excluding high income),2007,5206.58156726071
ECA,Europe & Central Asia (excluding high income),2006,4142.51945509226
ECA,Europe & Central Asia (excluding high income),2005,3576.78042249065
ECA,Europe & Central Asia (excluding high income),2004,2883.61748103773
ECA,Europe & Central Asia (excluding high income),2003,2249.77906607995
ECA,Europe & Central Asia (excluding high income),2002,1771.95605994237
ECA,Europe & Central Asia (excluding high income),2001,1529.6291666061
ECA,Europe & Central Asia (excluding high income),2000,1790.79766009483
ECA,Europe & Central Asia (excluding high income),1999,1767.13891863606
ECA,Europe & Central Asia (excluding high income),1998,1940.96560638764
ECA,Europe & Central Asia (excluding high income),1997,1941.27899199953
ECA,Europe & Central Asia (excluding high income),1996,1830.62568184199
ECA,Europe & Central Asia (excluding high income),1995,1737.91189047557
ECA,Europe & Central Asia (excluding high income),1994,1239.77436517096
ECA,Europe & Central Asia (excluding high income),1993,1589.72540599857
ECA,Europe & Central Asia (excluding high income),1992,1549.08489003128
ECA,Europe & Central Asia (excluding high income),1991,1622.93793152318
ECA,Europe & Central Asia (excluding high income),1990,1700.96139909728
ECA,Europe & Central Asia (excluding high income),1989,1438.83894568217
ECA,Europe & Central Asia (excluding high income),1988,1284.38913135029
ECA,Europe & Central Asia (excluding high income),1987,1174.54445885687
TEC,Europe & Central Asia (IDA & IBRD countries),2025,15300.0702229683
TEC,Europe & Central Asia (IDA & IBRD countries),2024,13364.4486876078
TEC,Europe & Central Asia (IDA & IBRD countries),2023,12070.5942969794
TEC,Europe & Central Asia (IDA & IBRD countries),2022,11422.1622613514
TEC,Europe & Central Asia (IDA & IBRD countries),2021,9992.00521619821
TEC,Europe & Central Asia (IDA & IBRD countries),2020,8455.78453528889
TEC,Europe & Central Asia (IDA & IBRD countries),2019,9040.92665915657
TEC,Europe & Central Asia (IDA & IBRD countries),2018,8885.56352555245
TEC,Europe & Central Asia (IDA & IBRD countries),2017,8571.09823045668
TEC,Europe & Central Asia (IDA & IBRD countries),2016,7679.02768410566
TEC,Europe & Central Asia (IDA & IBRD countries),2015,8034.6842596255
TEC,Europe & Central Asia (IDA & IBRD countries),2014,10330.3982164695
TEC,Europe & Central Asia (IDA & IBRD countries),2013,10986.3954318467
TEC,Europe & Central Asia (IDA & IBRD countries),2012,10435.8086234655
TEC,Europe & Central Asia (IDA & IBRD countries),2011,10044.9046719064
TEC,Europe & Central Asia (IDA & IBRD countries),2010,8293.77511577841
TEC,Europe & Central Asia (IDA & IBRD countries),2009,7074.11060707405
TEC,Europe & Central Asia (IDA & IBRD countries),2008,8951.35076734201
TEC,Europe & Central Asia (IDA & IBRD countries),2007,7247.0818892658
TEC,Europe & Central Asia (IDA & IBRD countries),2006,5633.02971807333
TEC,Europe & Central Asia (IDA & IBRD countries),2005,4660.83802232756
TEC,Europe & Central Asia (IDA & IBRD countries),2004,3723.46934484203
TEC,Europe & Central Asia (IDA & IBRD countries),2003,2879.67149467058
TEC,Europe & Central Asia (IDA & IBRD countries),2002,2340.84304586083
TEC,Europe & Central Asia (IDA & IBRD countries),2001,2080.99745064169
TEC,Europe & Central Asia (IDA & IBRD countries),2000,2044.36249557921
TEC,Europe & Central Asia (IDA & IBRD countries),1999,1878.80070824489
TEC,Europe & Central Asia (IDA & IBRD countries),1998,2165.17962536191
TEC,Europe & Central Asia (IDA & IBRD countries),1997,2408.24273793154
TEC,Europe & Central Asia (IDA & IBRD countries),1996,2329.88113193067
TEC,Europe & Central Asia (IDA & IBRD countries),1995,2264.49360886538
TEC,Europe & Central Asia (IDA & IBRD countries),1994,1896.40732020919
TEC,Europe & Central Asia (IDA & IBRD countries),1993,2107.48545754442
TEC,Europe & Central Asia (IDA & IBRD countries),1992,2135.38646376765
TEC,Europe & Central Asia (IDA & IBRD countries),1991,2312.75033373274
TEC,Europe & Central Asia (IDA & IBRD countries),1990,2374.64061502214
TEC,Europe & Central Asia (IDA & IBRD countries),1989,2250.84506249372
TEC,Europe & Central Asia (IDA & IBRD countries),1988,2336.29183699385
EUU,European Union,2025,47089.1638419269
EUU,European Union,2024,43313.7668203916
EUU,European Union,2023,41566.8992410802
EUU,European Union,2022,38066.8240398192
EUU,European Union,2021,39206.9663368683
EUU,European Union,2020,34694.7105012203
EUU,European Union,2019,35374.1493923083
EUU,European Union,2018,36076.9018014875
EUU,European Union,2017,33394.5944932308
EUU,European Union,2016,31456.903580129
EUU,European Union,2015,30771.6635221374
EUU,European Union,2014,35590.1074295737
EUU,European Union,2013,34804.7359239781
EUU,European Union,2012,33324.7758491129
EUU,European Union,2011,35963.3218067157
EUU,European Union,2010,33119.5730126034
EUU,European Union,2009,33632.1592985196
EUU,European Union,2008,37160.0102168184
EUU,European Union,2007,33682.862816778
EUU,European Union,2006,29169.3897071187
EUU,European Union,2005,27400.009679177
EUU,European Union,2004,26335.8502555339
EUU,European Union,2003,22991.2367735241
EUU,European Union,2002,18773.5039434434
EUU,European Union,2001,17208.9035778997
EUU,European Union,2000,16956.0404946054
EUU,European Union,1999,18484.0156830483
EUU,European Union,1998,18600.0115487639
EUU,European Union,1997,18080.0132985066
EUU,European Union,1996,19740.4112006281
EUU,European Union,1995,19456.321194454
EUU,European Union,1994,16816.1645936426
EUU,European Union,1993,15902.3176943965
EUU,European Union,1992,17463.5343647004
EUU,European Union,1991,15946.1002306568
EUU,European Union,1990,15480.5584700599
EUU,European Union,1989,12421.7141092541
EUU,European Union,1988,12205.8232641158
EUU,European Union,1987,11152.9209457286
EUU,European Union,1986,9047.93960391575
EUU,European Union,1985,6495.44299726858
EUU,European Union,1984,6329.6590505825
EUU,European Union,1983,6583.82111509042
EUU,European Union,1982,6788.83741038596
EUU,European Union,1981,7058.62667171825
EUU,European Union,1980,8122.15330988813
EUU,European Union,1979,7293.96411516703
EUU,European Union,1978,6062.01605047007
EUU,European Union,1977,5000.51225440305
EUU,European Union,1976,4435.29965349951
EUU,European Union,1975,4256.76005699353
EUU,European Union,1974,3677.09541892068
EUU,European Union,1973,3267.80232103321
EUU,European Union,1972,2542.21183155868
EUU,European Union,1971,2122.17156085084
EUU,European Union,1970,1887.77749633401
EUU,European Union,1969,1678.55063816657
EUU,European Union,1968,1514.60782587261
EUU,European Union,1967,1421.38093263445
EUU,European Union,1966,1345.22835971921
EUU,European Union,1965,1252.49102200743
EUU,European Union,1964,1154.08410846131
EUU,European Union,1963,1049.5488972112
EUU,European Union,1962,963.654235980869
EUU,European Union,1961,879.391006217658
EUU,European Union,1960,797.717991213202
HPC,Heavily indebted poor countries (HIPC),2025,1331.89997509038
HPC,Heavily indebted poor countries (HIPC),2024,1220.84577070029
HPC,Heavily indebted poor countries (HIPC),2023,1157.85200500349
HPC,Heavily indebted poor countries (HIPC),2022,1123.26894975331
HPC,Heavily indebted poor countries (HIPC),2021,1062.58689269634
HPC,Heavily indebted poor countries (HIPC),2020,963.808519118256
HPC,Heavily indebted poor countries (HIPC),2019,984.553372875279
HPC,Heavily indebted poor countries (HIPC),2018,986.447970381036
HPC,Heavily indebted poor countries (HIPC),2017,944.105800649501
HPC,Heavily indebted poor countries (HIPC),2016,895.291971418288
HPC,Heavily indebted poor countries (HIPC),2015,917.924140878178
HPC,Heavily indebted poor countries (HIPC),2014,987.602359884364
HPC,Heavily indebted poor countries (HIPC),2013,961.217621514844
HPC,Heavily indebted poor countries (HIPC),2012,881.63617561985
HPC,Heavily indebted poor countries (HIPC),2011,873.650099679893
HPC,Heavily indebted poor countries (HIPC),2010,812.484497775064
HPC,Heavily indebted poor countries (HIPC),2009,765.227759350497
HPC,Heavily indebted poor countries (HIPC),2008,797.853979826874
HPC,Heavily indebted poor countries (HIPC),2007,688.798854303596
HPC,Heavily indebted poor countries (HIPC),2006,593.589508638215
HPC,Heavily indebted poor countries (HIPC),2005,520.051978903637
HPC,Heavily indebted poor countries (HIPC),2004,462.69284908131
HPC,Heavily indebted poor countries (HIPC),2003,413.081573267984
HPC,Heavily indebted poor countries (HIPC),2002,374.815740144912
HPC,Heavily indebted poor countries (HIPC),2001,355.439130988616
HPC,Heavily indebted poor countries (HIPC),2000,377.738635531548
HPC,Heavily indebted poor countries (HIPC),1999,359.326174564028
HPC,Heavily indebted poor countries (HIPC),1998,367.888388003025
HPC,Heavily indebted poor countries (HIPC),1997,365.61257140559
HPC,Heavily indebted poor countries (HIPC),1996,359.139742470642
HPC,Heavily indebted poor countries (HIPC),1995,337.839583299933
HPC,Heavily indebted poor countries (HIPC),1994,298.852695048567
HPC,Heavily indebted poor countries (HIPC),1993,360.050431569187
HPC,Heavily indebted poor countries (HIPC),1992,358.038553004339
HPC,Heavily indebted poor countries (HIPC),1991,485.05623017393
HPC,Heavily indebted poor countries (HIPC),1990,457.829149694357
HPC,Heavily indebted poor countries (HIPC),1989,409.711860406765
HPC,Heavily indebted poor countries (HIPC),1988,413.776472009513
HPC,Heavily indebted poor countries (HIPC),1987,404.225947860705
HPC,Heavily indebted poor countries (HIPC),1986,389.838399668656
HPC,Heavily indebted poor countries (HIPC),1985,435.291720245938
HPC,Heavily indebted poor countries (HIPC),1984,425.917203059698
HPC,Heavily indebted poor countries (HIPC),1983,429.683284769009
HPC,Heavily indebted poor countries (HIPC),1982,445.298953574144
HPC,Heavily indebted poor countries (HIPC),1981,451.785607360932
HPC,Heavily indebted poor countries (HIPC),1980,459.423485564514
HPC,Heavily indebted poor countries (HIPC),1979,424.966715814003
HPC,Heavily indebted poor countries (HIPC),1978,398.008725991835
HPC,Heavily indebted poor countries (HIPC),1977,351.678973087542
HPC,Heavily indebted poor countries (HIPC),1976,311.688860281571
HPC,Heavily indebted poor countries (HIPC),1975,298.682535585457
HPC,Heavily indebted poor countries (HIPC),1974,272.641449401477
HPC,Heavily indebted poor countries (HIPC),1973,237.978702842718
HPC,Heavily indebted poor countries (HIPC),1972,199.762645646964
HPC,Heavily indebted poor countries (HIPC),1971,184.580649440083
HPC,Heavily indebted poor countries (HIPC),1970,175.837293005171
HPC,Heavily indebted poor countries (HIPC),1969,187.113862042076
HPC,Heavily indebted poor countries (HIPC),1968,174.716839762085
HPC,Heavily indebted poor countries (HIPC),1967,166.584461806847
HPC,Heavily indebted poor countries (HIPC),1966,173.528494549855
HPC,Heavily indebted poor countries (HIPC),1965,164.193309394188
HPC,Heavily indebted poor countries (HIPC),1964,148.883973198222
HPC,Heavily indebted poor countries (HIPC),1963,164.108821020145
HPC,Heavily indebted poor countries (HIPC),1962,143.210707106404
HPC,Heavily indebted poor countries (HIPC),1961,134.982100905992
HPC,Heavily indebted poor countries (HIPC),1960,133.966706552334
,High income,2025,53997.2579539931
,High income,2024,50907.2761474674
,High income,2023,49141.5400740302
,High income,2022,47056.4874992383
,High income,2021,45545.9474677756
,High income,2020,40453.9686533276
,High income,2019,41570.3760789982
,High income,2018,41295.6262218527
,High income,2017,38970.4660370017
,High income,2016,37232.2355227355
,High income,2015,36734.6310227088
,High income,2014,39576.1363506592
,High income,2013,39099.8824050102
,High income,2012,38756.7592855469
,High income,2011,38837.3278350951
,High income,2010,35833.7115834135
,High income,2009,34160.3443365118
,High income,2008,36948.6937394895
,High income,2007,34703.2215480124
,High income,2006,31743.3108447684
,High income,2005,30080.7834726251
,High income,2004,28482.3042788075
,High income,2003,25642.0998662756
,High income,2002,22974.3592654579
,High income,2001,22129.0189979774
,High income,2000,22428.1726072309
,High income,1999,22013.5780601712
,High income,1998,21128.265507888
,High income,1997,21308.6065181459
,High income,1996,21791.1991160631
,High income,1995,21739.9319298831
,High income,1994,19720.3175871797
,High income,1993,18549.9752077281
,High income,1992,18533.1621649982
,High income,1991,17431.5724536724
,High income,1990,16636.4892295512
,High income,1989,14952.8323588626
,High income,1988,14461.0324091605
,High income,1987,12932.5461891018
,High income,1986,11227.3834467229
,High income,1985,9299.05109519506
,High income,1984,8919.82922866066
,High income,1983,8611.95690854169
,High income,1982,8391.40363012421
,High income,1981,8537.57496050414
,High income,1980,8474.01441100501
,High income,1979,7652.3565490127
,High income,1978,6677.23314203314
,High income,1977,5604.01744747437
,High income,1976,4988.94295390305
,High income,1975,4617.80429809259
,High income,1974,4174.52891466863
,High income,1973,3724.02876595768
,High income,1972,3097.15802810705
,High income,1971,2691.13957190777
,High income,1970,2448.68072079549
,High income,1969,2251.31103536381
,High income,1968,2061.77922534071
,High income,1967,1918.49117738741
,High income,1966,1812.92731613899
,High income,1965,1673.40567192883
,High income,1964,1557.2422754082
,High income,1963,1441.78056642276
,High income,1962,1356.6339159265
,High income,1961,1269.99482092477
,High income,1960,1205.22806652384
IBD,IBRD only,2025,8599.35834895508
IBD,IBRD only,2024,8186.57476056638
IBD,IBRD only,2023,7892.13359236419
IBD,IBRD only,2022,7679.78639337735
IBD,IBRD only,2021,7312.40590533832
IBD,IBRD only,2020,6189.46595997499
IBD,IBRD only,2019,6474.8042775296
IBD,IBRD only,2018,6392.20731313147
IBD,IBRD only,2017,6053.47287028012
IBD,IBRD only,2016,5535.21577803788
IBD,IBRD only,2015,5546.81934137697
IBD,IBRD only,2014,5950.16216217417
IBD,IBRD only,2013,5846.25966334365
IBD,IBRD only,2012,5618.13811823482
IBD,IBRD only,2011,5343.53397444837
IBD,IBRD only,2010,4561.8882339923
IBD,IBRD only,2009,3790.75249729841
IBD,IBRD only,2008,3945.34608241117
IBD,IBRD only,2007,3321.08172264245
IBD,IBRD only,2006,2700.5584752855
IBD,IBRD only,2005,2300.5584330495
IBD,IBRD only,2004,1947.23507651148
IBD,IBRD only,2003,1652.80727671574
IBD,IBRD only,2002,1487.72265916078
IBD,IBRD only,2001,1481.39214433174
IBD,IBRD only,2000,1477.69267353361
IBD,IBRD only,1999,1374.62300047243
IBD,IBRD only,1998,1428.92524053517
IBD,IBRD only,1997,1506.90776939703
IBD,IBRD only,1996,1440.00849018033
IBD,IBRD only,1995,1337.83553415736
IBD,IBRD only,1994,1179.81975453589
IBD,IBRD only,1993,1084.94374892749
IBD,IBRD only,1992,1034.41259415271
IBD,IBRD only,1991,1005.73004680055
IBD,IBRD only,1990,1053.45072478615
IBD,IBRD only,1989,954.464067296265
IBD,IBRD only,1988,932.994545666515
IBD,IBRD only,1987,889.10854643521
IBD,IBRD only,1986,879.140839428233
IBD,IBRD only,1985,862.944689311166
IBD,IBRD only,1984,846.292077467512
IBD,IBRD only,1983,832.951095722323
IBD,IBRD only,1982,859.460989228226
IBD,IBRD only,1981,889.046214731184
IBD,IBRD only,1980,843.159134442134
IBD,IBRD only,1979,723.356206283053
IBD,IBRD only,1978,630.671323719161
IBD,IBRD only,1977,581.100597841974
IBD,IBRD only,1976,522.497363421526
IBD,IBRD only,1975,490.774676105766
IBD,IBRD only,1974,463.676979463642
IBD,IBRD only,1973,374.160026012392
IBD,IBRD only,1972,294.871805358005
IBD,IBRD only,1971,267.423501050215
IBD,IBRD only,1970,251.050475278576
IBD,IBRD only,1969,236.007665606016
IBD,IBRD only,1968,216.355742640155
IBD,IBRD only,1967,208.907878487767
IBD,IBRD only,1966,207.834649788943
IBD,IBRD only,1965,205.898219023485
IBD,IBRD only,1964,192.149068090934
IBD,IBRD only,1963,173.489255061673
IBD,IBRD only,1962,160.980506039824
IBD,IBRD only,1961,161.855676270183
IBD,IBRD only,1960,161.748943873011
IBT,IDA & IBRD total,2025,6613.2094697403
IBT,IDA & IBRD total,2024,6304.3969997243
IBT,IDA & IBRD total,2023,6126.38809068241
IBT,IDA & IBRD total,2022,6024.32591287554
IBT,IDA & IBRD total,2021,5754.17990139813
IBT,IDA & IBRD total,2020,4923.39708871472
IBT,IDA & IBRD total,2019,5168.03480575859
IBT,IDA & IBRD total,2018,5085.0801851085
IBT,IDA & IBRD total,2017,4833.02970118676
IBT,IDA & IBRD total,2016,4450.00988856601
IBT,IDA & IBRD total,2015,4477.24409653758
IBT,IDA & IBRD total,2014,4804.51316862211
IBT,IDA & IBRD total,2013,4717.03916410479
IBT,IDA & IBRD total,2012,4533.14634719975
IBT,IDA & IBRD total,2011,4326.07595088347
IBT,IDA & IBRD total,2010,3717.27572230721
IBT,IDA & IBRD total,2009,3109.97518704155
IBT,IDA & IBRD total,2008,3246.16083645656
IBT,IDA & IBRD total,2007,2742.89733889853
IBT,IDA & IBRD total,2006,2247.88945009061
IBT,IDA & IBRD total,2005,1919.85540188438
IBT,IDA & IBRD total,2004,1633.26981850024
IBT,IDA & IBRD total,2003,1392.51743382731
IBT,IDA & IBRD total,2002,1256.74155740893
IBT,IDA & IBRD total,2001,1248.9779659314
IBT,IDA & IBRD total,2000,1251.89644845646
IBT,IDA & IBRD total,1999,1162.82107447661
IBT,IDA & IBRD total,1998,1239.94882005864
IBT,IDA & IBRD total,1997,1301.14093691898
IBT,IDA & IBRD total,1996,1248.05283536482
IBT,IDA & IBRD total,1995,1156.83287913201
IBT,IDA & IBRD total,1994,1018.02309960695
IBT,IDA & IBRD total,1993,943.632238221337
IBT,IDA & IBRD total,1992,902.964360597351
IBT,IDA & IBRD total,1991,893.277467173485
IBT,IDA & IBRD total,1990,927.838550786246
IBT,IDA & IBRD total,1989,841.799632361908
IBT,IDA & IBRD total,1988,827.030176671926
IBT,IDA & IBRD total,1987,790.653323081828
IBT,IDA & IBRD total,1986,782.786069382439
IBT,IDA & IBRD total,1985,782.660340827467
IBT,IDA & IBRD total,1984,769.527853950415
IBT,IDA & IBRD total,1983,768.748521968735
IBT,IDA & IBRD total,1982,810.928183080302
IBT,IDA & IBRD total,1981,844.790702346523
IBT,IDA & IBRD total,1980,770.291763967715
IBT,IDA & IBRD total,1979,661.566325026004
IBT,IDA & IBRD total,1978,579.285108154482
IBT,IDA & IBRD total,1977,532.974911440672
IBT,IDA & IBRD total,1976,482.392960154396
IBT,IDA & IBRD total,1975,456.033410452092
IBT,IDA & IBRD total,1974,426.399311708127
IBT,IDA & IBRD total,1973,342.873848755811
IBT,IDA & IBRD total,1972,274.410454453283
IBT,IDA & IBRD total,1971,250.851417465398
IBT,IDA & IBRD total,1970,238.185751843073
IBT,IDA & IBRD total,1969,223.354172954701
IBT,IDA & IBRD total,1968,204.723933311041
IBT,IDA & IBRD total,1967,197.80838585386
IBT,IDA & IBRD total,1966,197.328213739843
IBT,IDA & IBRD total,1965,194.342999141353
IBT,IDA & IBRD total,1964,180.928622051344
IBT,IDA & IBRD total,1963,166.776501468963
IBT,IDA & IBRD total,1962,154.760358502002
IBT,IDA & IBRD total,1961,154.367928654215
IBT,IDA & IBRD total,1960,153.658770810606
IDB,IDA blend,2025,1841.20446420685
IDB,IDA blend,2024,1658.96290902751
IDB,IDA blend,2023,1922.68195677238
IDB,IDA blend,2022,2241.22931753571
IDB,IDA blend,2021,2148.31628647273
IDB,IDA blend,2020,2014.81189013082
IDB,IDA blend,2019,2210.55539131628
IDB,IDA blend,2018,1873.7385939606
IDB,IDA blend,2017,1808.86674135882
IDB,IDA blend,2016,1810.82104602308
IDB,IDA blend,2015,1967.8941145813
IDB,IDA blend,2014,2113.88702279641
IDB,IDA blend,2013,1985.51999918718
IDB,IDA blend,2012,1858.79619423645
IDB,IDA blend,2011,1719.51377446132
IDB,IDA blend,2010,1546.66486887393
IDB,IDA blend,2009,1350.16810895914
IDB,IDA blend,2008,1479.93269655131
IDB,IDA blend,2007,1296.2173611862
IDB,IDA blend,2006,1148.89181901573
IDB,IDA blend,2005,957.944483664019
IDB,IDA blend,2004,837.139763788514
IDB,IDA blend,2003,712.277506392089
IDB,IDA blend,2002,644.972024028045
IDB,IDA blend,2001,602.892871771324
IDB,IDA blend,2000,619.821306061985
IDB,IDA blend,1999,530.021605991589
IDB,IDA blend,1998,964.268672872189
IDB,IDA blend,1997,943.89510994302
IDB,IDA blend,1996,925.698418754674
IDB,IDA blend,1995,774.076600795021
IDB,IDA blend,1994,568.239663876701
IDB,IDA blend,1993,535.686222828689
IDB,IDA blend,1992,519.434174296556
IDB,IDA blend,1991,549.405337140446
IDB,IDA blend,1990,529.418516423727
IDB,IDA blend,1989,493.693837000496
IDB,IDA blend,1988,524.159879819327
IDB,IDA blend,1987,518.767841753053
IDB,IDA blend,1986,519.243541042603
IDB,IDA blend,1985,579.675398817695
IDB,IDA blend,1984,595.172664448521
IDB,IDA blend,1983,708.403751993462
IDB,IDA blend,1982,953.542282534373
IDB,IDA blend,1981,1078.43779172704
IDB,IDA blend,1980,612.367671988237
IDB,IDA blend,1979,501.251164783132
IDB,IDA blend,1978,424.361812850224
IDB,IDA blend,1977,396.757447467945
IDB,IDA blend,1976,380.02709800709
IDB,IDA blend,1975,325.432942756318
IDB,IDA blend,1974,289.637202081357
IDB,IDA blend,1973,209.703032954816
IDB,IDA blend,1972,198.632670859861
IDB,IDA blend,1971,181.605754029018
IDB,IDA blend,1970,198.686299060025
IDB,IDA blend,1969,151.273009043362
IDB,IDA blend,1968,136.60097571423
IDB,IDA blend,1967,132.035396916859
IDB,IDA blend,1966,134.372492786507
IDB,IDA blend,1965,126.606835909544
IDB,IDA blend,1964,120.301169372577
IDB,IDA blend,1963,112.550598209092
IDB,IDA blend,1962,108.527202243478
IDB,IDA blend,1961,104.274532558611
IDB,IDA blend,1960,99.630086640168
IDX,IDA only,2025,1484.11159862857
IDX,IDA only,2024,1395.67575971244
IDX,IDA only,2023,1330.08005697828
IDX,IDA only,2022,1333.98547158611
IDX,IDA only,2021,1257.78054041357
IDX,IDA only,2020,1172.52623503626
IDX,IDA only,2019,1187.14057928369
IDX,IDA only,2018,1159.99786764696
IDX,IDA only,2017,1111.6681922431
IDX,IDA only,2016,1054.71572764683
IDX,IDA only,2015,1024.03892548547
IDX,IDA only,2014,1049.90073249233
IDX,IDA only,2013,1006.28967463937
IDX,IDA only,2012,945.920267718204
IDX,IDA only,2011,961.703390548921
IDX,IDA only,2010,877.931098861538
IDX,IDA only,2009,784.649862360077
IDX,IDA only,2008,791.399137322918
IDX,IDA only,2007,667.193009421069
IDX,IDA only,2006,574.088143326774
IDX,IDA only,2005,507.282797445149
IDX,IDA only,2004,449.904326574615
IDX,IDA only,2003,405.965046031424
IDX,IDA only,2002,369.922434331718
IDX,IDA only,2001,356.699060688205
IDX,IDA only,2000,373.051251961926
IDX,IDA only,1999,345.941493745268
IDX,IDA only,1998,344.631431908226
IDX,IDA only,1997,342.673098732758
IDX,IDA only,1996,335.77328583852
IDX,IDA only,1995,326.466238897902
IDX,IDA only,1994,322.939159286334
IDX,IDA only,1993,336.008982483225
IDX,IDA only,1992,330.839597372872
IDX,IDA only,1991,408.36749317152
IDX,IDA only,1990,384.274460421494
IDX,IDA only,1989,342.887489750185
IDX,IDA only,1988,339.246461355546
IDX,IDA only,1987,326.122328598705
IDX,IDA only,1986,322.594473666495
IDX,IDA only,1985,371.128029491811
IDX,IDA only,1984,360.113993407762
IDX,IDA only,1983,361.493281789514
IDX,IDA only,1982,369.743481038436
IDX,IDA only,1981,373.409963363689
IDX,IDA only,1980,365.327888218087
IDX,IDA only,1979,330.297837782829
IDX,IDA only,1978,310.496030310799
IDX,IDA only,1977,276.230970322983
IDX,IDA only,1976,257.297938296456
IDX,IDA only,1975,278.359863454777
IDX,IDA only,1974,239.903711265147
IDX,IDA only,1973,196.95650435364
IDX,IDA only,1972,167.230362879486
IDX,IDA only,1971,165.050576760796
IDX,IDA only,1970,159.488529922422
IDX,IDA only,1969,165.707926746714
IDX,IDA only,1968,152.652438556096
IDX,IDA only,1967,148.153251695021
IDX,IDA only,1966,149.667665450542
IDX,IDA only,1965,142.913170244646
IDX,IDA only,1964,128.569169093208
IDX,IDA only,1963,140.445032044762
IDX,IDA only,1962,128.005933916882
IDX,IDA only,1961,121.579634598404
IDX,IDA only,1960,118.855034932979
IDA,IDA total,2025,1608.08422318374
IDA,IDA total,2024,1487.2803211344
IDA,IDA total,2023,1536.73358897841
IDA,IDA total,2022,1651.01916315494
IDA,IDA total,2021,1569.43031809587
IDA,IDA total,2020,1467.74475406134
IDA,IDA total,2019,1546.57261928545
IDA,IDA total,2018,1411.20738303305
IDA,IDA total,2017,1357.47789528252
IDA,IDA total,2016,1321.74768141485
IDA,IDA total,2015,1357.9051932623
IDA,IDA total,2014,1426.50032692763
IDA,IDA total,2013,1352.92860920219
IDA,IDA total,2012,1268.90303240531
IDA,IDA total,2011,1229.70549062646
IDA,IDA total,2010,1114.11982511932
IDA,IDA total,2009,983.967184072154
IDA,IDA total,2008,1033.53201301258
IDA,IDA total,2007,888.098620952193
IDA,IDA total,2006,775.720250575223
IDA,IDA total,2005,664.968624835506
IDA,IDA total,2004,585.169295585171
IDA,IDA total,2003,512.591796853946
IDA,IDA total,2002,465.592286036378
IDA,IDA total,2001,442.155782696439
IDA,IDA total,2000,458.450137815774
IDA,IDA total,1999,409.120311050721
IDA,IDA total,1998,562.035768974593
IDA,IDA total,1997,553.28408384609
IDA,IDA total,1996,542.179389989098
IDA,IDA total,1995,482.466076552497
IDA,IDA total,1994,407.473154884272
IDA,IDA total,1993,404.338000670561
IDA,IDA total,1992,395.285753593956
IDA,IDA total,1991,455.440848252384
IDA,IDA total,1990,432.75805991946
IDA,IDA total,1989,393.778570156872
IDA,IDA total,1988,402.529844183473
IDA,IDA total,1987,392.115702784662
IDA,IDA total,1986,389.741864955306
IDA,IDA total,1985,441.756024157099
IDA,IDA total,1984,439.906129191806
IDA,IDA total,1983,480.669795619203
IDA,IDA total,1982,572.142509086273
IDA,IDA total,1981,617.156818381701
IDA,IDA total,1980,447.321785050284
IDA,IDA total,1979,385.480697608168
IDA,IDA total,1978,345.884958973913
IDA,IDA total,1977,314.174300610757
IDA,IDA total,1976,296.023875558597
IDA,IDA total,1975,290.739107044365
IDA,IDA total,1974,253.641197543831
IDA,IDA total,1973,198.587898945866
IDA,IDA total,1972,175.628141067543
IDA,IDA total,1971,168.378278580986
IDA,IDA total,1970,170.564837608184
IDA,IDA total,1969,157.512077018646
IDA,IDA total,1968,144.117215216153
IDA,IDA total,1967,139.674952354661
IDA,IDA total,1966,141.452516179299
IDA,IDA total,1965,134.456067409978
IDA,IDA total,1964,123.244146013201
IDA,IDA total,1963,127.891101453532
IDA,IDA total,1962,118.683655877752
IDA,IDA total,1961,113.150098774185
IDA,IDA total,1960,109.787913812862
LTE,Late-demographic dividend,2025,13677.3231696707
LTE,Late-demographic dividend,2024,12874.6436381177
LTE,Late-demographic dividend,2023,12427.24971376
LTE,Late-demographic dividend,2022,12287.4566066286
LTE,Late-demographic dividend,2021,11760.0897155889
LTE,Late-demographic dividend,2020,9874.06805462328
LTE,Late-demographic dividend,2019,10120.4663725773
LTE,Late-demographic dividend,2018,9966.8758096194
LTE,Late-demographic dividend,2017,9138.44151395876
LTE,Late-demographic dividend,2016,8297.33628667142
LTE,Late-demographic dividend,2015,8331.63288950883
LTE,Late-demographic dividend,2014,8923.25719295961
LTE,Late-demographic dividend,2013,8644.25759929064
LTE,Late-demographic dividend,2012,8073.2092545931
LTE,Late-demographic dividend,2011,7598.75700554996
LTE,Late-demographic dividend,2010,6277.14833950582
LTE,Late-demographic dividend,2009,5245.34288910066
LTE,Late-demographic dividend,2008,5453.26292482574
LTE,Late-demographic dividend,2007,4409.30545340337
LTE,Late-demographic dividend,2006,3519.25786036637
LTE,Late-demographic dividend,2005,2933.48126780409
LTE,Late-demographic dividend,2004,2447.19375720562
LTE,Late-demographic dividend,2003,2048.6554132749
LTE,Late-demographic dividend,2002,1809.49031464168
LTE,Late-demographic dividend,2001,1717.76267736624
LTE,Late-demographic dividend,2000,1673.00080694053
LTE,Late-demographic dividend,1999,1535.05536307576
LTE,Late-demographic dividend,1998,1675.38148049528
LTE,Late-demographic dividend,1997,1754.32009008299
LTE,Late-demographic dividend,1996,1691.02600024159
LTE,Late-demographic dividend,1995,1548.57473266806
LTE,Late-demographic dividend,1994,1262.70484955784
LTE,Late-demographic dividend,1993,1099.45841793046
LTE,Late-demographic dividend,1992,1067.83962817928
LTE,Late-demographic dividend,1991,1059.6882498038
LTE,Late-demographic dividend,1990,1067.64969437387
LTE,Late-demographic dividend,1989,1049.34686889866
LTE,Late-demographic dividend,1988,998.906795985413
LTE,Late-demographic dividend,1987,929.691895988642
LTE,Late-demographic dividend,1986,894.265931224779
LTE,Late-demographic dividend,1985,854.182675514425
LTE,Late-demographic dividend,1984,801.809907520868
LTE,Late-demographic dividend,1983,779.02367754234
LTE,Late-demographic dividend,1982,854.111467346759
LTE,Late-demographic dividend,1981,859.656279454842
LTE,Late-demographic dividend,1980,831.839452779223
LTE,Late-demographic dividend,1979,735.599273281876
LTE,Late-demographic dividend,1978,626.874709146104
LTE,Late-demographic dividend,1977,611.262213859799
LTE,Late-demographic dividend,1976,534.778655672375
LTE,Late-demographic dividend,1975,503.969476455644
LTE,Late-demographic dividend,1974,464.457427454189
LTE,Late-demographic dividend,1973,394.050619218148
LTE,Late-demographic dividend,1972,309.627169079448
LTE,Late-demographic dividend,1971,274.911999787032
LTE,Late-demographic dividend,1970,252.968920601534
LTE,Late-demographic dividend,1969,227.738636825374
LTE,Late-demographic dividend,1968,209.15347109733
LTE,Late-demographic dividend,1967,210.323395626906
LTE,Late-demographic dividend,1966,214.103604689147
LTE,Late-demographic dividend,1965,196.895582225193
LTE,Late-demographic dividend,1964,179.619703898045
LTE,Late-demographic dividend,1963,167.434426139905
LTE,Late-demographic dividend,1962,157.031326239272
LTE,Late-demographic dividend,1961,156.146682194533
LTE,Late-demographic dividend,1960,168.323707428564
LCN,Latin America & Caribbean,2025,11095.2176548294
LCN,Latin America & Caribbean,2024,10705.1067802788
LCN,Latin America & Caribbean,2023,10507.6138782353
LCN,Latin America & Caribbean,2022,9412.05924553392
LCN,Latin America & Caribbean,2021,8292.15210222359
LCN,Latin America & Caribbean,2020,7169.39235876452
LCN,Latin America & Caribbean,2019,8539.95940708219
LCN,Latin America & Caribbean,2018,8778.55673829884
LCN,Latin America & Caribbean,2017,9065.82390216762
LCN,Latin America & Caribbean,2016,8241.51169070648
LCN,Latin America & Caribbean,2015,8546.9179023802
LCN,Latin America & Caribbean,2014,10146.146495038
LCN,Latin America & Caribbean,2013,10305.4184021496
LCN,Latin America & Caribbean,2012,10328.6495660788
LCN,Latin America & Caribbean,2011,10334.0365238871
LCN,Latin America & Caribbean,2010,9183.55248272126
LCN,Latin America & Caribbean,2009,7495.05965615866
LCN,Latin America & Caribbean,2008,8077.96531899755
LCN,Latin America & Caribbean,2007,7035.79956287181
LCN,Latin America & Caribbean,2006,6047.73392908046
LCN,Latin America & Caribbean,2005,5229.89898576251
LCN,Latin America & Caribbean,2004,4385.89830635252
LCN,Latin America & Caribbean,2003,3862.13749613595
LCN,Latin America & Caribbean,2002,3839.19614822294
LCN,Latin America & Caribbean,2001,4326.63992053347
LCN,Latin America & Caribbean,2000,4472.58411072464
LCN,Latin America & Caribbean,1999,4110.68199542748
LCN,Latin America & Caribbean,1998,4618.20513526671
LCN,Latin America & Caribbean,1997,4634.23732680623
LCN,Latin America & Caribbean,1996,4294.36511838964
LCN,Latin America & Caribbean,1995,4035.54735251588
LCN,Latin America & Caribbean,1994,3793.9216892115
LCN,Latin America & Caribbean,1993,3303.33661640606
LCN,Latin America & Caribbean,1992,2841.12826756989
LCN,Latin America & Caribbean,1991,2648.10158385713
LCN,Latin America & Caribbean,1990,2498.3093493781
LCN,Latin America & Caribbean,1989,2298.34871040257
LCN,Latin America & Caribbean,1988,2121.45481028863
LCN,Latin America & Caribbean,1987,1972.15072096827
LCN,Latin America & Caribbean,1986,1874.46810480242
LCN,Latin America & Caribbean,1985,1888.88682742982
LCN,Latin America & Caribbean,1984,1950.31316641886
LCN,Latin America & Caribbean,1983,1893.26387904857
LCN,Latin America & Caribbean,1982,2191.99176179976
LCN,Latin America & Caribbean,1981,2434.06469447761
LCN,Latin America & Caribbean,1980,2177.72885550078
LCN,Latin America & Caribbean,1979,1830.95351268298
LCN,Latin America & Caribbean,1978,1668.77653940299
LCN,Latin America & Caribbean,1977,1426.21061591747
LCN,Latin America & Caribbean,1976,1328.45565107
LCN,Latin America & Caribbean,1975,1239.54020223487
LCN,Latin America & Caribbean,1974,1210.2875133117
LCN,Latin America & Caribbean,1973,956.596604012625
LCN,Latin America & Caribbean,1972,736.596933520759
LCN,Latin America & Caribbean,1971,670.81819746698
LCN,Latin America & Caribbean,1970,616.282248304898
LCN,Latin America & Caribbean,1969,579.03874491164
LCN,Latin America & Caribbean,1968,531.647636972749
LCN,Latin America & Caribbean,1967,508.219971424475
LCN,Latin America & Caribbean,1966,511.397055065929
LCN,Latin America & Caribbean,1965,476.958080545918
LCN,Latin America & Caribbean,1964,455.987313679447
LCN,Latin America & Caribbean,1963,421.718907665391
LCN,Latin America & Caribbean,1962,398.845935134346
LCN,Latin America & Caribbean,1961,390.200342093402
LCN,Latin America & Caribbean,1960,362.351253560787
LAC,Latin America & Caribbean (excluding high income),2025,10407.4817975955
LAC,Latin America & Caribbean (excluding high income),2024,10065.5029056612
LAC,Latin America & Caribbean (excluding high income),2023,9891.4632795533
LAC,Latin America & Caribbean (excluding high income),2022,8838.67169511547
LAC,Latin America & Caribbean (excluding high income),2021,7694.61136917625
LAC,Latin America & Caribbean (excluding high income),2020,6651.15822114273
LAC,Latin America & Caribbean (excluding high income),2019,8006.02224102566
LAC,Latin America & Caribbean (excluding high income),2018,8231.91428708974
LAC,Latin America & Caribbean (excluding high income),2017,8568.05689042807
LAC,Latin America & Caribbean (excluding high income),2016,7751.59336930245
LAC,Latin America & Caribbean (excluding high income),2015,8087.33242325425
LAC,Latin America & Caribbean (excluding high income),2014,9758.39172353217
LAC,Latin America & Caribbean (excluding high income),2013,9901.44144000481
LAC,Latin America & Caribbean (excluding high income),2012,9967.79376326951
LAC,Latin America & Caribbean (excluding high income),2011,10025.1749134261
LAC,Latin America & Caribbean (excluding high income),2010,8899.0906686542
LAC,Latin America & Caribbean (excluding high income),2009,7221.64357521268
LAC,Latin America & Caribbean (excluding high income),2008,7812.5897626227
LAC,Latin America & Caribbean (excluding high income),2007,6758.18967480352
LAC,Latin America & Caribbean (excluding high income),2006,5770.60290833363
LAC,Latin America & Caribbean (excluding high income),2005,4984.72783651475
LAC,Latin America & Caribbean (excluding high income),2004,4155.65949507287
LAC,Latin America & Caribbean (excluding high income),2003,3662.99926133031
LAC,Latin America & Caribbean (excluding high income),2002,3657.85196421423
LAC,Latin America & Caribbean (excluding high income),2001,4163.09141082413
LAC,Latin America & Caribbean (excluding high income),2000,4315.31686378392
LAC,Latin America & Caribbean (excluding high income),1999,3943.31466505042
LAC,Latin America & Caribbean (excluding high income),1998,4475.19866588809
LAC,Latin America & Caribbean (excluding high income),1997,4501.26562956772
LAC,Latin America & Caribbean (excluding high income),1996,4173.97747745976
LAC,Latin America & Caribbean (excluding high income),1995,3913.74945087913
LAC,Latin America & Caribbean (excluding high income),1994,3703.52210509094
LAC,Latin America & Caribbean (excluding high income),1993,3211.20878581133
LAC,Latin America & Caribbean (excluding high income),1992,2735.86952757135
LAC,Latin America & Caribbean (excluding high income),1991,2561.22013789974
LAC,Latin America & Caribbean (excluding high income),1990,2423.82986300179
LAC,Latin America & Caribbean (excluding high income),1989,2228.26093610375
LAC,Latin America & Caribbean (excluding high income),1988,2053.80828007333
LAC,Latin America & Caribbean (excluding high income),1987,1906.99426944263
LAC,Latin America & Caribbean (excluding high income),1986,1819.20564778169
LAC,Latin America & Caribbean (excluding high income),1985,1838.96310656191
LAC,Latin America & Caribbean (excluding high income),1984,1900.58758928767
LAC,Latin America & Caribbean (excluding high income),1983,1842.82063942281
LAC,Latin America & Caribbean (excluding high income),1982,2152.99185369304
LAC,Latin America & Caribbean (excluding high income),1981,2365.71669078025
LAC,Latin America & Caribbean (excluding high income),1980,2109.80426472087
LAC,Latin America & Caribbean (excluding high income),1979,1784.0652353296
LAC,Latin America & Caribbean (excluding high income),1978,1645.83201941826
LAC,Latin America & Caribbean (excluding high income),1977,1402.34054899762
LAC,Latin America & Caribbean (excluding high income),1976,1317.61428921495
LAC,Latin America & Caribbean (excluding high income),1975,1235.05171380781
LAC,Latin America & Caribbean (excluding high income),1974,1175.51650604504
LAC,Latin America & Caribbean (excluding high income),1973,906.079748538235
LAC,Latin America & Caribbean (excluding high income),1972,698.240016948192
LAC,Latin America & Caribbean (excluding high income),1971,631.895250915575
LAC,Latin America & Caribbean (excluding high income),1970,584.490263726572
LAC,Latin America & Caribbean (excluding high income),1969,550.121043604474
LAC,Latin America & Caribbean (excluding high income),1968,507.406750341654
LAC,Latin America & Caribbean (excluding high income),1967,483.778541601199
LAC,Latin America & Caribbean (excluding high income),1966,487.232783994426
LAC,Latin America & Caribbean (excluding high income),1965,455.05384098511
LAC,Latin America & Caribbean (excluding high income),1964,433.457006414054
LAC,Latin America & Caribbean (excluding high income),1963,400.543110187606
LAC,Latin America & Caribbean (excluding high income),1962,375.205542721483
LAC,Latin America & Caribbean (excluding high income),1961,371.073435975522
LAC,Latin America & Caribbean (excluding high income),1960,346.536269017856
TLA,Latin America & the Caribbean (IDA & IBRD countries),2025,10822.5929247606
TLA,Latin America & the Caribbean (IDA & IBRD countries),2024,10441.4685782421
TLA,Latin America & the Caribbean (IDA & IBRD countries),2023,10259.5487208892
TLA,Latin America & the Caribbean (IDA & IBRD countries),2022,9177.79711881332
TLA,Latin America & the Caribbean (IDA & IBRD countries),2021,8076.87634033776
TLA,Latin America & the Caribbean (IDA & IBRD countries),2020,6965.15053129735
TLA,Latin America & the Caribbean (IDA & IBRD countries),2019,8363.2081656376
TLA,Latin America & the Caribbean (IDA & IBRD countries),2018,8620.65095771156
TLA,Latin America & the Caribbean (IDA & IBRD countries),2017,8918.58515585187
TLA,Latin America & the Caribbean (IDA & IBRD countries),2016,8082.0851229591
TLA,Latin America & the Caribbean (IDA & IBRD countries),2015,8404.04978849744
TLA,Latin America & the Caribbean (IDA & IBRD countries),2014,10059.0239257076
TLA,Latin America & the Caribbean (IDA & IBRD countries),2013,10230.3626492605
TLA,Latin America & the Caribbean (IDA & IBRD countries),2012,10261.7354879621
TLA,Latin America & the Caribbean (IDA & IBRD countries),2011,10277.434412177
TLA,Latin America & the Caribbean (IDA & IBRD countries),2010,9115.37372505227
TLA,Latin America & the Caribbean (IDA & IBRD countries),2009,7386.60044484214
TLA,Latin America & the Caribbean (IDA & IBRD countries),2008,7989.38012096582
TLA,Latin America & the Caribbean (IDA & IBRD countries),2007,6927.88293213364
TLA,Latin America & the Caribbean (IDA & IBRD countries),2006,5926.88235769307
TLA,Latin America & the Caribbean (IDA & IBRD countries),2005,5103.97071369353
TLA,Latin America & the Caribbean (IDA & IBRD countries),2004,4252.8384478077
TLA,Latin America & the Caribbean (IDA & IBRD countries),2003,3728.7274317918
TLA,Latin America & the Caribbean (IDA & IBRD countries),2002,3714.37478753607
TLA,Latin America & the Caribbean (IDA & IBRD countries),2001,4222.97448407526
TLA,Latin America & the Caribbean (IDA & IBRD countries),2000,4388.92619654046
TLA,Latin America & the Caribbean (IDA & IBRD countries),1999,4029.14285007531
TLA,Latin America & the Caribbean (IDA & IBRD countries),1998,4563.93952667197
TLA,Latin America & the Caribbean (IDA & IBRD countries),1997,4593.58561869128
TLA,Latin America & the Caribbean (IDA & IBRD countries),1996,4255.85859434658
TLA,Latin America & the Caribbean (IDA & IBRD countries),1995,3983.20860877186
TLA,Latin America & the Caribbean (IDA & IBRD countries),1994,3744.60852665502
TLA,Latin America & the Caribbean (IDA & IBRD countries),1993,3258.75748628284
TLA,Latin America & the Caribbean (IDA & IBRD countries),1992,2787.66132657122
TLA,Latin America & the Caribbean (IDA & IBRD countries),1991,2587.87278904436
TLA,Latin America & the Caribbean (IDA & IBRD countries),1990,2425.77128166682
TLA,Latin America & the Caribbean (IDA & IBRD countries),1989,2227.77365185419
TLA,Latin America & the Caribbean (IDA & IBRD countries),1988,2047.52068815623
TLA,Latin America & the Caribbean (IDA & IBRD countries),1987,1903.50395165055
TLA,Latin America & the Caribbean (IDA & IBRD countries),1986,1809.28901937081
TLA,Latin America & the Caribbean (IDA & IBRD countries),1985,1830.61775316861
TLA,Latin America & the Caribbean (IDA & IBRD countries),1984,1893.10260985086
TLA,Latin America & the Caribbean (IDA & IBRD countries),1983,1843.39314383712
TLA,Latin America & the Caribbean (IDA & IBRD countries),1982,2155.75302223233
TLA,Latin America & the Caribbean (IDA & IBRD countries),1981,2409.70040368266
TLA,Latin America & the Caribbean (IDA & IBRD countries),1980,2149.04242467187
TLA,Latin America & the Caribbean (IDA & IBRD countries),1979,1795.7362545953
TLA,Latin America & the Caribbean (IDA & IBRD countries),1978,1637.65497516773
TLA,Latin America & the Caribbean (IDA & IBRD countries),1977,1400.74505217605
TLA,Latin America & the Caribbean (IDA & IBRD countries),1976,1302.9384934649
TLA,Latin America & the Caribbean (IDA & IBRD countries),1975,1214.74981069201
TLA,Latin America & the Caribbean (IDA & IBRD countries),1974,1190.2218432487
TLA,Latin America & the Caribbean (IDA & IBRD countries),1973,932.782273310876
TLA,Latin America & the Caribbean (IDA & IBRD countries),1972,712.288818801421
TLA,Latin America & the Caribbean (IDA & IBRD countries),1971,649.767246609577
TLA,Latin America & the Caribbean (IDA & IBRD countries),1970,598.981483850136
TLA,Latin America & the Caribbean (IDA & IBRD countries),1969,563.384415455481
TLA,Latin America & the Caribbean (IDA & IBRD countries),1968,517.782198082886
TLA,Latin America & the Caribbean (IDA & IBRD countries),1967,495.819431061317
TLA,Latin America & the Caribbean (IDA & IBRD countries),1966,500.490414071407
TLA,Latin America & the Caribbean (IDA & IBRD countries),1965,467.011193441283
TLA,Latin America & the Caribbean (IDA & IBRD countries),1964,447.159736530697
TLA,Latin America & the Caribbean (IDA & IBRD countries),1963,413.595959689434
TLA,Latin America & the Caribbean (IDA & IBRD countries),1962,391.53698854492
TLA,Latin America & the Caribbean (IDA & IBRD countries),1961,383.827979445883
TLA,Latin America & the Caribbean (IDA & IBRD countries),1960,356.537386441434
LDC,Least developed countries: UN classification,2025,1361.99182021439
LDC,Least developed countries: UN classification,2024,1299.44368873396
LDC,Least developed countries: UN classification,2023,1258.15690309732
LDC,Least developed countries: UN classification,2022,1298.29338219278
LDC,Least developed countries: UN classification,2021,1175.42321388464
LDC,Least developed countries: UN classification,2020,1089.46260850363
LDC,Least developed countries: UN classification,2019,1106.28664072321
LDC,Least developed countries: UN classification,2018,1082.35070462921
LDC,Least developed countries: UN classification,2017,1037.25514816682
LDC,Least developed countries: UN classification,2016,968.123330592586
LDC,Least developed countries: UN classification,2015,983.414934367096
LDC,Least developed countries: UN classification,2014,1056.97673052647
LDC,Least developed countries: UN classification,2013,1007.4142967268
LDC,Least developed countries: UN classification,2012,947.852167260893
LDC,Least developed countries: UN classification,2011,925.476117160599
LDC,Least developed countries: UN classification,2010,831.843840698341
LDC,Least developed countries: UN classification,2009,751.965080386192
LDC,Least developed countries: UN classification,2008,778.954486616236
LDC,Least developed countries: UN classification,2007,648.873362581636
LDC,Least developed countries: UN classification,2006,552.997930938455
LDC,Least developed countries: UN classification,2005,487.477531865706
LDC,Least developed countries: UN classification,2004,420.034056451314
LDC,Least developed countries: UN classification,2003,373.857895132539
LDC,Least developed countries: UN classification,2002,338.101121320549
LDC,Least developed countries: UN classification,2001,314.11849513558
LDC,Least developed countries: UN classification,2000,333.541041289596
LDC,Least developed countries: UN classification,1999,300.944574802293
LDC,Least developed countries: UN classification,1998,299.817612566461
LDC,Least developed countries: UN classification,1997,302.953511426786
LDC,Least developed countries: UN classification,1996,298.077112381066
LDC,Least developed countries: UN classification,1995,290.053130894973
LDC,Least developed countries: UN classification,1994,290.352446525595
LDC,Least developed countries: UN classification,1993,304.198341423041
LDC,Least developed countries: UN classification,1992,302.272140277671
LDC,Least developed countries: UN classification,1991,392.291938916016
LDC,Least developed countries: UN classification,1990,370.954181294574
LDC,Least developed countries: UN classification,1989,330.835393222728
LDC,Least developed countries: UN classification,1988,316.12797408634
LDC,Least developed countries: UN classification,1987,295.36954701283
LDC,Least developed countries: UN classification,1986,284.998178528197
LDC,Least developed countries: UN classification,1985,335.835759424172
LDC,Least developed countries: UN classification,1984,315.583325090303
LDC,Least developed countries: UN classification,1983,319.024909088276
LDC,Least developed countries: UN classification,1982,331.824481969528
LDC,Least developed countries: UN classification,1981,336.85693074901
LDC,Least developed countries: UN classification,1980,336.855325735765
LDC,Least developed countries: UN classification,1979,311.056417773023
LDC,Least developed countries: UN classification,1978,291.319025049249
LDC,Least developed countries: UN classification,1977,253.736842257577
LDC,Least developed countries: UN classification,1976,236.036509098143
LDC,Least developed countries: UN classification,1975,262.478610232322
LDC,Least developed countries: UN classification,1974,223.517287490178
LDC,Least developed countries: UN classification,1973,184.237256343317
LDC,Least developed countries: UN classification,1972,155.405071532939
LDC,Least developed countries: UN classification,1971,153.861229649558
LDC,Least developed countries: UN classification,1970,149.895641995657
LDC,Least developed countries: UN classification,1969,158.848410280512
LDC,Least developed countries: UN classification,1968,147.363964508368
LDC,Least developed countries: UN classification,1967,141.691989744899
LDC,Least developed countries: UN classification,1966,143.017770435106
LDC,Least developed countries: UN classification,1965,134.599122961223
LDC,Least developed countries: UN classification,1964,122.69210467338
LDC,Least developed countries: UN classification,1963,138.563145455916
LDC,Least developed countries: UN classification,1962,123.632711503687
LDC,Least developed countries: UN classification,1961,116.997843226282
LDC,Least developed countries: UN classification,1960,114.605323272093
LMY,Low & middle income,2025,6107.26169428605
LMY,Low & middle income,2024,5874.03080372303
LMY,Low & middle income,2023,5733.51584469729
LMY,Low & middle income,2022,5626.6962378216
LMY,Low & middle income,2021,5422.11312035073
LMY,Low & middle income,2020,4646.47209072865
LMY,Low & middle income,2019,4857.12471542798
LMY,Low & middle income,2018,4773.03574184686
LMY,Low & middle income,2017,4543.08689291431
LMY,Low & middle income,2016,4211.54702250163
LMY,Low & middle income,2015,4223.77742891002
LMY,Low & middle income,2014,4422.77737437186
LMY,Low & middle income,2013,4290.6132325261
LMY,Low & middle income,2012,4118.30612372108
LMY,Low & middle income,2011,3921.45366982115
LMY,Low & middle income,2010,3399.2509126603
LMY,Low & middle income,2009,2835.65326081723
LMY,Low & middle income,2008,2864.71513254652
LMY,Low & middle income,2007,2438.533897181
LMY,Low & middle income,2006,2012.45292596824
LMY,Low & middle income,2005,1731.57858565204
LMY,Low & middle income,2004,1485.19021783787
LMY,Low & middle income,2003,1282.06751065817
LMY,Low & middle income,2002,1165.81880007426
LMY,Low & middle income,2001,1166.62849081531
LMY,Low & middle income,2000,1181.58700856793
LMY,Low & middle income,1999,1101.63338383235
LMY,Low & middle income,1998,1160.8360989041
LMY,Low & middle income,1997,1200.56241483523
LMY,Low & middle income,1996,1148.1225434349
LMY,Low & middle income,1995,1055.30366355064
LMY,Low & middle income,1994,924.731785794211
LMY,Low & middle income,1993,841.852362946097
LMY,Low & middle income,1992,794.124390582735
LMY,Low & middle income,1991,771.06850884093
LMY,Low & middle income,1990,806.156402212642
LMY,Low & middle income,1989,717.898021418917
LMY,Low & middle income,1988,688.773785699482
LMY,Low & middle income,1987,657.037222237304
LMY,Low & middle income,1986,654.069666681158
LMY,Low & middle income,1985,654.902415424914
LMY,Low & middle income,1984,643.837202725843
LMY,Low & middle income,1983,642.997932468269
LMY,Low & middle income,1982,677.138453556191
LMY,Low & middle income,1981,700.992891872221
LMY,Low & middle income,1980,639.296337624093
LMY,Low & middle income,1979,552.117618376588
LMY,Low & middle income,1978,485.638951276794
LMY,Low & middle income,1977,446.932337212771
LMY,Low & middle income,1976,406.15178384792
LMY,Low & middle income,1975,385.028205713154
LMY,Low & middle income,1974,356.497839028839
LMY,Low & middle income,1973,285.438380753686
LMY,Low & middle income,1972,229.60966062126
LMY,Low & middle income,1971,209.600231521514
LMY,Low & middle income,1970,199.600168713001
LMY,Low & middle income,1969,187.436303901688
LMY,Low & middle income,1968,172.201909201443
LMY,Low & middle income,1967,166.42115872292
LMY,Low & middle income,1966,166.051239642797
LMY,Low & middle income,1965,164.100746392231
LMY,Low & middle income,1964,152.571318162911
LMY,Low & middle income,1963,140.737786193714
LMY,Low & middle income,1962,130.241264537201
LMY,Low & middle income,1961,130.466129959941
LMY,Low & middle income,1960,130.445726150185
,Low income,2025,837.360634569252
,Low income,2024,808.500564579264
,Low income,2023,765.64916597333
,Low income,2022,778.915065676706
,Low income,2021,694.087880017057
,Low income,2020,645.138571127662
,Low income,2019,671.117139517642
,Low income,2018,661.14729086377
,Low income,2017,644.852308695691
,Low income,2016,633.777355522048
,Low income,2015,714.836450326294
,Low income,2014,749.407669788052
,Low income,2013,719.03356976024
,Low income,2012,715.265721382674
,Low income,2011,774.510492109023
,Low income,2010,736.837102872641
,Low income,2009,682.919304926707
,Low income,2008,712.253935519919
,Low income,2007,607.256208483496
,Low income,2006,513.580915416891
,Low income,2005,453.224271956859
,Low income,2004,383.840853294896
,Low income,2003,337.323217701076
,Low income,2002,312.033046088699
,Low income,2001,291.602896137735
,Low income,2000,317.461777868995
,Low income,1999,264.176050946326
,Low income,1998,270.211721206871
,Low income,1997,274.712277315598
,Low income,1996,265.267480986036
,Low income,1995,282.542685749559
,Low income,1994,314.947539798859
,Low income,1993,346.467164068642
,Low income,1992,330.494269335454
,Low income,1991,491.390738889374
,Low income,1990,449.934759490484
,Low income,1989,376.787522576108
,Low income,1988,358.236490845927
,Low income,1987,341.881137583379
,Low income,1986,333.894297181337
,Low income,1985,327.782949918721
,Low income,1984,348.316312837851
,Low income,1983,365.284489997506
,Low income,1982,385.56021270693
,Low income,1981,390.966958258284
,Low income,1980,388.467904077152
,Low income,1979,357.35941708565
,Low income,1978,345.973773503555
,Low income,1977,307.478761388632
,Low income,1976,273.169230302436
,Low income,1975,265.581200362499
,Low income,1974,235.118971175471
,Low income,1973,196.384695517729
,Low income,1972,169.488077913941
,Low income,1971,156.13207698822
,Low income,1970,145.015474024328
,Low income,1969,143.894282668197
,Low income,1968,128.861530526209
,Low income,1967,122.163490333872
,Low income,1966,129.818125183888
,Low income,1965,126.133859481467
,Low income,1964,111.139805041547
,Low income,1963,140.645615542261
,Low income,1962,115.74171554182
,Low income,1961,106.031171549161
,Low income,1960,107.153556696049
,Lower middle income,2025,2481.42751777184
,Lower middle income,2024,2354.1541763908
,Lower middle income,2023,2319.95481547486
,Lower middle income,2022,2347.99329840156
,Lower middle income,2021,2251.14460096524
,Lower middle income,2020,1996.97695544468
,Lower middle income,2019,2116.20506959362
,Lower middle income,2018,1986.83702598126
,Lower middle income,2017,1943.04862156303
,Lower middle income,2016,1817.03211621924
,Lower middle income,2015,1780.68853695471
,Lower middle income,2014,1855.45211743703
,Lower middle income,2013,1766.55759690392
,Lower middle income,2012,1756.27092877802
,Lower middle income,2011,1685.54076561724
,Lower middle income,2010,1586.51468644818
,Lower middle income,2009,1349.05081824823
,Lower middle income,2008,1311.6253263276
,Lower middle income,2007,1194.21832017754
,Lower middle income,2006,988.797129298747
,Lower middle income,2005,854.63462964185
,Lower middle income,2004,750.45634984079
,Lower middle income,2003,654.795104843531
,Lower middle income,2002,592.915988893375
,Lower middle income,2001,590.256241725203
,Lower middle income,2000,591.6158736036
,Lower middle income,1999,562.29043428173
,Lower middle income,1998,627.222802552067
,Lower middle income,1997,614.245330733698
,Lower middle income,1996,589.911633186186
,Lower middle income,1995,536.749658838337
,Lower middle income,1994,456.966306444545
,Lower middle income,1993,423.056997423715
,Lower middle income,1992,431.670718574749
,Lower middle income,1991,424.485298452257
,Lower middle income,1990,454.963869408772
,Lower middle income,1989,426.801274030018
,Lower middle income,1988,447.325093404859
,Lower middle income,1987,431.080404840739
,Lower middle income,1986,422.441993690922
,Lower middle income,1985,441.538895261386
,Lower middle income,1984,422.946584361626
,Lower middle income,1983,456.837724032862
,Lower middle income,1982,490.656084290504
,Lower middle income,1981,507.826162155321
,Lower middle income,1980,420.980120750597
,Lower middle income,1979,353.154565256607
,Lower middle income,1978,311.659626280902
,Lower middle income,1977,283.633916686133
,Lower middle income,1976,258.521713558218
,Lower middle income,1975,249.677251303999
,Lower middle income,1974,234.41651334387
,Lower middle income,1973,191.363221327154
,Lower middle income,1972,166.753199833009
,Lower middle income,1971,160.011942830239
,Lower middle income,1970,156.695208919208
,Lower middle income,1969,144.87706963037
,Lower middle income,1968,134.928371419395
,Lower middle income,1967,130.12906294126
,Lower middle income,1966,124.958611754718
,Lower middle income,1965,140.710986854499
,Lower middle income,1964,135.467543770462
,Lower middle income,1963,126.246512021309
,Lower middle income,1962,116.733621762956
,Lower middle income,1961,112.326607367472
,Lower middle income,1960,108.275586183065
MEA,"Middle East, North Africa, Afghanistan & Pakistan",2025,6202.19002141299
MEA,"Middle East, North Africa, Afghanistan & Pakistan",2024,6275.43469598207
MEA,"Middle East, North Africa, Afghanistan & Pakistan",2023,6144.70308054742
MEA,"Middle East, North Africa, Afghanistan & Pakistan",2022,6436.74030312288
MEA,"Middle East, North Africa, Afghanistan & Pakistan",2021,5622.19134191977
MEA,"Middle East, North Africa, Afghanistan & Pakistan",2020,4749.14341262891
MEA,"Middle East, North Africa, Afghanistan & Pakistan",2019,5416.06362418233
MEA,"Middle East, North Africa, Afghanistan & Pakistan",2018,5550.31969384997
MEA,"Middle East, North Africa, Afghanistan & Pakistan",2017,5283.42471158364
MEA,"Middle East, North Africa, Afghanistan & Pakistan",2016,5130.21030038801
MEA,"Middle East, North Africa, Afghanistan & Pakistan",2015,5130.25978607342
MEA,"Middle East, North Africa, Afghanistan & Pakistan",2014,5814.71484290247
MEA,"Middle East, North Africa, Afghanistan & Pakistan",2013,5871.07008125381
MEA,"Middle East, North Africa, Afghanistan & Pakistan",2012,6052.38238208124
MEA,"Middle East, North Africa, Afghanistan & Pakistan",2011,5735.78283895152
MEA,"Middle East, North Africa, Afghanistan & Pakistan",2010,4874.74374602995
MEA,"Middle East, North Africa, Afghanistan & Pakistan",2009,4261.00104677278
MEA,"Middle East, North Africa, Afghanistan & Pakistan",2008,4838.92296020983
MEA,"Middle East, North Africa, Afghanistan & Pakistan",2007,4009.6538543062
MEA,"Middle East, North Africa, Afghanistan & Pakistan",2006,3482.13613849624
MEA,"Middle East, North Africa, Afghanistan & Pakistan",2005,3050.54818555888
MEA,"Middle East, North Africa, Afghanistan & Pakistan",2004,2623.96338362197
MEA,"Middle East, North Africa, Afghanistan & Pakistan",2003,2279.27390627646
MEA,"Middle East, North Africa, Afghanistan & Pakistan",2002,2092.42649543325
MEA,"Middle East, North Africa, Afghanistan & Pakistan",2001,2152.65763807858
MEA,"Middle East, North Africa, Afghanistan & Pakistan",2000,2220.17760810318
MEA,"Middle East, North Africa, Afghanistan & Pakistan",1999,1974.72512174751
MEA,"Middle East, North Africa, Afghanistan & Pakistan",1998,1868.35065041968
MEA,"Middle East, North Africa, Afghanistan & Pakistan",1997,1954.37937585732
MEA,"Middle East, North Africa, Afghanistan & Pakistan",1996,1918.23389436435
MEA,"Middle East, North Africa, Afghanistan & Pakistan",1995,1775.34234828612
MEA,"Middle East, North Africa, Afghanistan & Pakistan",1994,1643.03794043181
MEA,"Middle East, North Africa, Afghanistan & Pakistan",1993,1598.13502545136
MEA,"Middle East, North Africa, Afghanistan & Pakistan",1992,1751.90899816556
MEA,"Middle East, North Africa, Afghanistan & Pakistan",1991,1708.79382675855
MEA,"Middle East, North Africa, Afghanistan & Pakistan",1990,2183.44230721402
MEA,"Middle East, North Africa, Afghanistan & Pakistan",1989,1756.36670264943
MEA,"Middle East, North Africa, Afghanistan & Pakistan",1988,1755.69263514938
MEA,"Middle East, North Africa, Afghanistan & Pakistan",1987,1810.54216765841
MEA,"Middle East, North Africa, Afghanistan & Pakistan",1986,2000.35003119441
MEA,"Middle East, North Africa, Afghanistan & Pakistan",1985,2039.10477468142
MEA,"Middle East, North Africa, Afghanistan & Pakistan",1984,2068.79799053592
MEA,"Middle East, North Africa, Afghanistan & Pakistan",1983,2113.53523107294
MEA,"Middle East, North Africa, Afghanistan & Pakistan",1982,2156.08168267356
MEA,"Middle East, North Africa, Afghanistan & Pakistan",1981,2219.59982205437
MEA,"Middle East, North Africa, Afghanistan & Pakistan",1980,2223.88082538005
MEA,"Middle East, North Africa, Afghanistan & Pakistan",1979,1784.95609197504
MEA,"Middle East, North Africa, Afghanistan & Pakistan",1978,1415.93404840373
MEA,"Middle East, North Africa, Afghanistan & Pakistan",1977,1373.83724500947
MEA,"Middle East, North Africa, Afghanistan & Pakistan",1976,1220.71978506766
MEA,"Middle East, North Africa, Afghanistan & Pakistan",1975,1013.0914832137
MEA,"Middle East, North Africa, Afghanistan & Pakistan",1974,949.582090979261
MEA,"Middle East, North Africa, Afghanistan & Pakistan",1973,537.976111709781
MEA,"Middle East, North Africa, Afghanistan & Pakistan",1972,425.116995033682
MEA,"Middle East, North Africa, Afghanistan & Pakistan",1971,370.976758247625
MEA,"Middle East, North Africa, Afghanistan & Pakistan",1970,334.663204231292
MEA,"Middle East, North Africa, Afghanistan & Pakistan",1969,304.572399686208
MEA,"Middle East, North Africa, Afghanistan & Pakistan",1968,282.264965532988
MEA,"Middle East, North Africa, Afghanistan & Pakistan",1967,255.421030574157
MEA,"Middle East, North Africa, Afghanistan & Pakistan",1966,241.817862474893
MEA,"Middle East, North Africa, Afghanistan & Pakistan",1965,230.925056098501
MEA,"Middle East, North Africa, Afghanistan & Pakistan",1964,215.746522050912
MEA,"Middle East, North Africa, Afghanistan & Pakistan",1963,198.844712873022
MEA,"Middle East, North Africa, Afghanistan & Pakistan",1962,185.290797518838
MEA,"Middle East, North Africa, Afghanistan & Pakistan",1961,191.182492157885
MEA,"Middle East, North Africa, Afghanistan & Pakistan",1960,183.764112558961
MNA,"Middle East, North Africa, Afghanistan & Pakistan (excluding high income)",2025,2829.12883889291
MNA,"Middle East, North Africa, Afghanistan & Pakistan (excluding high income)",2024,2963.06913716955
MNA,"Middle East, North Africa, Afghanistan & Pakistan (excluding high income)",2023,2872.39008505083
MNA,"Middle East, North Africa, Afghanistan & Pakistan (excluding high income)",2022,3022.54814280134
MNA,"Middle East, North Africa, Afghanistan & Pakistan (excluding high income)",2021,2760.50031198582
MNA,"Middle East, North Africa, Afghanistan & Pakistan (excluding high income)",2020,2415.26254491139
MNA,"Middle East, North Africa, Afghanistan & Pakistan (excluding high income)",2019,2701.71325265282
MNA,"Middle East, North Africa, Afghanistan & Pakistan (excluding high income)",2018,2815.3901774218
MNA,"Middle East, North Africa, Afghanistan & Pakistan (excluding high income)",2017,2865.83515636992
MNA,"Middle East, North Africa, Afghanistan & Pakistan (excluding high income)",2016,2869.01813118566
MNA,"Middle East, North Africa, Afghanistan & Pakistan (excluding high income)",2015,2808.6233441937
MNA,"Middle East, North Africa, Afghanistan & Pakistan (excluding high income)",2014,3079.70398875281
MNA,"Middle East, North Africa, Afghanistan & Pakistan (excluding high income)",2013,3153.94010992027
MNA,"Middle East, North Africa, Afghanistan & Pakistan (excluding high income)",2012,3417.92480806409
MNA,"Middle East, North Africa, Afghanistan & Pakistan (excluding high income)",2011,3237.8356313737
MNA,"Middle East, North Africa, Afghanistan & Pakistan (excluding high income)",2010,2821.50866622906
MNA,"Middle East, North Africa, Afghanistan & Pakistan (excluding high income)",2009,2515.92356926376
MNA,"Middle East, North Africa, Afghanistan & Pakistan (excluding high income)",2008,2658.20562971484
MNA,"Middle East, North Africa, Afghanistan & Pakistan (excluding high income)",2007,2237.26190656626
MNA,"Middle East, North Africa, Afghanistan & Pakistan (excluding high income)",2006,1883.12072392022
MNA,"Middle East, North Africa, Afghanistan & Pakistan (excluding high income)",2005,1657.11019014742
MNA,"Middle East, North Africa, Afghanistan & Pakistan (excluding high income)",2004,1463.04140886351
MNA,"Middle East, North Africa, Afghanistan & Pakistan (excluding high income)",2003,1263.87606211705
MNA,"Middle East, North Africa, Afghanistan & Pakistan (excluding high income)",2002,1168.52531612381
MNA,"Middle East, North Africa, Afghanistan & Pakistan (excluding high income)",2001,1226.17513564007
MNA,"Middle East, North Africa, Afghanistan & Pakistan (excluding high income)",2000,1247.47233601948
MNA,"Middle East, North Africa, Afghanistan & Pakistan (excluding high income)",1999,1137.92232780385
MNA,"Middle East, North Africa, Afghanistan & Pakistan (excluding high income)",1998,1075.35859730551
MNA,"Middle East, North Africa, Afghanistan & Pakistan (excluding high income)",1997,1077.33623098311
MNA,"Middle East, North Africa, Afghanistan & Pakistan (excluding high income)",1996,1058.06607863895
MNA,"Middle East, North Africa, Afghanistan & Pakistan (excluding high income)",1995,977.954473591564
MNA,"Middle East, North Africa, Afghanistan & Pakistan (excluding high income)",1994,899.269793329172
MNA,"Middle East, North Africa, Afghanistan & Pakistan (excluding high income)",1993,877.44497876498
MNA,"Middle East, North Africa, Afghanistan & Pakistan (excluding high income)",1992,1022.14274597846
MNA,"Middle East, North Africa, Afghanistan & Pakistan (excluding high income)",1991,1024.13992357305
MNA,"Middle East, North Africa, Afghanistan & Pakistan (excluding high income)",1990,1555.05827495603
MNA,"Middle East, North Africa, Afghanistan & Pakistan (excluding high income)",1989,1191.0619516203
MNA,"Middle East, North Africa, Afghanistan & Pakistan (excluding high income)",1988,1221.34786900913
MNA,"Middle East, North Africa, Afghanistan & Pakistan (excluding high income)",1987,1297.3641585796
MNA,"Middle East, North Africa, Afghanistan & Pakistan (excluding high income)",1986,1527.50087171456
MNA,"Middle East, North Africa, Afghanistan & Pakistan (excluding high income)",1985,1465.40188873874
MNA,"Middle East, North Africa, Afghanistan & Pakistan (excluding high income)",1984,1407.14205625715
MNA,"Middle East, North Africa, Afghanistan & Pakistan (excluding high income)",1983,1390.23697794951
MNA,"Middle East, North Africa, Afghanistan & Pakistan (excluding high income)",1982,1310.02447202537
MNA,"Middle East, North Africa, Afghanistan & Pakistan (excluding high income)",1981,1208.89717487505
MNA,"Middle East, North Africa, Afghanistan & Pakistan (excluding high income)",1980,1276.99663142297
MNA,"Middle East, North Africa, Afghanistan & Pakistan (excluding high income)",1979,1084.26572066026
MNA,"Middle East, North Africa, Afghanistan & Pakistan (excluding high income)",1978,898.680264388604
MNA,"Middle East, North Africa, Afghanistan & Pakistan (excluding high income)",1977,862.385504920389
MNA,"Middle East, North Africa, Afghanistan & Pakistan (excluding high income)",1976,768.946324439149
MNA,"Middle East, North Africa, Afghanistan & Pakistan (excluding high income)",1975,642.068951576742
MNA,"Middle East, North Africa, Afghanistan & Pakistan (excluding high income)",1974,575.34702598065
MNA,"Middle East, North Africa, Afghanistan & Pakistan (excluding high income)",1973,384.787511210848
MNA,"Middle East, North Africa, Afghanistan & Pakistan (excluding high income)",1972,320.73276946258
MNA,"Middle East, North Africa, Afghanistan & Pakistan (excluding high income)",1971,290.07154706159
MNA,"Middle East, North Africa, Afghanistan & Pakistan (excluding high income)",1970,263.507081147404
MNA,"Middle East, North Africa, Afghanistan & Pakistan (excluding high income)",1969,241.191037384305
MNA,"Middle East, North Africa, Afghanistan & Pakistan (excluding high income)",1968,223.001762284153
MNA,"Middle East, North Africa, Afghanistan & Pakistan (excluding high income)",1967,204.177075160077
MNA,"Middle East, North Africa, Afghanistan & Pakistan (excluding high income)",1966,191.099330751863
MNA,"Middle East, North Africa, Afghanistan & Pakistan (excluding high income)",1965,183.832655397804
MNA,"Middle East, North Africa, Afghanistan & Pakistan (excluding high income)",1964,170.270677096944
MNA,"Middle East, North Africa, Afghanistan & Pakistan (excluding high income)",1963,156.510635823466
MNA,"Middle East, North Africa, Afghanistan & Pakistan (excluding high income)",1962,145.831668701834
MNA,"Middle East, North Africa, Afghanistan & Pakistan (excluding high income)",1961,146.972007361003
MNA,"Middle East, North Africa, Afghanistan & Pakistan (excluding high income)",1960,144.528783673114
TMN,"Middle East, North Africa, Afghanistan & Pakistan (IDA & IBRD)",2025,2826.65540584536
TMN,"Middle East, North Africa, Afghanistan & Pakistan (IDA & IBRD)",2024,2962.60094580465
TMN,"Middle East, North Africa, Afghanistan & Pakistan (IDA & IBRD)",2023,2867.14499885351
TMN,"Middle East, North Africa, Afghanistan & Pakistan (IDA & IBRD)",2022,3017.03706401547
TMN,"Middle East, North Africa, Afghanistan & Pakistan (IDA & IBRD)",2021,2754.03924421055
TMN,"Middle East, North Africa, Afghanistan & Pakistan (IDA & IBRD)",2020,2409.54729126605
TMN,"Middle East, North Africa, Afghanistan & Pakistan (IDA & IBRD)",2019,2695.09130976796
TMN,"Middle East, North Africa, Afghanistan & Pakistan (IDA & IBRD)",2018,2810.24942028442
TMN,"Middle East, North Africa, Afghanistan & Pakistan (IDA & IBRD)",2017,2860.68231685818
TMN,"Middle East, North Africa, Afghanistan & Pakistan (IDA & IBRD)",2016,2864.53445831005
TMN,"Middle East, North Africa, Afghanistan & Pakistan (IDA & IBRD)",2015,2805.48695611112
TMN,"Middle East, North Africa, Afghanistan & Pakistan (IDA & IBRD)",2014,3077.87148288398
TMN,"Middle East, North Africa, Afghanistan & Pakistan (IDA & IBRD)",2013,3152.86009912184
TMN,"Middle East, North Africa, Afghanistan & Pakistan (IDA & IBRD)",2012,3420.25908562298
TMN,"Middle East, North Africa, Afghanistan & Pakistan (IDA & IBRD)",2011,3240.2024082126
TMN,"Middle East, North Africa, Afghanistan & Pakistan (IDA & IBRD)",2010,2823.25407911922
TMN,"Middle East, North Africa, Afghanistan & Pakistan (IDA & IBRD)",2009,2518.05377845565
TMN,"Middle East, North Africa, Afghanistan & Pakistan (IDA & IBRD)",2008,2662.28112447526
TMN,"Middle East, North Africa, Afghanistan & Pakistan (IDA & IBRD)",2007,2240.98839135161
TMN,"Middle East, North Africa, Afghanistan & Pakistan (IDA & IBRD)",2006,1885.14874832022
TMN,"Middle East, North Africa, Afghanistan & Pakistan (IDA & IBRD)",2005,1657.84291463325
TMN,"Middle East, North Africa, Afghanistan & Pakistan (IDA & IBRD)",2004,1463.30459081335
TMN,"Middle East, North Africa, Afghanistan & Pakistan (IDA & IBRD)",2003,1263.9157454015
TMN,"Middle East, North Africa, Afghanistan & Pakistan (IDA & IBRD)",2002,1168.60409646318
TMN,"Middle East, North Africa, Afghanistan & Pakistan (IDA & IBRD)",2001,1225.47782863822
TMN,"Middle East, North Africa, Afghanistan & Pakistan (IDA & IBRD)",2000,1246.01970518845
TMN,"Middle East, North Africa, Afghanistan & Pakistan (IDA & IBRD)",1999,1135.62755562768
TMN,"Middle East, North Africa, Afghanistan & Pakistan (IDA & IBRD)",1998,1072.89061364339
TMN,"Middle East, North Africa, Afghanistan & Pakistan (IDA & IBRD)",1997,1075.367768169
TMN,"Middle East, North Africa, Afghanistan & Pakistan (IDA & IBRD)",1996,1056.46578583751
TMN,"Middle East, North Africa, Afghanistan & Pakistan (IDA & IBRD)",1995,975.846138276511
TMN,"Middle East, North Africa, Afghanistan & Pakistan (IDA & IBRD)",1994,897.479717233544
TMN,"Middle East, North Africa, Afghanistan & Pakistan (IDA & IBRD)",1993,875.599089613293
TMN,"Middle East, North Africa, Afghanistan & Pakistan (IDA & IBRD)",1992,1019.88704661056
TMN,"Middle East, North Africa, Afghanistan & Pakistan (IDA & IBRD)",1991,1021.78047565076
TMN,"Middle East, North Africa, Afghanistan & Pakistan (IDA & IBRD)",1990,1551.33182518395
TMN,"Middle East, North Africa, Afghanistan & Pakistan (IDA & IBRD)",1989,1181.70229419064
TMN,"Middle East, North Africa, Afghanistan & Pakistan (IDA & IBRD)",1988,1211.75021740014
TMN,"Middle East, North Africa, Afghanistan & Pakistan (IDA & IBRD)",1987,1287.16915229189
TMN,"Middle East, North Africa, Afghanistan & Pakistan (IDA & IBRD)",1986,1515.49739459625
TMN,"Middle East, North Africa, Afghanistan & Pakistan (IDA & IBRD)",1985,1453.88640068481
TMN,"Middle East, North Africa, Afghanistan & Pakistan (IDA & IBRD)",1984,1396.08438827983
TMN,"Middle East, North Africa, Afghanistan & Pakistan (IDA & IBRD)",1983,1379.31215423068
TMN,"Middle East, North Africa, Afghanistan & Pakistan (IDA & IBRD)",1982,1299.72997788428
TMN,"Middle East, North Africa, Afghanistan & Pakistan (IDA & IBRD)",1981,1199.39736387939
TMN,"Middle East, North Africa, Afghanistan & Pakistan (IDA & IBRD)",1980,1266.96167816744
TMN,"Middle East, North Africa, Afghanistan & Pakistan (IDA & IBRD)",1979,1075.74529425061
TMN,"Middle East, North Africa, Afghanistan & Pakistan (IDA & IBRD)",1978,891.618214088001
TMN,"Middle East, North Africa, Afghanistan & Pakistan (IDA & IBRD)",1977,855.608667756394
TMN,"Middle East, North Africa, Afghanistan & Pakistan (IDA & IBRD)",1976,762.903755311021
TMN,"Middle East, North Africa, Afghanistan & Pakistan (IDA & IBRD)",1975,637.023416015132
TMN,"Middle East, North Africa, Afghanistan & Pakistan (IDA & IBRD)",1974,570.825807702265
TMN,"Middle East, North Africa, Afghanistan & Pakistan (IDA & IBRD)",1973,381.763756415183
TMN,"Middle East, North Africa, Afghanistan & Pakistan (IDA & IBRD)",1972,318.212372564204
TMN,"Middle East, North Africa, Afghanistan & Pakistan (IDA & IBRD)",1971,287.792093581529
TMN,"Middle East, North Africa, Afghanistan & Pakistan (IDA & IBRD)",1970,261.436377766715
TMN,"Middle East, North Africa, Afghanistan & Pakistan (IDA & IBRD)",1969,239.295698957995
TMN,"Middle East, North Africa, Afghanistan & Pakistan (IDA & IBRD)",1968,221.249359650225
TMN,"Middle East, North Africa, Afghanistan & Pakistan (IDA & IBRD)",1967,202.57260154232
TMN,"Middle East, North Africa, Afghanistan & Pakistan (IDA & IBRD)",1966,189.597625262538
TMN,"Middle East, North Africa, Afghanistan & Pakistan (IDA & IBRD)",1965,182.388053228649
TMN,"Middle East, North Africa, Afghanistan & Pakistan (IDA & IBRD)",1964,168.932648285113
TMN,"Middle East, North Africa, Afghanistan & Pakistan (IDA & IBRD)",1963,155.280736796456
TMN,"Middle East, North Africa, Afghanistan & Pakistan (IDA & IBRD)",1962,144.685687622019
TMN,"Middle East, North Africa, Afghanistan & Pakistan (IDA & IBRD)",1961,145.817065219851
TMN,"Middle East, North Africa, Afghanistan & Pakistan (IDA & IBRD)",1960,143.39304098394
MIC,Middle income,2025,6778.79773310904
MIC,Middle income,2024,6507.45727213279
MIC,Middle income,2023,6342.84660727863
MIC,Middle income,2022,6209.92727259514
MIC,Middle income,2021,5980.00050387597
MIC,Middle income,2020,5110.03730012152
MIC,Middle income,2019,5333.00944959533
MIC,Middle income,2018,5231.9314869653
MIC,Middle income,2017,4970.75305971396
MIC,Middle income,2016,4598.01556540424
MIC,Middle income,2015,4597.60474958281
MIC,Middle income,2014,4808.99653991663
MIC,Middle income,2013,4661.49740787105
MIC,Middle income,2012,4467.32549649132
MIC,Middle income,2011,4240.03549037097
MIC,Middle income,2010,3664.92162337478
MIC,Middle income,2009,3047.40789191738
MIC,Middle income,2008,3073.19618643341
MIC,Middle income,2007,2613.04907204417
MIC,Middle income,2006,2152.970922294
MIC,Middle income,2005,1849.46883810202
MIC,Middle income,2004,1585.10628044678
MIC,Middle income,2003,1366.50745222422
MIC,Middle income,2002,1240.91759491541
MIC,Middle income,2001,1242.22843960232
MIC,Middle income,2000,1255.46174685563
MIC,Middle income,1999,1172.02687970901
MIC,Middle income,1998,1234.61362736215
MIC,Middle income,1997,1276.23621024903
MIC,Middle income,1996,1219.4022241552
MIC,Middle income,1995,1117.20867019182
MIC,Middle income,1994,973.577650135458
MIC,Middle income,1993,881.582417468646
MIC,Middle income,1992,830.780200602807
MIC,Middle income,1991,794.753759040852
MIC,Middle income,1990,834.86710906655
MIC,Middle income,1989,744.689168415595
MIC,Middle income,1988,714.463538617424
MIC,Middle income,1987,681.367237565736
MIC,Middle income,1986,678.522987405872
MIC,Middle income,1985,679.631635489778
MIC,Middle income,1984,666.438818770495
MIC,Middle income,1983,664.38472675118
MIC,Middle income,1982,699.463894503153
MIC,Middle income,1981,724.522351964295
MIC,Middle income,1980,658.923025759759
MIC,Middle income,1979,567.787219513885
MIC,Middle income,1978,497.50001123677
MIC,Middle income,1977,458.376727000593
MIC,Middle income,1976,416.846920401435
MIC,Middle income,1975,394.736016792026
MIC,Middle income,1974,366.04351989069
MIC,Middle income,1973,292.593705951929
MIC,Middle income,1972,234.706862261809
MIC,Middle income,1971,214.163936226723
MIC,Middle income,1970,204.140831671986
MIC,Middle income,1969,191.263042562719
MIC,Middle income,1968,175.897888855997
MIC,Middle income,1967,170.117379862923
MIC,Middle income,1966,169.294530477786
MIC,Middle income,1965,167.424914885922
MIC,Middle income,1964,155.998234041019
MIC,Middle income,1963,141.786576489141
MIC,Middle income,1962,132.012183828056
MIC,Middle income,1961,132.776709309712
MIC,Middle income,1960,132.663208029646
NAC,North America,2025,86308.0717272746
NAC,North America,2024,82808.120496409
NAC,North America,2023,79647.6390981082
NAC,North America,2022,75769.6975468613
NAC,North America,2021,69532.9041926862
NAC,North America,2020,62319.8671337986
NAC,North America,2019,63306.810223782
NAC,North America,2018,61228.2000482629
NAC,North America,2017,58555.9003870103
NAC,North America,2016,56416.7892083026
NAC,North America,2015,55534.4614029189
NAC,North America,2014,54742.8371458308
NAC,North America,2013,53240.3655883832
NAC,North America,2012,51812.8656700661
NAC,North America,2011,50252.0190049531
NAC,North America,2010,48545.8113186856
NAC,North America,2009,46581.4200397343
NAC,North America,2008,48398.3833708608
NAC,North America,2007,47727.7733811193
NAC,North America,2006,45741.3313198546
NAC,North America,2005,43368.601911774
NAC,North America,2004,40788.4854021089
NAC,North America,2003,38395.549732626
NAC,North America,2002,36652.0071224205
NAC,North America,2001,35831.4544724133
NAC,North America,2000,35151.3741865271
NAC,North America,1999,33320.9381100499
NAC,North America,1998,31691.9431241342
NAC,North America,1997,30518.0661560011
NAC,North America,1996,29112.2451436921
NAC,North America,1995,27897.9346077139
NAC,North America,1994,26931.65092829
NAC,North America,1993,25772.0724370973
NAC,North America,1992,24974.7405630878
NAC,North America,1991,24094.1306916521
NAC,North America,1990,23653.5020058697
NAC,North America,1989,22652.6630458719
NAC,North America,1988,21180.3472351774
NAC,North America,1987,19679.3370907984
NAC,North America,1986,18625.6594397012
NAC,North America,1985,17838.5825446095
NAC,North America,1984,16808.9173401044
NAC,North America,1983,15341.7852470968
NAC,North America,1982,14247.3479863069
NAC,North America,1981,13820.1932805098
NAC,North America,1980,12441.4904083867
NAC,North America,1979,11518.7542483322
NAC,North America,1978,10427.5235353317
NAC,North America,1977,9403.39083487761
NAC,North America,1976,8615.91036395796
NAC,North America,1975,7775.52950366746
NAC,North America,1974,7209.11056718541
NAC,North America,1973,6642.71747804851
NAC,North America,1972,5999.16290039623
NAC,North America,1971,5506.31995735305
NAC,North America,1970,5130.46496658829
NAC,North America,1969,4902.69124991101
NAC,North America,1968,4570.75388903652
NAC,North America,1967,4223.19167135647
NAC,North America,1966,4035.88185355802
NAC,North America,1965,3722.17913835061
NAC,North America,1964,3473.15658682108
NAC,North America,1963,3276.24057329535
NAC,North America,1962,3148.48034494886
NAC,North America,1961,2985.34509534558
NAC,North America,1960,2933.32612076162
OED,OECD members,2025,51733.7140199057
OED,OECD members,2024,48881.8109051634
OED,OECD members,2023,47135.6137232065
OED,OECD members,2022,44455.8357743973
OED,OECD members,2021,43495.5049948213
OED,OECD members,2020,38947.5669905773
OED,OECD members,2019,39940.835037623
OED,OECD members,2018,39756.7556647363
OED,OECD members,2017,37802.8422452392
OED,OECD members,2016,36407.3771727139
OED,OECD members,2015,35931.9232791311
OED,OECD members,2014,38322.7280627757
OED,OECD members,2013,37734.7608375528
OED,OECD members,2012,37418.2889334065
OED,OECD members,2011,37684.316544302
OED,OECD members,2010,35218.2377011995
OED,OECD members,2009,33797.3269999518
OED,OECD members,2008,36379.9826441371
OED,OECD members,2007,34523.8151277644
OED,OECD members,2006,31752.91909492
OED,OECD members,2005,30304.5007827724
OED,OECD members,2004,28854.8834355731
OED,OECD members,2003,26110.166791868
OED,OECD members,2002,23526.1851223646
OED,OECD members,2001,22718.6795215023
OED,OECD members,2000,23105.8699621372
OED,OECD members,1999,22747.1469693091
OED,OECD members,1998,21811.1329992156
OED,OECD members,1997,21847.7743268913
OED,OECD members,1996,22357.3015391439
OED,OECD members,1995,22337.0437308788
OED,OECD members,1994,20388.5183700826
OED,OECD members,1993,19229.4344753684
OED,OECD members,1992,19096.9069758072
OED,OECD members,1991,17918.2140569058
OED,OECD members,1990,17087.309424679
OED,OECD members,1989,15313.9413786467
OED,OECD members,1988,14765.7693703486
OED,OECD members,1987,13198.7795582987
OED,OECD members,1986,11484.9145358905
OED,OECD members,1985,9545.12096674932
OED,OECD members,1984,9138.73120058305
OED,OECD members,1983,8812.53954086359
OED,OECD members,1982,8594.72448743493
OED,OECD members,1981,8805.84097068933
OED,OECD members,1980,8724.52179269109
OED,OECD members,1979,7930.4174706341
OED,OECD members,1978,6936.64960525234
OED,OECD members,1977,5814.36561016668
OED,OECD members,1976,5203.36453331543
OED,OECD members,1975,4847.82717711556
OED,OECD members,1974,4371.00529560645
OED,OECD members,1973,3938.87077402667
OED,OECD members,1972,3289.49072080709
OED,OECD members,1971,2864.277201283
OED,OECD members,1970,2619.30899223126
OED,OECD members,1969,2417.25012888829
OED,OECD members,1968,2218.57103959217
OED,OECD members,1967,2068.94519725114
OED,OECD members,1966,1958.76009769049
OED,OECD members,1965,1811.22529745154
OED,OECD members,1964,1688.83443696872
OED,OECD members,1963,1564.1732524998
OED,OECD members,1962,1473.08162462014
OED,OECD members,1961,1381.22313364838
OED,OECD members,1960,1312.83065567994
OSS,Other small states,2025,17540.3099815121
OSS,Other small states,2024,16111.8328238083
OSS,Other small states,2023,15346.6488924949
OSS,Other small states,2022,14326.3081658507
OSS,Other small states,2021,13718.3632503913
OSS,Other small states,2020,11772.0946960495
OSS,Other small states,2019,12908.1967698249
OSS,Other small states,2018,13026.838449762
OSS,Other small states,2017,11950.9760651787
OSS,Other small states,2016,10813.3811118925
OSS,Other small states,2015,10359.1167773921
OSS,Other small states,2014,11682.6156441392
OSS,Other small states,2013,11421.7952581155
OSS,Other small states,2012,11084.4148894956
OSS,Other small states,2011,11469.9525501466
OSS,Other small states,2010,10149.5633726375
OSS,Other small states,2009,9814.08008723362
OSS,Other small states,2008,11530.7215015978
OSS,Other small states,2007,10758.8136221104
OSS,Other small states,2006,9046.80164945419
OSS,Other small states,2005,8233.42010554921
OSS,Other small states,2004,7419.76155978909
OSS,Other small states,2003,6311.81177494905
OSS,Other small states,2002,5142.2476529809
OSS,Other small states,2001,4780.95492842206
OSS,Other small states,2000,4847.4503226921
OSS,Other small states,1999,4829.25337476571
OSS,Other small states,1998,4635.15882242333
OSS,Other small states,1997,4678.51998512529
OSS,Other small states,1996,4739.07694524898
OSS,Other small states,1995,4659.34188627003
OSS,Other small states,1994,3950.98003715888
OSS,Other small states,1993,3762.44885403371
OSS,Other small states,1992,3949.40878886263
OSS,Other small states,1991,3674.361370142
OSS,Other small states,1990,3570.55788992308
OSS,Other small states,1989,3031.12852475555
OSS,Other small states,1988,3025.75305812234
OSS,Other small states,1987,2860.79960164889
OSS,Other small states,1986,2329.7492588701
OSS,Other small states,1985,2379.80193172403
OSS,Other small states,1984,2486.49373083306
OSS,Other small states,1983,2559.2948971864
OSS,Other small states,1982,2836.77204408441
OSS,Other small states,1981,3011.87340210242
OSS,Other small states,1980,3286.78459461168
OSS,Other small states,1979,2242.72935992114
OSS,Other small states,1978,1737.21605583044
OSS,Other small states,1977,1526.12975990974
OSS,Other small states,1976,1266.59792653088
OSS,Other small states,1975,1109.83809305529
PSS,Pacific island small states,2025,4719.69017777464
PSS,Pacific island small states,2024,4528.48364572376
PSS,Pacific island small states,2023,4199.64948077192
PSS,Pacific island small states,2022,3941.90128416234
PSS,Pacific island small states,2021,3646.98862815783
PSS,Pacific island small states,2020,3632.52907231285
PSS,Pacific island small states,2019,4185.0758997627
PSS,Pacific island small states,2018,4295.18182253285
PSS,Pacific island small states,2017,4147.00368611764
PSS,Pacific island small states,2016,3898.87961923979
PSS,Pacific island small states,2015,3761.06673610832
PSS,Pacific island small states,2014,3891.36256203141
PSS,Pacific island small states,2013,3630.10394299084
PSS,Pacific island small states,2012,3493.28831201062
PSS,Pacific island small states,2011,3338.30793678792
PSS,Pacific island small states,2010,2899.88573139903
PSS,Pacific island small states,2009,2666.87195227178
PSS,Pacific island small states,2008,2989.60481007125
PSS,Pacific island small states,2007,2817.98969436478
PSS,Pacific island small states,2006,2586.22776155533
PSS,Pacific island small states,2005,2490.44783617075
PSS,Pacific island small states,2004,2270.72657197828
PSS,Pacific island small states,2003,1997.28054068901
PSS,Pacific island small states,2002,1695.01147879967
PSS,Pacific island small states,2001,1637.06349067775
PSS,Pacific island small states,2000,1686.6056817652
PSS,Pacific island small states,1999,1857.38930457259
PSS,Pacific island small states,1998,1728.10547623798
PSS,Pacific island small states,1997,2035.88566116361
PSS,Pacific island small states,1996,2060.80457992554
PSS,Pacific island small states,1995,1947.90073188873
PSS,Pacific island small states,1994,1818.22509065982
PSS,Pacific island small states,1993,1573.63525576083
PSS,Pacific island small states,1992,1519.64824897657
PSS,Pacific island small states,1991,1404.20977100088
PSS,Pacific island small states,1990,1343.27719993773
PSS,Pacific island small states,1989,1219.29470793172
PSS,Pacific island small states,1988,1188.98390796449
PSS,Pacific island small states,1987,1173.87310359514
PSS,Pacific island small states,1986,1222.70707456586
PSS,Pacific island small states,1985,1145.73022924272
PSS,Pacific island small states,1984,1219.06037971704
PSS,Pacific island small states,1983,1185.33657065957
PSS,Pacific island small states,1982,1265.72256598649
PSS,Pacific island small states,1981,1314.59553013966
PSS,Pacific island small states,1980,1299.84947305632
PSS,Pacific island small states,1979,1162.2101205448
PSS,Pacific island small states,1978,986.17530347436
PSS,Pacific island small states,1977,879.523805566507
PSS,Pacific island small states,1976,854.424460640589
PSS,Pacific island small states,1975,872.139831893069
PSS,Pacific island small states,1974,804.436169034547
PSS,Pacific island small states,1973,604.320910189444
PSS,Pacific island small states,1972,460.183843709943
PSS,Pacific island small states,1971,395.810012764913
PSS,Pacific island small states,1970,358.687331175362
PST,Post-demographic dividend,2025,59490.0240628251
PST,Post-demographic dividend,2024,56385.0585145595
PST,Post-demographic dividend,2023,54507.2154710128
PST,Post-demographic dividend,2022,51597.0182783268
PST,Post-demographic dividend,2021,50433.5519322417
PST,Post-demographic dividend,2020,45174.5036479433
PST,Post-demographic dividend,2019,46125.7453007656
PST,Post-demographic dividend,2018,45787.7299792029
PST,Post-demographic dividend,2017,43356.99969696
PST,Post-demographic dividend,2016,41720.329677393
PST,Post-demographic dividend,2015,40960.9089975197
PST,Post-demographic dividend,2014,43482.2905959942
PST,Post-demographic dividend,2013,42757.0705462921
PST,Post-demographic dividend,2012,42453.1056245877
PST,Post-demographic dividend,2011,42699.7581912628
PST,Post-demographic dividend,2010,39869.2354180288
PST,Post-demographic dividend,2009,38399.5766429162
PST,Post-demographic dividend,2008,40986.2032462103
PST,Post-demographic dividend,2007,38925.4514993488
PST,Post-demographic dividend,2006,35873.6218378841
PST,Post-demographic dividend,2005,34268.541288057
PST,Post-demographic dividend,2004,32722.7857826302
PST,Post-demographic dividend,2003,29606.2954023988
PST,Post-demographic dividend,2002,26549.4716468681
PST,Post-demographic dividend,2001,25583.1763027363
PST,Post-demographic dividend,2000,25965.6198092905
PST,Post-demographic dividend,1999,25625.9316580893
PST,Post-demographic dividend,1998,24512.0329339239
PST,Post-demographic dividend,1997,24572.1370504326
PST,Post-demographic dividend,1996,25204.8440630157
PST,Post-demographic dividend,1995,25219.7306112425
PST,Post-demographic dividend,1994,22868.9775789577
PST,Post-demographic dividend,1993,21469.1544175533
PST,Post-demographic dividend,1992,21440.3916904735
PST,Post-demographic dividend,1991,20121.4808345792
PST,Post-demographic dividend,1990,19207.3380131246
PST,Post-demographic dividend,1989,17235.8103291755
PST,Post-demographic dividend,1988,16610.7863171232
PST,Post-demographic dividend,1987,14825.4215309782
PST,Post-demographic dividend,1986,12855.4192393172
PST,Post-demographic dividend,1985,10565.6557440561
PST,Post-demographic dividend,1984,10086.903242533
PST,Post-demographic dividend,1983,9704.77940916842
PST,Post-demographic dividend,1982,9402.90613673505
PST,Post-demographic dividend,1981,9504.44958331272
PST,Post-demographic dividend,1980,9456.3855012214
PST,Post-demographic dividend,1979,8605.20249073821
PST,Post-demographic dividend,1978,7544.51058507245
PST,Post-demographic dividend,1977,6302.61647297518
PST,Post-demographic dividend,1976,5614.25422442866
PST,Post-demographic dividend,1975,5211.09441180964
PST,Post-demographic dividend,1974,4686.67381834621
PST,Post-demographic dividend,1973,4229.99012115327
PST,Post-demographic dividend,1972,3527.11854008346
PST,Post-demographic dividend,1971,3065.36626267645
PST,Post-demographic dividend,1970,2792.07280854636
PST,Post-demographic dividend,1969,2567.60974756019
PST,Post-demographic dividend,1968,2351.88823516223
PST,Post-demographic dividend,1967,2188.35058427914
PST,Post-demographic dividend,1966,2067.18982794506
PST,Post-demographic dividend,1965,1908.5843075848
PST,Post-demographic dividend,1964,1774.36518771939
PST,Post-demographic dividend,1963,1642.56388574249
PST,Post-demographic dividend,1962,1544.3988810291
PST,Post-demographic dividend,1961,1444.74560244574
PST,Post-demographic dividend,1960,1372.3103363431
PRE,Pre-demographic dividend,2025,1470.05803145865
PRE,Pre-demographic dividend,2024,1372.7115352549
PRE,Pre-demographic dividend,2023,1559.36615928619
PRE,Pre-demographic dividend,2022,1769.1914721872
PRE,Pre-demographic dividend,2021,1594.39804852433
PRE,Pre-demographic dividend,2020,1497.18872625076
PRE,Pre-demographic dividend,2019,1682.64777483043
PRE,Pre-demographic dividend,2018,1452.10811367974
PRE,Pre-demographic dividend,2017,1341.55710823713
PRE,Pre-demographic dividend,2016,1318.65578321566
PRE,Pre-demographic dividend,2015,1526.04099231967
PRE,Pre-demographic dividend,2014,1849.26650645876
PRE,Pre-demographic dividend,2013,1797.07620788678
PRE,Pre-demographic dividend,2012,1687.90559427919
PRE,Pre-demographic dividend,2011,1597.7670422466
PRE,Pre-demographic dividend,2010,1422.25838961236
PRE,Pre-demographic dividend,2009,1253.05147524894
PRE,Pre-demographic dividend,2008,1424.0703685436
PRE,Pre-demographic dividend,2007,1174.15015770746
PRE,Pre-demographic dividend,2006,998.07823930556
PRE,Pre-demographic dividend,2005,815.995032153718
PRE,Pre-demographic dividend,2004,671.224356830207
PRE,Pre-demographic dividend,2003,554.625659623811
PRE,Pre-demographic dividend,2002,523.955261767573
PRE,Pre-demographic dividend,2001,466.255676779194
PRE,Pre-demographic dividend,2000,503.881865569121
PRE,Pre-demographic dividend,1999,449.113610586588
PRE,Pre-demographic dividend,1998,741.814295821837
PRE,Pre-demographic dividend,1997,720.974841755232
PRE,Pre-demographic dividend,1996,675.388677650619
PRE,Pre-demographic dividend,1995,572.297212272674
PRE,Pre-demographic dividend,1994,401.32829200595
PRE,Pre-demographic dividend,1993,397.880287972378
PRE,Pre-demographic dividend,1992,392.857072321236
PRE,Pre-demographic dividend,1991,519.227064159577
PRE,Pre-demographic dividend,1990,940.439377161013
PRE,Pre-demographic dividend,1989,595.419652965801
PRE,Pre-demographic dividend,1988,604.762184417686
PRE,Pre-demographic dividend,1987,592.862150769265
PRE,Pre-demographic dividend,1986,566.20821438003
PRE,Pre-demographic dividend,1985,671.084296696025
PRE,Pre-demographic dividend,1984,665.560040086443
PRE,Pre-demographic dividend,1983,732.537098370184
PRE,Pre-demographic dividend,1982,908.021209820747
PRE,Pre-demographic dividend,1981,982.803080795122
PRE,Pre-demographic dividend,1980,737.888222769468
PRE,Pre-demographic dividend,1979,614.212684753264
PRE,Pre-demographic dividend,1978,513.347321751853
PRE,Pre-demographic dividend,1977,466.392789751273
PRE,Pre-demographic dividend,1976,434.894008190856
PRE,Pre-demographic dividend,1975,382.730655635312
PRE,Pre-demographic dividend,1974,345.745053187381
PRE,Pre-demographic dividend,1973,258.052882463606
PRE,Pre-demographic dividend,1972,215.262743203079
PRE,Pre-demographic dividend,1971,188.147560366995
PRE,Pre-demographic dividend,1970,195.381698595183
PRE,Pre-demographic dividend,1969,178.108457667593
PRE,Pre-demographic dividend,1968,162.563527980322
PRE,Pre-demographic dividend,1967,154.672138041037
PRE,Pre-demographic dividend,1966,166.747162934725
PRE,Pre-demographic dividend,1965,156.409583972245
PRE,Pre-demographic dividend,1964,145.554458839187
PRE,Pre-demographic dividend,1963,157.647405751914
PRE,Pre-demographic dividend,1962,139.724963338707
PRE,Pre-demographic dividend,1961,130.631883608116
PRE,Pre-demographic dividend,1960,128.965295180264
SST,Small states,2025,16577.8450757077
SST,Small states,2024,15409.264856078
SST,Small states,2023,14360.785757405
SST,Small states,2022,13644.5029834497
SST,Small states,2021,12435.8612830054
SST,Small states,2020,10730.4939107969
SST,Small states,2019,11997.3036529705
SST,Small states,2018,12064.6886372837
SST,Small states,2017,11319.4921033734
SST,Small states,2016,10492.0492970632
SST,Small states,2015,10451.9964952878
SST,Small states,2014,11422.9709382889
SST,Small states,2013,11137.9509953235
SST,Small states,2012,10829.4075164827
SST,Small states,2011,10887.8653862795
SST,Small states,2010,9799.55180930436
SST,Small states,2009,9299.40869272154
SST,Small states,2008,10984.7646983248
SST,Small states,2007,10056.4113345434
SST,Small states,2006,8649.77205518934
SST,Small states,2005,7779.56425219565
SST,Small states,2004,6954.24066365358
SST,Small states,2003,6060.66996564824
SST,Small states,2002,5133.23248844722
SST,Small states,2001,4839.48717715581
SST,Small states,2000,4846.98211684438
SST,Small states,1999,4730.62919567969
SST,Small states,1998,4496.03901461656
SST,Small states,1997,4473.9616049885
SST,Small states,1996,4316.17394952279
SST,Small states,1995,4180.97411993559
SST,Small states,1994,3675.54070755937
SST,Small states,1993,3469.66607819766
SST,Small states,1992,3614.0863116594
SST,Small states,1991,3423.52643743162
SST,Small states,1990,3333.50757384016
SST,Small states,1989,2933.31818739373
SST,Small states,1988,2946.35966266014
SST,Small states,1987,2825.1110325989
SST,Small states,1986,2491.67827851264
SST,Small states,1985,2693.95828567654
SST,Small states,1984,2770.51867772632
SST,Small states,1983,2777.26308145727
SST,Small states,1982,2968.44073420342
SST,Small states,1981,2968.66696582956
SST,Small states,1980,3032.74092444875
SST,Small states,1979,2205.76399031829
SST,Small states,1978,1751.15849593065
SST,Small states,1977,1544.66966711313
SST,Small states,1976,1303.64327804304
SST,Small states,1975,1210.5441063542
SST,Small states,1974,1133.71962150478
SST,Small states,1973,722.345048940917
SST,Small states,1972,583.969376862973
SST,Small states,1971,510.955694698964
SST,Small states,1970,464.618823652555
SAS,South Asia,2025,2705.28227429085
SAS,South Asia,2024,2601.82209529365
SAS,South Asia,2023,2449.857142451
SAS,South Asia,2022,2326.72890585805
SAS,South Asia,2021,2273.72055805692
SAS,South Asia,2020,1957.20343709781
SAS,South Asia,2019,2067.05975680251
SAS,South Asia,2018,1988.36633317988
SAS,South Asia,2017,1956.06707563972
SAS,South Asia,2016,1722.90703396273
SAS,South Asia,2015,1570.54142452744
SAS,South Asia,2014,1528.4920875126
SAS,South Asia,2013,1405.84072374278
SAS,South Asia,2012,1387.18205938261
SAS,South Asia,2011,1397.0068255002
SAS,South Asia,2010,1294.02734415145
SAS,South Asia,2009,1054.43555885745
SAS,South Asia,2008,958.275511460297
SAS,South Asia,2007,967.697911561283
SAS,South Asia,2006,769.378704313512
SAS,South Asia,2005,686.338193475473
SAS,South Asia,2004,606.478041696258
SAS,South Asia,2003,532.66154684429
SAS,South Asia,2002,462.898836496672
SAS,South Asia,2001,446.418919348871
SAS,South Asia,2000,440.467918910931
SAS,South Asia,1999,437.982047564941
SAS,South Asia,1998,413.676322288749
SAS,South Asia,1997,415.002724170031
SAS,South Asia,1996,400.095114023544
SAS,South Asia,1995,370.570693920918
SAS,South Asia,1994,342.723111684397
SAS,South Asia,1993,302.994994507191
SAS,South Asia,1992,315.53713133931
SAS,South Asia,1991,303.81805683771
SAS,South Asia,1990,359.953973128088
SAS,South Asia,1989,338.645008018598
SAS,South Asia,1988,344.39140735961
SAS,South Asia,1987,330.263803635955
SAS,South Asia,1986,302.215568474208
SAS,South Asia,1985,290.836561595941
SAS,South Asia,1984,270.882249205897
SAS,South Asia,1983,281.59105118681
SAS,South Asia,1982,268.048426266136
SAS,South Asia,1981,267.20705190365
SAS,South Asia,1980,261.180795941491
SAS,South Asia,1979,220.868328829727
SAS,South Asia,1978,201.52609182316
SAS,South Asia,1977,181.897614762572
SAS,South Asia,1976,160.699674402499
SAS,South Asia,1975,172.084670696832
SAS,South Asia,1974,167.031856543516
SAS,South Asia,1973,142.634192314819
SAS,South Asia,1972,121.825770983221
SAS,South Asia,1971,121.457638271028
SAS,South Asia,1970,116.640107755321
SAS,South Asia,1969,111.460473459612
SAS,South Asia,1968,103.257624279526
SAS,South Asia,1967,100.49023197921
SAS,South Asia,1966,93.5095090778817
SAS,South Asia,1965,118.725582639515
SAS,South Asia,1964,113.953993552671
SAS,South Asia,1963,101.699730347077
SAS,South Asia,1962,92.4759784008019
SAS,South Asia,1961,88.5374401369039
SAS,South Asia,1960,85.1907206631682
TSA,South Asia (IDA & IBRD),2025,2705.28227429085
TSA,South Asia (IDA & IBRD),2024,2601.82209529365
TSA,South Asia (IDA & IBRD),2023,2449.857142451
TSA,South Asia (IDA & IBRD),2022,2326.72890585805
TSA,South Asia (IDA & IBRD),2021,2273.72055805692
TSA,South Asia (IDA & IBRD),2020,1957.20343709781
TSA,South Asia (IDA & IBRD),2019,2067.05975680251
TSA,South Asia (IDA & IBRD),2018,1988.36633317988
TSA,South Asia (IDA & IBRD),2017,1956.06707563972
TSA,South Asia (IDA & IBRD),2016,1722.90703396273
TSA,South Asia (IDA & IBRD),2015,1570.54142452744
TSA,South Asia (IDA & IBRD),2014,1528.4920875126
TSA,South Asia (IDA & IBRD),2013,1405.84072374278
TSA,South Asia (IDA & IBRD),2012,1387.18205938261
TSA,South Asia (IDA & IBRD),2011,1397.0068255002
TSA,South Asia (IDA & IBRD),2010,1294.02734415145
TSA,South Asia (IDA & IBRD),2009,1054.43555885745
TSA,South Asia (IDA & IBRD),2008,958.275511460297
TSA,South Asia (IDA & IBRD),2007,967.697911561283
TSA,South Asia (IDA & IBRD),2006,769.378704313512
TSA,South Asia (IDA & IBRD),2005,686.338193475473
TSA,South Asia (IDA & IBRD),2004,606.478041696258
TSA,South Asia (IDA & IBRD),2003,532.66154684429
TSA,South Asia (IDA & IBRD),2002,462.898836496672
TSA,South Asia (IDA & IBRD),2001,446.418919348871
TSA,South Asia (IDA & IBRD),2000,440.467918910931
TSA,South Asia (IDA & IBRD),1999,437.982047564941
TSA,South Asia (IDA & IBRD),1998,413.676322288749
TSA,South Asia (IDA & IBRD),1997,415.002724170031
TSA,South Asia (IDA & IBRD),1996,400.095114023544
TSA,South Asia (IDA & IBRD),1995,370.570693920918
TSA,South Asia (IDA & IBRD),1994,342.723111684397
TSA,South Asia (IDA & IBRD),1993,302.994994507191
TSA,South Asia (IDA & IBRD),1992,315.53713133931
TSA,South Asia (IDA & IBRD),1991,303.81805683771
TSA,South Asia (IDA & IBRD),1990,359.953973128088
TSA,South Asia (IDA & IBRD),1989,338.645008018598
TSA,South Asia (IDA & IBRD),1988,344.39140735961
TSA,South Asia (IDA & IBRD),1987,330.263803635955
TSA,South Asia (IDA & IBRD),1986,302.215568474208
TSA,South Asia (IDA & IBRD),1985,290.836561595941
TSA,South Asia (IDA & IBRD),1984,270.882249205897
TSA,South Asia (IDA & IBRD),1983,281.59105118681
TSA,South Asia (IDA & IBRD),1982,268.048426266136
TSA,South Asia (IDA & IBRD),1981,267.20705190365
TSA,South Asia (IDA & IBRD),1980,261.18079594149
TSA,South Asia (IDA & IBRD),1979,220.868328829726
TSA,South Asia (IDA & IBRD),1978,201.52609182316
TSA,South Asia (IDA & IBRD),1977,181.897614762572
TSA,South Asia (IDA & IBRD),1976,160.699674402499
TSA,South Asia (IDA & IBRD),1975,172.084670696832
TSA,South Asia (IDA & IBRD),1974,167.031856543516
TSA,South Asia (IDA & IBRD),1973,142.634192314819
TSA,South Asia (IDA & IBRD),1972,121.825770983221
TSA,South Asia (IDA & IBRD),1971,121.457638271028
TSA,South Asia (IDA & IBRD),1970,116.640107755321
TSA,South Asia (IDA & IBRD),1969,111.460473459612
TSA,South Asia (IDA & IBRD),1968,103.257624279526
TSA,South Asia (IDA & IBRD),1967,100.49023197921
TSA,South Asia (IDA & IBRD),1966,93.5095090778817
TSA,South Asia (IDA & IBRD),1965,118.725582639515
TSA,South Asia (IDA & IBRD),1964,113.953993552671
TSA,South Asia (IDA & IBRD),1963,101.699730347077
TSA,South Asia (IDA & IBRD),1962,92.4759784008019
TSA,South Asia (IDA & IBRD),1961,88.5374401369039
TSA,South Asia (IDA & IBRD),1960,85.1907206631682
SSF,Sub-Saharan Africa,2025,1673.07077574497
SSF,Sub-Saharan Africa,2024,1542.65844261619
SSF,Sub-Saharan Africa,2023,1682.2261488119
SSF,Sub-Saharan Africa,2022,1864.70686111925
SSF,Sub-Saharan Africa,2021,1785.98118191144
SSF,Sub-Saharan Africa,2020,1628.43873346869
SSF,Sub-Saharan Africa,2019,1797.04121765415
SSF,Sub-Saharan Africa,2018,1622.59575329634
SSF,Sub-Saharan Africa,2017,1549.18831908585
SSF,Sub-Saharan Africa,2016,1456.65211115929
SSF,Sub-Saharan Africa,2015,1647.32085826836
SSF,Sub-Saharan Africa,2014,1907.73210907064
SSF,Sub-Saharan Africa,2013,1880.39980462364
SSF,Sub-Saharan Africa,2012,1818.06125449252
SSF,Sub-Saharan Africa,2011,1796.16109829226
SSF,Sub-Saharan Africa,2010,1643.30753523371
SSF,Sub-Saharan Africa,2009,1427.57787495772
SSF,Sub-Saharan Africa,2008,1537.38333094262
SSF,Sub-Saharan Africa,2007,1391.26803582887
SSF,Sub-Saharan Africa,2006,1234.75609892112
SSF,Sub-Saharan Africa,2005,1074.12476310665
SSF,Sub-Saharan Africa,2004,926.94326619829
SSF,Sub-Saharan Africa,2003,766.914712241418
SSF,Sub-Saharan Africa,2002,625.805568583085
SSF,Sub-Saharan Africa,2001,587.710901869404
SSF,Sub-Saharan Africa,2000,629.85955320409
SSF,Sub-Saharan Africa,1999,610.405968129928
SSF,Sub-Saharan Africa,1998,878.112012610771
SSF,Sub-Saharan Africa,1997,899.319355003091
SSF,Sub-Saharan Africa,1996,877.933913182623
SSF,Sub-Saharan Africa,1995,807.068681479341
SSF,Sub-Saharan Africa,1994,651.494895653308
SSF,Sub-Saharan Africa,1993,654.326096747387
SSF,Sub-Saharan Africa,1992,665.304423658314
SSF,Sub-Saharan Africa,1991,759.715248918801
SSF,Sub-Saharan Africa,1990,728.926102015909
SSF,Sub-Saharan Africa,1989,640.170427109124
SSF,Sub-Saharan Africa,1988,646.802797352897
SSF,Sub-Saharan Africa,1987,631.916316136411
SSF,Sub-Saharan Africa,1986,580.837628498766
SSF,Sub-Saharan Africa,1985,637.832918971652
SSF,Sub-Saharan Africa,1984,687.60694831985
SSF,Sub-Saharan Africa,1983,791.938401952333
SSF,Sub-Saharan Africa,1982,908.828702377123
SSF,Sub-Saharan Africa,1981,1008.19643444915
SSF,Sub-Saharan Africa,1980,769.821388388756
SSF,Sub-Saharan Africa,1979,631.122652688598
SSF,Sub-Saharan Africa,1978,551.654347118869
SSF,Sub-Saharan Africa,1977,507.142642925455
SSF,Sub-Saharan Africa,1976,474.530999538016
SSF,Sub-Saharan Africa,1975,451.193354153119
SSF,Sub-Saharan Africa,1974,422.700417411479
SSF,Sub-Saharan Africa,1973,342.70978819473
SSF,Sub-Saharan Africa,1972,276.361287526495
SSF,Sub-Saharan Africa,1971,251.919130383181
SSF,Sub-Saharan Africa,1970,251.717273236624
SSF,Sub-Saharan Africa,1969,231.534485351071
SSF,Sub-Saharan Africa,1968,210.611488633068
SSF,Sub-Saharan Africa,1967,202.062051395245
SSF,Sub-Saharan Africa,1966,207.121587394387
SSF,Sub-Saharan Africa,1965,196.066837596372
SSF,Sub-Saharan Africa,1964,182.622877315158
SSF,Sub-Saharan Africa,1963,188.247757433586
SSF,Sub-Saharan Africa,1962,169.661297164558
SSF,Sub-Saharan Africa,1961,160.870413908239
SSF,Sub-Saharan Africa,1960,158.066704865337
SSA,Sub-Saharan Africa (excluding high income),2025,1671.41989803328
SSA,Sub-Saharan Africa (excluding high income),2024,1541.07573422834
SSA,Sub-Saharan Africa (excluding high income),2023,1680.66097936273
SSA,Sub-Saharan Africa (excluding high income),2022,1863.26040059117
SSA,Sub-Saharan Africa (excluding high income),2021,1784.88774854725
SSA,Sub-Saharan Africa (excluding high income),2020,1627.39235037313
SSA,Sub-Saharan Africa (excluding high income),2019,1795.55378673641
SSA,Sub-Saharan Africa (excluding high income),2018,1621.1285196776
SSA,Sub-Saharan Africa (excluding high income),2017,1547.77467837023
SSA,Sub-Saharan Africa (excluding high income),2016,1455.29231657117
SSA,Sub-Saharan Africa (excluding high income),2015,1646.07300085129
SSA,Sub-Saharan Africa (excluding high income),2014,1906.51557748593
SSA,Sub-Saharan Africa (excluding high income),2013,1879.20059513022
SSA,Sub-Saharan Africa (excluding high income),2012,1817.07773780046
SSA,Sub-Saharan Africa (excluding high income),2011,1795.17977483773
SSA,Sub-Saharan Africa (excluding high income),2010,1642.37471849237
SSA,Sub-Saharan Africa (excluding high income),2009,1426.74291944931
SSA,Sub-Saharan Africa (excluding high income),2008,1536.38359632821
SSA,Sub-Saharan Africa (excluding high income),2007,1390.0998726156
SSA,Sub-Saharan Africa (excluding high income),2006,1233.53123307184
SSA,Sub-Saharan Africa (excluding high income),2005,1072.97884278867
SSA,Sub-Saharan Africa (excluding high income),2004,925.860782822606
SSA,Sub-Saharan Africa (excluding high income),2003,765.978126389081
SSA,Sub-Saharan Africa (excluding high income),2002,624.838806284965
SSA,Sub-Saharan Africa (excluding high income),2001,586.826461493206
SSA,Sub-Saharan Africa (excluding high income),2000,628.967997107944
SSA,Sub-Saharan Africa (excluding high income),1999,609.473891281281
SSA,Sub-Saharan Africa (excluding high income),1998,877.212508633072
SSA,Sub-Saharan Africa (excluding high income),1997,898.473837825483
SSA,Sub-Saharan Africa (excluding high income),1996,877.166763209192
SSA,Sub-Saharan Africa (excluding high income),1995,806.259994053623
SSA,Sub-Saharan Africa (excluding high income),1994,650.68190388289
SSA,Sub-Saharan Africa (excluding high income),1993,653.513053224302
SSA,Sub-Saharan Africa (excluding high income),1992,664.547125583242
SSA,Sub-Saharan Africa (excluding high income),1991,759.069420092307
SSA,Sub-Saharan Africa (excluding high income),1990,728.268114290582
SSA,Sub-Saharan Africa (excluding high income),1989,639.615977138882
SSA,Sub-Saharan Africa (excluding high income),1988,646.279125130961
SSA,Sub-Saharan Africa (excluding high income),1987,631.452930554203
SSA,Sub-Saharan Africa (excluding high income),1986,580.445046089526
SSA,Sub-Saharan Africa (excluding high income),1985,637.531120331265
SSA,Sub-Saharan Africa (excluding high income),1984,687.347015552692
SSA,Sub-Saharan Africa (excluding high income),1983,791.699435810615
SSA,Sub-Saharan Africa (excluding high income),1982,908.599976065561
SSA,Sub-Saharan Africa (excluding high income),1981,1007.9602905079
SSA,Sub-Saharan Africa (excluding high income),1980,769.55031439677
SSA,Sub-Saharan Africa (excluding high income),1979,630.895673841492
SSA,Sub-Saharan Africa (excluding high income),1978,551.522595712598
SSA,Sub-Saharan Africa (excluding high income),1977,507.058825619821
SSA,Sub-Saharan Africa (excluding high income),1976,474.481984280087
SSA,Sub-Saharan Africa (excluding high income),1975,451.140304585414
SSA,Sub-Saharan Africa (excluding high income),1974,422.652404053106
SSA,Sub-Saharan Africa (excluding high income),1973,342.661835943355
SSA,Sub-Saharan Africa (excluding high income),1972,276.317414222192
SSA,Sub-Saharan Africa (excluding high income),1971,251.897623849125
SSA,Sub-Saharan Africa (excluding high income),1970,251.706670726078
SSA,Sub-Saharan Africa (excluding high income),1969,231.525087756145
SSA,Sub-Saharan Africa (excluding high income),1968,210.597035792365
SSA,Sub-Saharan Africa (excluding high income),1967,202.041641566832
SSA,Sub-Saharan Africa (excluding high income),1966,207.101436835362
SSA,Sub-Saharan Africa (excluding high income),1965,196.045907844849
SSA,Sub-Saharan Africa (excluding high income),1964,182.597916621751
SSA,Sub-Saharan Africa (excluding high income),1963,188.229133416841
SSA,Sub-Saharan Africa (excluding high income),1962,169.642607610107
SSA,Sub-Saharan Africa (excluding high income),1961,160.853138054221
SSA,Sub-Saharan Africa (excluding high income),1960,158.045184794932
TSS,Sub-Saharan Africa (IDA & IBRD countries),2025,1673.07077574497
TSS,Sub-Saharan Africa (IDA & IBRD countries),2024,1542.65844261619
TSS,Sub-Saharan Africa (IDA & IBRD countries),2023,1682.2261488119
TSS,Sub-Saharan Africa (IDA & IBRD countries),2022,1864.70686111924
TSS,Sub-Saharan Africa (IDA & IBRD countries),2021,1785.98118191144
TSS,Sub-Saharan Africa (IDA & IBRD countries),2020,1628.43873346869
TSS,Sub-Saharan Africa (IDA & IBRD countries),2019,1797.04121765415
TSS,Sub-Saharan Africa (IDA & IBRD countries),2018,1622.59575329634
TSS,Sub-Saharan Africa (IDA & IBRD countries),2017,1549.18831908585
TSS,Sub-Saharan Africa (IDA & IBRD countries),2016,1456.65211115929
TSS,Sub-Saharan Africa (IDA & IBRD countries),2015,1647.32085826836
TSS,Sub-Saharan Africa (IDA & IBRD countries),2014,1907.73210907064
TSS,Sub-Saharan Africa (IDA & IBRD countries),2013,1880.39980462364
TSS,Sub-Saharan Africa (IDA & IBRD countries),2012,1818.06125449252
TSS,Sub-Saharan Africa (IDA & IBRD countries),2011,1796.16109829226
TSS,Sub-Saharan Africa (IDA & IBRD countries),2010,1643.30753523371
TSS,Sub-Saharan Africa (IDA & IBRD countries),2009,1427.57787495773
TSS,Sub-Saharan Africa (IDA & IBRD countries),2008,1537.38333094262
TSS,Sub-Saharan Africa (IDA & IBRD countries),2007,1391.26803582887
TSS,Sub-Saharan Africa (IDA & IBRD countries),2006,1234.75609892113
TSS,Sub-Saharan Africa (IDA & IBRD countries),2005,1074.12476310665
TSS,Sub-Saharan Africa (IDA & IBRD countries),2004,926.943266198291
TSS,Sub-Saharan Africa (IDA & IBRD countries),2003,766.914712241419
TSS,Sub-Saharan Africa (IDA & IBRD countries),2002,625.805568583085
TSS,Sub-Saharan Africa (IDA & IBRD countries),2001,587.710901869404
TSS,Sub-Saharan Africa (IDA & IBRD countries),2000,629.859553204091
TSS,Sub-Saharan Africa (IDA & IBRD countries),1999,610.405968129929
TSS,Sub-Saharan Africa (IDA & IBRD countries),1998,878.112012610771
TSS,Sub-Saharan Africa (IDA & IBRD countries),1997,899.319355003092
TSS,Sub-Saharan Africa (IDA & IBRD countries),1996,877.933913182623
TSS,Sub-Saharan Africa (IDA & IBRD countries),1995,807.068681479341
TSS,Sub-Saharan Africa (IDA & IBRD countries),1994,651.494895653308
TSS,Sub-Saharan Africa (IDA & IBRD countries),1993,654.326096747387
TSS,Sub-Saharan Africa (IDA & IBRD countries),1992,665.304423658314
TSS,Sub-Saharan Africa (IDA & IBRD countries),1991,759.715248918801
TSS,Sub-Saharan Africa (IDA & IBRD countries),1990,728.926102015909
TSS,Sub-Saharan Africa (IDA & IBRD countries),1989,640.170427109124
TSS,Sub-Saharan Africa (IDA & IBRD countries),1988,646.802797352897
TSS,Sub-Saharan Africa (IDA & IBRD countries),1987,631.916316136411
TSS,Sub-Saharan Africa (IDA & IBRD countries),1986,580.837628498766
TSS,Sub-Saharan Africa (IDA & IBRD countries),1985,637.832918971652
TSS,Sub-Saharan Africa (IDA & IBRD countries),1984,687.60694831985
TSS,Sub-Saharan Africa (IDA & IBRD countries),1983,791.938401952333
TSS,Sub-Saharan Africa (IDA & IBRD countries),1982,908.828702377123
TSS,Sub-Saharan Africa (IDA & IBRD countries),1981,1008.19643444915
TSS,Sub-Saharan Africa (IDA & IBRD countries),1980,769.821388388756
TSS,Sub-Saharan Africa (IDA & IBRD countries),1979,631.122652688598
TSS,Sub-Saharan Africa (IDA & IBRD countries),1978,551.654347118869
TSS,Sub-Saharan Africa (IDA & IBRD countries),1977,507.142642925455
TSS,Sub-Saharan Africa (IDA & IBRD countries),1976,474.530999538016
TSS,Sub-Saharan Africa (IDA & IBRD countries),1975,451.193354153119
TSS,Sub-Saharan Africa (IDA & IBRD countries),1974,422.700417411479
TSS,Sub-Saharan Africa (IDA & IBRD countries),1973,342.70978819473
TSS,Sub-Saharan Africa (IDA & IBRD countries),1972,276.361287526495
TSS,Sub-Saharan Africa (IDA & IBRD countries),1971,251.919130383181
TSS,Sub-Saharan Africa (IDA & IBRD countries),1970,251.717273236624
TSS,Sub-Saharan Africa (IDA & IBRD countries),1969,231.534485351071
TSS,Sub-Saharan Africa (IDA & IBRD countries),1968,210.611488633068
TSS,Sub-Saharan Africa (IDA & IBRD countries),1967,202.062051395245
TSS,Sub-Saharan Africa (IDA & IBRD countries),1966,207.121587394386
TSS,Sub-Saharan Africa (IDA & IBRD countries),1965,196.066837596372
TSS,Sub-Saharan Africa (IDA & IBRD countries),1964,182.622877315158
TSS,Sub-Saharan Africa (IDA & IBRD countries),1963,188.247757433586
TSS,Sub-Saharan Africa (IDA & IBRD countries),1962,169.661297164558
TSS,Sub-Saharan Africa (IDA & IBRD countries),1961,160.870413908239
TSS,Sub-Saharan Africa (IDA & IBRD countries),1960,158.066704865337
,Upper middle income,2025,10890.0974812565
,Upper middle income,2024,10443.3480457159
,Upper middle income,2023,10118.6217728148
,Upper middle income,2022,9796.27244734764
,Upper middle income,2021,9409.61235165342
,Upper middle income,2020,7949.25683610967
,Upper middle income,2019,8244.30681174043
,Upper middle income,2018,8149.60205746059
,Upper middle income,2017,7676.40394987858
,Upper middle income,2016,7068.00587843387
,Upper middle income,2015,7083.47780015619
,Upper middle income,2014,7399.1550644732
,Upper middle income,2013,7183.80264347723
,Upper middle income,2012,6813.15382418428
,Upper middle income,2011,6434.65448466732
,Upper middle income,2010,5435.75133241642
,Upper middle income,2009,4481.74305807356
,Upper middle income,2008,4548.12039834524
,Upper middle income,2007,3790.61802604987
,Upper middle income,2006,3110.01687964695
,Upper middle income,2005,2659.85428273288
,Upper middle income,2004,2258.66066315712
,Upper middle income,2003,1935.25325203089
,Upper middle income,2002,1753.62964638707
,Upper middle income,2001,1752.86019561176
,Upper middle income,2000,1770.11128068614
,Upper middle income,1999,1640.11463783694
,Upper middle income,1998,1696.51871378739
,Upper middle income,1997,1775.02628535094
,Upper middle income,1996,1689.35521930297
,Upper middle income,1995,1546.56756568085
,Upper middle income,1994,1352.19912711724
,Upper middle income,1993,1214.5545091675
,Upper middle income,1992,1118.01803280465
,Upper middle income,1991,1059.01457320723
,Upper middle income,1990,1103.81515656019
,Upper middle income,1989,967.454472524236
,Upper middle income,1988,899.74187818508
,Upper middle income,1987,853.777436427874
,Upper middle income,1986,854.063309531703
,Upper middle income,1985,841.047106109129
,Upper middle income,1984,830.735059395974
,Upper middle income,1983,802.000679782293
,Upper middle income,1982,836.523126498177
,Upper middle income,1981,865.819982134148
,Upper middle income,1980,814.703151641249
,Upper middle income,1979,707.353278943851
,Upper middle income,1978,617.42554346039
,Upper middle income,1977,570.5142843785
,Upper middle income,1976,517.785197662186
,Upper middle income,1975,486.602550806254
,Upper middle income,1974,448.947858543733
,Upper middle income,1973,356.065109164661
,Upper middle income,1972,276.92525975073
,Upper middle income,1971,247.599088203852
,Upper middle income,1970,233.363768425516
,Upper middle income,1969,219.94943912189
,Upper middle income,1968,201.24015794446
,Upper middle income,1967,194.904990677724
,Upper middle income,1966,197.038212851919
,Upper middle income,1965,183.436497673759
,Upper middle income,1964,167.974556043758
,Upper middle income,1963,150.56318652341
,Upper middle income,1962,140.737085055798
,Upper middle income,1961,144.912830251092
,Upper middle income,1960,147.175574866266
WLD,World,2025,14405.8484595528
WLD,World,2024,13717.0909956338
WLD,World,2023,13313.8575826001
WLD,World,2022,12876.2377124072
WLD,World,2021,12472.9074157191
WLD,World,2020,10999.4917581781
WLD,World,2019,11417.5958587724
WLD,World,2018,11344.728168656
WLD,World,2017,10784.3950896297
WLD,World,2016,10239.4656645738
WLD,World,2015,10191.9752512662
WLD,World,2014,10912.2447775638
WLD,World,2013,10759.3457336689
WLD,World,2012,10597.8460782595
WLD,World,2011,10496.9310026996
WLD,World,2010,9555.06543969498
WLD,World,2009,8827.04322994899
WLD,World,2008,9425.73781604823
WLD,World,2007,8685.33108680793
WLD,World,2006,7803.19467222601
WLD,World,2005,7290.5661453297
WLD,World,2004,6818.00375324836
WLD,World,2003,6129.8663827398
WLD,World,2002,5539.32465002692
WLD,World,2001,5404.20269822848
WLD,World,2000,5512.56177163867
WLD,World,1999,5401.2271886284
WLD,World,1998,5302.33956683372
WLD,World,1997,5408.5695352216
WLD,World,1996,5507.22343967666
WLD,World,1995,5463.19624240532
WLD,World,1994,4967.01235983571
WLD,World,1993,4685.29564260401
WLD,World,1992,4679.98200500774
WLD,World,1991,4453.89641554733
WLD,World,1990,4338.94333025321
WLD,World,1989,3930.50666963009
WLD,World,1988,3829.99224771219
WLD,World,1987,3487.87666375394
WLD,World,1986,3118.57247275326
WLD,World,1985,2690.59161836012
WLD,World,1984,2614.3302826929
WLD,World,1983,2561.16933615596
WLD,World,1982,2554.07605312193
WLD,World,1981,2628.61699908178
WLD,World,1980,2587.00992594104
WLD,World,1979,2335.18686803709
WLD,World,1978,2055.4940430146
WLD,World,1977,1766.27881654492
WLD,World,1976,1589.73366543803
WLD,World,1975,1488.93763061623
WLD,World,1974,1362.18919097786
WLD,World,1973,1201.53152954524
WLD,World,1972,1002.00152690776
WLD,World,1971,884.878986369128
WLD,World,1970,817.683493933039
WLD,World,1969,761.11140319217
WLD,World,1968,703.462134148118
WLD,World,1967,664.401307345425
WLD,World,1966,638.970700706876
WLD,World,1965,601.888592945637
WLD,World,1964,563.850666935202
WLD,World,1963,525.186416425983
WLD,World,1962,496.105588960377
WLD,World,1961,471.931933312191
WLD,World,1960,452.653355677478
AFG,Afghanistan,2024,416.871146273728
AFG,Afghanistan,2023,413.757894705303
AFG,Afghanistan,2022,357.261152798144
AFG,Afghanistan,2021,356.496214115892
AFG,Afghanistan,2020,510.787063366811
AFG,Afghanistan,2019,496.6025042585
AFG,Afghanistan,2018,491.337221382603
AFG,Afghanistan,2017,525.469770891619
AFG,Afghanistan,2016,522.082215583898
AFG,Afghanistan,2015,565.569730408751
AFG,Afghanistan,2014,625.054941813938
AFG,Afghanistan,2013,637.087099117099
AFG,Afghanistan,2012,651.417134470046
AFG,Afghanistan,2011,606.694676337726
AFG,Afghanistan,2010,560.621505463146
AFG,Afghanistan,2009,452.053705477043
AFG,Afghanistan,2008,381.73323802844
AFG,Afghanistan,2007,376.223152003876
AFG,Afghanistan,2006,274.218553561575
AFG,Afghanistan,2005,254.184249149336
AFG,Afghanistan,2004,221.763653873013
AFG,Afghanistan,2003,198.871115728727
AFG,Afghanistan,2002,178.954088379235
AFG,Afghanistan,2001,138.706821676113
AFG,Afghanistan,2000,174.930991430166
ALB,Albania,2025,12998.147869552
ALB,Albania,2024,11374.0085781236
ALB,Albania,2023,9740.7023414631
ALB,Albania,2022,7756.96188744253
ALB,Albania,2021,7242.45513146613
ALB,Albania,2020,6027.91350716348
ALB,Albania,2019,6069.43903131027
ALB,Albania,2018,5897.65452588774
ALB,Albania,2017,5006.36012951959
ALB,Albania,2016,4457.63412207495
ALB,Albania,2015,4199.53912925398
ALB,Albania,2014,4793.59751131525
ALB,Albania,2013,4542.92903556739
ALB,Albania,2012,4280.93316338873
ALB,Albania,2011,4465.70914328865
ALB,Albania,2010,4149.14469936847
ALB,Albania,2009,4213.65007574693
ALB,Albania,2008,4498.50486763601
ALB,Albania,2007,3743.05529896187
ALB,Albania,2006,3057.77257038113
ALB,Albania,2005,2741.72136549578
ALB,Albania,2004,2446.90949947798
ALB,Albania,2003,1908.69900687608
ALB,Albania,2002,1479.83884572006
ALB,Albania,2001,1326.41652388077
ALB,Albania,2000,1160.42047054038
ALB,Albania,1999,1056.34481153033
ALB,Albania,1998,831.175344077295
ALB,Albania,1997,728.545523729675
ALB,Albania,1996,1020.97618050188
ALB,Albania,1995,911.320465445326
ALB,Albania,1994,586.416135130865
ALB,Albania,1993,367.279225077581
ALB,Albania,1992,200.852219772323
ALB,Albania,1991,336.586994504629
ALB,Albania,1990,617.230435515505
ALB,Albania,1989,697.995596576519
ALB,Albania,1988,652.774321396566
ALB,Albania,1987,674.793383069492
ALB,Albania,1986,693.873474633887
ALB,Albania,1985,639.865903755552
ALB,Albania,1984,639.484730161417
ALB,Albania,1983,661.546782448624
ALB,Albania,1982,668.454504242454
ALB,Albania,1981,663.2942082544
ALB,Albania,1980,590.607738430529
DZA,Algeria,2025,6051.00322704182
DZA,Algeria,2024,5752.99076651465
DZA,Algeria,2023,5370.477235078
DZA,Algeria,2022,4960.30334332888
DZA,Algeria,2021,4160.55926736925
DZA,Algeria,2020,3743.5419522929
DZA,Algeria,2019,4468.45341883656
DZA,Algeria,2018,4577.21029180491
DZA,Algeria,2017,4554.66753957828
DZA,Algeria,2016,4424.98529027556
DZA,Algeria,2015,4685.05902729002
DZA,Algeria,2014,6094.69392314956
DZA,Algeria,2013,5979.60138960585
DZA,Algeria,2012,6033.64884689543
DZA,Algeria,2011,5916.31364364343
DZA,Algeria,2010,4912.78585503672
DZA,Algeria,2009,4235.42990456612
DZA,Algeria,2008,5180.91881514686
DZA,Algeria,2007,4167.45169937531
DZA,Algeria,2006,3660.66104745322
DZA,Algeria,2005,3233.13339634212
DZA,Algeria,2004,2816.99384960555
DZA,Algeria,2003,2283.77299346126
DZA,Algeria,2002,1937.46411413019
DZA,Algeria,2001,1896.30020878013
DZA,Algeria,2000,1772.92869122761
DZA,Algeria,1999,1596.11822239025
DZA,Algeria,1998,1603.36623200836
DZA,Algeria,1997,1628.76100561506
DZA,Algeria,1996,1616.83198721285
DZA,Algeria,1995,1466.94806760415
DZA,Algeria,1994,1525.54061760288
DZA,Algeria,1993,1831.04800976449
DZA,Algeria,1992,1802.69300801289
DZA,Algeria,1991,1759.11201648229
DZA,Algeria,1990,2445.18332740258
DZA,Algeria,1989,2247.4602712492
DZA,Algeria,1988,2450.87242078961
DZA,Algeria,1987,2847.0776691988
DZA,Algeria,1986,2800.20270812187
DZA,Algeria,1985,2632.51711109075
DZA,Algeria,1984,2524.38071403143
DZA,Algeria,1983,2373.82511968473
DZA,Algeria,1982,2274.87800990349
DZA,Algeria,1981,2307.33434430543
DZA,Algeria,1980,2275.77971158899
DZA,Algeria,1979,1843.11929565984
DZA,Algeria,1978,1505.94222127977
DZA,Algeria,1977,1232.49418664321
DZA,Algeria,1976,1080.38620675609
DZA,Algeria,1975,992.302037378411
DZA,Algeria,1974,872.889277439184
DZA,Algeria,1973,589.518126935221
DZA,Algeria,1972,469.030996510511
DZA,Algeria,1971,360.111081707845
DZA,Algeria,1970,352.845766557928
DZA,Algeria,1969,315.914655734237
DZA,Algeria,1968,292.436036368561
DZA,Algeria,1967,261.792442124002
DZA,Algeria,1966,241.44896961658
DZA,Algeria,1965,253.622059985778
DZA,Algeria,1964,238.863801545015
DZA,Algeria,1963,225.584660210993
DZA,Algeria,1962,169.60286272133
DZA,Algeria,1961,209.370672655334
DZA,Algeria,1960,238.392476666447
ASM,American Samoa,2022,18017.4589383973
ASM,American Samoa,2021,15236.1604875571
ASM,American Samoa,2020,14489.2586563775
ASM,American Samoa,2019,12886.1359517218
ASM,American Samoa,2018,12552.0546868861
ASM,American Samoa,2017,11863.6839452565
ASM,American Samoa,2016,12843.3342903627
ASM,American Samoa,2015,12727.4102651386
ASM,American Samoa,2014,12026.3344929488
ASM,American Samoa,2013,11813.5022034589
ASM,American Samoa,2012,11745.4899153958
ASM,American Samoa,2011,10383.459331451
ASM,American Samoa,2010,10375.1720141957
ASM,American Samoa,2009,12156.0293905777
ASM,American Samoa,2008,10030.8089130902
ASM,American Samoa,2007,9231.37240924563
ASM,American Samoa,2006,8745.16621137404
ASM,American Samoa,2005,8831.26975996609
ASM,American Samoa,2004,8958.42866697173
ASM,American Samoa,2003,9197.66196836987
ASM,American Samoa,2002,8972.69636535698
AND,Andorra,2025,54291.5026031052
AND,Andorra,2024,49357.437070178
AND,Andorra,2023,46812.448450114
AND,Andorra,2022,42414.0590111349
AND,Andorra,2021,42425.6996761083
AND,Andorra,2020,37361.090067211
AND,Andorra,2019,41257.8045861543
AND,Andorra,2018,42819.774579353
AND,Andorra,2017,40672.9943362327
AND,Andorra,2016,40129.8192026671
AND,Andorra,2015,38654.9347217207
AND,Andorra,2014,44369.6596894579
AND,Andorra,2013,42470.3161158563
AND,Andorra,2012,41500.5435782722
AND,Andorra,2011,46657.1561204071
AND,Andorra,2010,42746.830952263
AND,Andorra,2009,43975.0183658196
AND,Andorra,2008,49132.5157047203
AND,Andorra,2007,48336.2283340364
AND,Andorra,2006,43467.210990395
AND,Andorra,2005,40829.801878928
AND,Andorra,2004,39021.1278078772
AND,Andorra,2003,34063.5784040571
AND,Andorra,2002,26528.1301571494
AND,Andorra,2001,23511.2951466328
AND,Andorra,2000,21810.2487426174
AND,Andorra,1999,18875.2869134938
AND,Andorra,1998,18536.5084282698
AND,Andorra,1997,18247.9995651361
AND,Andorra,1996,19130.1597151312
AND,Andorra,1995,18443.2545197741
AND,Andorra,1994,15748.5307503373
AND,Andorra,1993,15916.8395162087
AND,Andorra,1992,20099.5352208543
AND,Andorra,1991,19533.2620668023
AND,Andorra,1990,19563.6574722488
AND,Andorra,1989,15714.9265516576
AND,Andorra,1988,14599.0355178798
AND,Andorra,1987,12828.1519430152
AND,Andorra,1986,10539.1177869653
AND,Andorra,1985,7911.98436223964
AND,Andorra,1984,7808.13002713549
AND,Andorra,1983,8082.09152017435
AND,Andorra,1982,9697.52201994133
AND,Andorra,1981,10465.2604643624
AND,Andorra,1980,12474.9252919904
AND,Andorra,1979,11996.4072860354
AND,Andorra,1978,9409.50851272793
AND,Andorra,1977,8167.92286159334
AND,Andorra,1976,7721.28858646797
AND,Andorra,1975,7925.41577090452
AND,Andorra,1974,7139.5745119838
AND,Andorra,1973,6151.02717030722
AND,Andorra,1972,4940.29696239207
AND,Andorra,1971,4169.69537103885
AND,Andorra,1970,3935.41127779609
AGO,Angola,2025,3129.47662331063
AGO,Angola,2024,2720.81900669715
AGO,Angola,2023,2885.51349130806
AGO,Angola,2022,3598.53669077341
AGO,Angola,2021,2266.96834861584
AGO,Angola,2020,1749.1794838482
AGO,Angola,2019,2507.86807213642
AGO,Angola,2018,2891.83032378747
AGO,Angola,2017,2832.14997950512
AGO,Angola,2016,2082.37343594705
AGO,Angola,2015,3641.72893920253
AGO,Angola,2014,5649.68762467535
AGO,Angola,2013,5688.57916213471
AGO,Angola,2012,5702.45306277434
AGO,Angola,2011,5184.15269151846
AGO,Angola,2010,4101.63715564669
AGO,Angola,2009,3645.14846565169
AGO,Angola,2008,4578.15526451058
AGO,Angola,2007,3515.05678985496
AGO,Angola,2006,2930.44428606516
AGO,Angola,2005,2145.88621098663
AGO,Angola,2004,1451.47117870872
AGO,Angola,2003,1133.66331960414
AGO,Angola,2002,999.065855956628
AGO,Angola,2001,533.586202412447
AGO,Angola,2000,563.733795571487
AGO,Angola,1999,392.725539027496
AGO,Angola,1998,429.188126933192
AGO,Angola,1997,521.70291489053
AGO,Angola,1996,531.115366543271
AGO,Angola,1995,404.29481849612
AGO,Angola,1994,334.973590276074
AGO,Angola,1993,449.727894936295
AGO,Angola,1992,668.706017459877
AGO,Angola,1991,881.919488130062
AGO,Angola,1990,965.866840464665
AGO,Angola,1989,907.747893072933
AGO,Angola,1988,807.439628386237
AGO,Angola,1987,770.10114008645
AGO,Angola,1986,697.52660239925
AGO,Angola,1985,772.468832586262
AGO,Angola,1984,650.491094413218
AGO,Angola,1983,636.83281102292
AGO,Angola,1982,634.221467312778
AGO,Angola,1981,657.982648547394
AGO,Angola,1980,729.111965489818
ATG,Antigua and Barbuda,2025,24819.2454680158
ATG,Antigua and Barbuda,2024,23059.8330702839
ATG,Antigua and Barbuda,2023,22012.2625947994
ATG,Antigua and Barbuda,2022,20003.3909394099
ATG,Antigua and Barbuda,2021,17348.6006987182
ATG,Antigua and Barbuda,2020,15369.6082250401
ATG,Antigua and Barbuda,2019,18896.3721832248
ATG,Antigua and Barbuda,2018,18273.4270684912
ATG,Antigua and Barbuda,2017,16965.7288273816
ATG,Antigua and Barbuda,2016,16556.8551801588
ATG,Antigua and Barbuda,2015,16077.6340769406
ATG,Antigua and Barbuda,2014,15532.1062063584
ATG,Antigua and Barbuda,2013,15051.5113587425
ATG,Antigua and Barbuda,2012,15639.8078114787
ATG,Antigua and Barbuda,2011,14911.7275084471
ATG,Antigua and Barbuda,2010,15217.3950790922
ATG,Antigua and Barbuda,2009,16472.2478528568
ATG,Antigua and Barbuda,2008,18786.6743142216
ATG,Antigua and Barbuda,2007,18204.5124043068
ATG,Antigua and Barbuda,2006,16173.8136329968
ATG,Antigua and Barbuda,2005,14368.5708796058
ATG,Antigua and Barbuda,2004,13037.8895772257
ATG,Antigua and Barbuda,2003,12173.2319860305
ATG,Antigua and Barbuda,2002,11658.6949915956
ATG,Antigua and Barbuda,2001,11539.1825063308
ATG,Antigua and Barbuda,2000,12027.4949768222
ATG,Antigua and Barbuda,1999,11342.3349230913
ATG,Antigua and Barbuda,1998,10906.8785406961
ATG,Antigua and Barbuda,1997,10336.2591617838
ATG,Antigua and Barbuda,1996,9756.08717951992
ATG,Antigua and Barbuda,1995,9034.47552907143
ATG,Antigua and Barbuda,1994,9351.48753768505
ATG,Antigua and Barbuda,1993,8624.62016806628
ATG,Antigua and Barbuda,1992,8153.73786307269
ATG,Antigua and Barbuda,1991,7956.47430919648
ATG,Antigua and Barbuda,1990,7590.75442423046
ATG,Antigua and Barbuda,1989,7187.90484128028
ATG,Antigua and Barbuda,1988,6466.15683473424
ATG,Antigua and Barbuda,1987,5424.36847756962
ATG,Antigua and Barbuda,1986,4629.45676400154
ATG,Antigua and Barbuda,1985,3814.3142290779
ATG,Antigua and Barbuda,1984,3270.7810304062
ATG,Antigua and Barbuda,1983,2846.99335735773
ATG,Antigua and Barbuda,1982,2569.18182363887
ATG,Antigua and Barbuda,1981,2310.19699820442
ATG,Antigua and Barbuda,1980,2053.10327921275
ATG,Antigua and Barbuda,1979,1705.14199048287
ATG,Antigua and Barbuda,1978,1374.82027453607
ATG,Antigua and Barbuda,1977,1213.67021714646
ARG,Argentina,2025,14898.0885943842
ARG,Argentina,2024,13969.7836603737
ARG,Argentina,2023,14261.8465667948
ARG,Argentina,2022,13962.1894087223
ARG,Argentina,2021,10738.0179223384
ARG,Argentina,2020,8535.59938004389
ARG,Argentina,2019,9955.97478680428
ARG,Argentina,2018,11752.7998922979
ARG,Argentina,2017,14532.5009308511
ARG,Argentina,2016,12699.9623137756
ARG,Argentina,2015,13679.6264980954
ARG,Argentina,2014,12233.1444119186
ARG,Argentina,2013,12963.675773326
ARG,Argentina,2012,12949.717486654
ARG,Argentina,2011,12704.2831819684
ARG,Argentina,2010,10260.1313108254
ARG,Argentina,2009,8150.23527028221
ARG,Argentina,2008,8944.1102657357
ARG,Argentina,2007,7185.25155147027
ARG,Argentina,2006,5869.38028970204
ARG,Argentina,2005,5067.65342293276
ARG,Argentina,2004,4242.02099089422
ARG,Argentina,2003,3320.47775133903
ARG,Argentina,2002,2569.69963519124
ARG,Argentina,2001,7141.47507662826
ARG,Argentina,2000,7637.01489203628
ARG,Argentina,1999,7705.54288252851
ARG,Argentina,1998,8218.99212764682
ARG,Argentina,1997,8146.78710021431
ARG,Argentina,1996,7663.21271287469
ARG,Argentina,1995,7357.6162773788
ARG,Argentina,1994,7437.56242327594
ARG,Argentina,1993,6931.85596375876
ARG,Argentina,1992,6789.99611136495
ARG,Argentina,1991,5709.24784079504
ARG,Argentina,1990,4315.33403111588
ARG,Argentina,1989,2374.57321551641
ARG,Argentina,1988,3992.70330179156
ARG,Argentina,1987,3477.30131979313
ARG,Argentina,1986,3436.07819471053
ARG,Argentina,1985,2905.77565536137
ARG,Argentina,1984,3915.03492645691
ARG,Argentina,1983,3537.7473459832
ARG,Argentina,1982,2914.76708504176
ARG,Argentina,1981,2764.08641421079
ARG,Argentina,1980,2747.5022751674
ARG,Argentina,1979,2511.97332905958
ARG,Argentina,1978,3282.06304446289
ARG,Argentina,1977,2126.48546048047
ARG,Argentina,1976,1946.91990388248
ARG,Argentina,1975,2026.68435752865
ARG,Argentina,1974,2844.96990526761
ARG,Argentina,1973,2097.89945010806
ARG,Argentina,1972,1409.37097316211
ARG,Argentina,1971,1372.50746646061
ARG,Argentina,1970,1322.71454216808
ARG,Argentina,1969,1329.56181832409
ARG,Argentina,1968,1141.95211617341
ARG,Argentina,1967,1063.93283833587
ARG,Argentina,1966,1275.07843418966
ARG,Argentina,1965,1281.83337976859
ARG,Argentina,1964,1176.20086190313
ARG,Argentina,1963,852.972425139433
ARG,Argentina,1962,870.217490905403
ARG,Argentina,1961,971.338043308372
ARG,Argentina,1960,778.251706763404
ARM,Armenia,2025,9474.01849300368
ARM,Armenia,2024,8556.21406956719
ARM,Armenia,2023,8159.08720967996
ARM,Armenia,2022,6571.97445545099
ARM,Armenia,2021,4685.17997128509
ARM,Armenia,2020,4268.68093304583
ARM,Armenia,2019,4597.22887399548
ARM,Armenia,2018,4196.00562301769
ARM,Armenia,2017,3869.05373867752
ARM,Armenia,2016,3524.42476874707
ARM,Armenia,2015,3512.39350276709
ARM,Armenia,2014,3852.11800610384
ARM,Armenia,2013,3680.16692158886
ARM,Armenia,2012,3511.56399687426
ARM,Armenia,2011,3349.55309771906
ARM,Armenia,2010,3041.34450723339
ARM,Armenia,2009,2820.5926553347
ARM,Armenia,2008,3777.66859313767
ARM,Armenia,2007,2962.70234594569
ARM,Armenia,2006,2041.65267068997
ARM,Armenia,2005,1557.48458908655
ARM,Armenia,2004,1130.08791444158
ARM,Armenia,2003,882.030167695474
ARM,Armenia,2002,742.651118319819
ARM,Armenia,2001,659.588988535629
ARM,Armenia,2000,593.450581742282
ARM,Armenia,1999,582.669886150895
ARM,Armenia,1998,590.239947333459
ARM,Armenia,1997,505.035887057966
ARM,Armenia,1996,487.068624404558
ARM,Armenia,1995,443.924860857976
ARM,Armenia,1994,390.879964297655
ARM,Armenia,1993,347.870644720878
ARM,Armenia,1992,356.350780006933
ARM,Armenia,1991,572.740260900977
ARM,Armenia,1990,635.355327502517
ABW,Aruba,2024,38590.5650288641
ABW,Aruba,2023,34897.6183932009
ABW,Aruba,2022,31000.5713798732
ABW,Aruba,2021,26827.3447869986
ABW,Aruba,2020,22664.3709949437
ABW,Aruba,2019,30654.4851235397
ABW,Aruba,2018,30082.1584226798
ABW,Aruba,2017,28440.0416881491
ABW,Aruba,2016,27441.5502144601
ABW,Aruba,2015,27458.2201537506
ABW,Aruba,2014,26129.8390617693
ABW,Aruba,2013,25813.5714408438
ABW,Aruba,2012,25119.6655449838
ABW,Aruba,2011,25712.3843015186
ABW,Aruba,2010,24093.1401510626
ABW,Aruba,2009,25134.7712303589
ABW,Aruba,2008,28171.9094008501
ABW,Aruba,2007,26736.3089444046
ABW,Aruba,2006,24845.65848362
ABW,Aruba,2005,24171.8371325422
ABW,Aruba,2004,23700.6319899197
ABW,Aruba,2003,21949.4859960868
ABW,Aruba,2002,21307.2482505267
ABW,Aruba,2001,20740.1325828172
ABW,Aruba,2000,20681.0230269625
ABW,Aruba,1999,19216.1972354472
ABW,Aruba,1998,18828.0870594071
ABW,Aruba,1997,17750.0095644198
ABW,Aruba,1996,16620.9545555513
ABW,Aruba,1995,16548.7173868987
ABW,Aruba,1994,16055.2877874337
ABW,Aruba,1993,14700.9598081521
ABW,Aruba,1992,13892.6051427736
ABW,Aruba,1991,13233.9905169683
ABW,Aruba,1990,12187.5363611898
ABW,Aruba,1989,11507.2171509849
ABW,Aruba,1988,10056.2613927414
ABW,Aruba,1987,8244.04566011433
ABW,Aruba,1986,6767.55922942669
AUS,Australia,2025,65129.7227990563
AUS,Australia,2024,64609.9865116088
AUS,Australia,2023,65058.3773146674
AUS,Australia,2022,65169.5191118657
AUS,Australia,2021,60758.9044397144
AUS,Australia,2020,51983.4523666382
AUS,Australia,2019,55194.7585097428
AUS,Australia,2018,57410.1737346009
AUS,Australia,2017,54117.547718609
AUS,Australia,2016,50084.4440606385
AUS,Australia,2015,56970.3613028094
AUS,Australia,2014,62817.2061751737
AUS,Australia,2013,68476.6788496118
AUS,Australia,2012,68301.4402512587
AUS,Australia,2011,62799.3895017032
AUS,Australia,2010,52313.8939041213
AUS,Australia,2009,42954.8494884573
AUS,Australia,2008,49811.2067218988
AUS,Australia,2007,41128.2476618402
AUS,Australia,2006,36658.8243476122
AUS,Australia,2005,34535.20727091
AUS,Australia,2004,30886.0500949401
AUS,Australia,2003,23757.5898471684
AUS,Australia,2002,20335.0960191023
AUS,Australia,2001,19733.6510102645
AUS,Australia,2000,21908.9968019784
AUS,Australia,1999,20749.6443779096
AUS,Australia,1998,21516.0403147759
AUS,Australia,1997,23683.4948964934
AUS,Australia,1996,22055.838490507
AUS,Australia,1995,20479.1748274233
AUS,Australia,1994,18155.6282000179
AUS,Australia,1993,17724.5399501656
AUS,Australia,1992,18650.3675476612
AUS,Australia,1991,18885.4274465057
AUS,Australia,1990,18273.561526468
AUS,Australia,1989,17857.5520554588
AUS,Australia,1988,14303.093047615
AUS,Australia,1987,11665.5298271811
AUS,Australia,1986,11406.1093011037
AUS,Australia,1985,11455.379711213
AUS,Australia,1984,12436.2969052038
AUS,Australia,1983,11532.4028055582
AUS,Australia,1982,12797.6758959809
AUS,Australia,1981,11870.8633077339
AUS,Australia,1980,10223.2886675105
AUS,Australia,1979,9307.82127950011
AUS,Australia,1978,8264.43890373653
AUS,Australia,1977,7786.4080406928
AUS,Australia,1976,7497.28175413577
AUS,Australia,1975,7013.67159761514
AUS,Australia,1974,6491.74521621099
AUS,Australia,1973,4777.513168995
AUS,Australia,1972,3955.22430403017
AUS,Australia,1971,3500.33603195606
AUS,Australia,1970,3309.76306254362
AUS,Australia,1969,2995.86119857452
AUS,Australia,1968,2728.23426114901
AUS,Australia,1967,2583.9075241973
AUS,Australia,1966,2347.37656646515
AUS,Australia,1965,2284.35582738664
AUS,Australia,1964,2134.48946124608
AUS,Australia,1963,1970.17748417817
AUS,Australia,1962,1857.56127281956
AUS,Australia,1961,1880.48489498232
AUS,Australia,1960,1813.43109917039
AUT,Austria,2025,62930.0351324599
AUT,Austria,2024,58268.8787651601
AUT,Austria,2023,56579.504175468
AUT,Austria,2022,52336.7725223758
AUT,Austria,2021,53648.6437976214
AUT,Austria,2020,48716.4098900349
AUT,Austria,2019,49885.9947355204
AUT,Austria,2018,51194.0749841299
AUT,Austria,2017,47163.7425775142
AUT,Austria,2016,45061.4993920192
AUT,Austria,2015,43915.228020857
AUT,Austria,2014,51314.9722616322
AUT,Austria,2013,50305.3545774973
AUT,Austria,2012,48250.4059142637
AUT,Austria,2011,51116.8953522042
AUT,Austria,2010,46611.1393420232
AUT,Austria,2009,47857.4446635266
AUT,Austria,2008,51581.3982361071
AUT,Austria,2007,46622.9622913635
AUT,Austria,2006,40382.2078298575
AUT,Austria,2005,38157.37022862
AUT,Austria,2004,36614.2506533707
AUT,Austria,2003,32110.1159661425
AUT,Austria,2002,26334.862215032
AUT,Austria,2001,24430.495982841
AUT,Austria,2000,24487.2974685956
AUT,Austria,1999,27078.7081612201
AUT,Austria,1998,27212.4642905708
AUT,Austria,1997,26571.7523626508
AUT,Austria,1996,29645.9451251491
AUT,Austria,1995,30207.0674314652
AUT,Austria,1994,25546.2460525087
AUT,Austria,1993,23987.2037240657
AUT,Austria,1992,24782.7118767063
AUT,Austria,1991,22323.1312492943
AUT,Austria,1990,21596.068219998
AUT,Austria,1989,17400.5226619741
AUT,Austria,1988,17509.7658683817
AUT,Austria,1987,16328.5613047296
AUT,Austria,1986,13031.8281010744
AUT,Austria,1985,9136.17092559695
AUT,Austria,1984,8955.84829191534
AUT,Austria,1983,9500.05070417494
AUT,Austria,1982,9373.48820626125
AUT,Austria,1981,9348.48832395232
AUT,Austria,1980,10826.9718274995
AUT,Austria,1979,9755.4044562579
AUT,Austria,1978,8173.32926347245
AUT,Austria,1977,6783.95142193665
AUT,Austria,1976,5656.1451383787
AUT,Austria,1975,5264.91772004051
AUT,Austria,1974,4612.61920779656
AUT,Austria,1973,3875.48305618551
AUT,Austria,1972,2912.59577111524
AUT,Austria,1971,2371.65247955003
AUT,Austria,1970,2050.7051537705
AUT,Austria,1969,1834.0780781796
AUT,Austria,1968,1685.66211669148
AUT,Austria,1967,1577.14147705169
AUT,Austria,1966,1494.04911382106
AUT,Austria,1965,1381.07725824421
AUT,Austria,1964,1275.45715281679
AUT,Austria,1963,1172.55744626178
AUT,Austria,1962,1093.01419061569
AUT,Austria,1961,1036.72820436083
AUT,Austria,1960,939.914814681174
AZE,Azerbaijan,2025,7410.72281660142
AZE,Azerbaijan,2024,7294.64276088105
AZE,Azerbaijan,2023,7133.02838048328
AZE,Azerbaijan,2022,7770.594223351
AZE,Azerbaijan,2021,5408.04535175023
AZE,Azerbaijan,2020,4229.91064904503
AZE,Azerbaijan,2019,4805.75371765917
AZE,Azerbaijan,2018,4739.7943123408
AZE,Azerbaijan,2017,4147.1981423222
AZE,Azerbaijan,2016,3880.6852276838
AZE,Azerbaijan,2015,5500.50364628486
AZE,Azerbaijan,2014,7890.84028062087
AZE,Azerbaijan,2013,7875.34536661549
AZE,Azerbaijan,2012,7495.86527658099
AZE,Azerbaijan,2011,7189.81869211976
AZE,Azerbaijan,2010,5843.5337683582
AZE,Azerbaijan,2009,4950.39949009423
AZE,Azerbaijan,2008,5574.46810432575
AZE,Azerbaijan,2007,3851.33015175141
AZE,Azerbaijan,2006,2472.95725732287
AZE,Azerbaijan,2005,1578.36733030667
AZE,Azerbaijan,2004,1045.0136328106
AZE,Azerbaijan,2003,883.692580745256
AZE,Azerbaijan,2002,763.108895463487
AZE,Azerbaijan,2001,703.670998584686
AZE,Azerbaijan,2000,655.097249579917
AZE,Azerbaijan,1999,573.893528734031
AZE,Azerbaijan,1998,561.906807871869
AZE,Azerbaijan,1997,505.516204188336
AZE,Azerbaijan,1996,409.185543774103
AZE,Azerbaijan,1995,314.55801908334
AZE,Azerbaijan,1994,157.063549947072
AZE,Azerbaijan,1993,209.530954548425
AZE,Azerbaijan,1992,60.2351205405972
AZE,Azerbaijan,1991,734.944232805688
AZE,Azerbaijan,1990,1238.27189274842
BHS,"Bahamas, The",2024,39455.4466548546
BHS,"Bahamas, The",2023,38231.774484278
BHS,"Bahamas, The",2022,34957.1613279737
BHS,"Bahamas, The",2021,30367.8605757708
BHS,"Bahamas, The",2020,26178.7537607708
BHS,"Bahamas, The",2019,33640.3369861278
BHS,"Bahamas, The",2018,32642.3353203452
BHS,"Bahamas, The",2017,31875.4881749619
BHS,"Bahamas, The",2016,30616.5363157284
BHS,"Bahamas, The",2015,30719.405417469
BHS,"Bahamas, The",2014,29137.2175632622
BHS,"Bahamas, The",2013,27642.7419759179
BHS,"Bahamas, The",2012,28552.0242683151
BHS,"Bahamas, The",2011,27090.8376801379
BHS,"Bahamas, The",2010,27473.100430502
BHS,"Bahamas, The",2009,27512.9130950084
BHS,"Bahamas, The",2008,29392.3824416397
BHS,"Bahamas, The",2007,30051.8489587756
BHS,"Bahamas, The",2006,29184.7865087908
BHS,"Bahamas, The",2005,28602.4181869995
BHS,"Bahamas, The",2004,26650.2934234303
BHS,"Bahamas, The",2003,26429.1247787663
BHS,"Bahamas, The",2002,26781.6195938652
BHS,"Bahamas, The",2001,25371.9237667614
BHS,"Bahamas, The",2000,24940.0775086078
BHS,"Bahamas, The",1999,24041.0933188158
BHS,"Bahamas, The",1998,21667.448821694
BHS,"Bahamas, The",1997,20367.5732702056
BHS,"Bahamas, The",1996,11783.797197226
BHS,"Bahamas, The",1995,11374.6056703852
BHS,"Bahamas, The",1994,10991.2346674131
BHS,"Bahamas, The",1993,10613.0658785813
BHS,"Bahamas, The",1992,10873.4047501635
BHS,"Bahamas, The",1991,11082.3528573617
BHS,"Bahamas, The",1990,11473.3008389353
BHS,"Bahamas, The",1989,11291.4764472044
BHS,"Bahamas, The",1988,10575.797153666
BHS,"Bahamas, The",1987,10361.3488079104
BHS,"Bahamas, The",1986,9600.599527833
BHS,"Bahamas, The",1985,9167.14687502469
BHS,"Bahamas, The",1984,8201.70133768379
BHS,"Bahamas, The",1983,7081.38194836084
BHS,"Bahamas, The",1982,6559.46869259478
BHS,"Bahamas, The",1981,6028.80641044063
BHS,"Bahamas, The",1980,5742.58362505698
BHS,"Bahamas, The",1979,4994.08535249529
BHS,"Bahamas, The",1978,3720.04057901064
BHS,"Bahamas, The",1977,3253.37543404956
BHS,"Bahamas, The",1976,2993.45923795227
BHS,"Bahamas, The",1975,2840.58965343091
BHS,"Bahamas, The",1974,3079.74014083821
BHS,"Bahamas, The",1973,3341.2852169669
BHS,"Bahamas, The",1972,3013.95016704496
BHS,"Bahamas, The",1971,3004.34356612542
BHS,"Bahamas, The",1970,2916.49998378221
BHS,"Bahamas, The",1969,3026.72757204421
BHS,"Bahamas, The",1968,2668.01498039262
BHS,"Bahamas, The",1967,2452.74763198925
BHS,"Bahamas, The",1966,2239.23963996539
BHS,"Bahamas, The",1965,2029.52341329301
BHS,"Bahamas, The",1964,1883.44386022276
BHS,"Bahamas, The",1963,1759.23692156911
BHS,"Bahamas, The",1962,1651.21861850222
BHS,"Bahamas, The",1961,1555.04660837439
BHS,"Bahamas, The",1960,1459.25382495907
BHR,Bahrain,2025,30596.5794898885
BHR,Bahrain,2024,29717.1424605273
BHR,Bahrain,2023,29290.1284215098
BHR,Bahrain,2022,30470.5219276023
BHR,Bahrain,2021,27147.8083882286
BHR,Bahrain,2020,24342.8444554718
BHR,Bahrain,2019,27259.7438599327
BHR,Bahrain,2018,26324.4066549559
BHR,Bahrain,2017,24784.7693514607
BHR,Bahrain,2016,23800.001440631
BHR,Bahrain,2015,23734.0551143019
BHR,Bahrain,2014,26451.7965647453
BHR,Bahrain,2013,26989.7601148469
BHR,Bahrain,2012,26438.6733230428
BHR,Bahrain,2011,25032.7867743333
BHR,Bahrain,2010,21819.3291098099
BHR,Bahrain,2009,19465.3140745038
BHR,Bahrain,2008,23299.4992780392
BHR,Bahrain,2007,20908.4042548073
BHR,Bahrain,2006,19267.282615072
BHR,Bahrain,2005,17966.1657837625
BHR,Bahrain,2004,15963.9493171617
BHR,Bahrain,2003,14486.0269029822
BHR,Bahrain,2002,13501.4708801425
BHR,Bahrain,2001,13573.2339887597
BHR,Bahrain,2000,14214.4836839343
BHR,Bahrain,1999,12123.3534715368
BHR,Bahrain,1998,11625.0343768343
BHR,Bahrain,1997,12254.6662583128
BHR,Bahrain,1996,12091.7802188235
BHR,Bahrain,1995,11900.9317778335
BHR,Bahrain,1994,11629.3595219612
BHR,Bahrain,1993,11151.871495742
BHR,Bahrain,1992,10460.1583222808
BHR,Bahrain,1991,10434.1323962786
BHR,Bahrain,1990,9342.53891401688
BHR,Bahrain,1989,8833.41134256929
BHR,Bahrain,1988,8771.7853534009
BHR,Bahrain,1987,8332.91425406054
BHR,Bahrain,1986,7776.95657736318
BHR,Bahrain,1985,9648.65643032674
BHR,Bahrain,1984,10696.9331055208
BHR,Bahrain,1983,10598.8427157127
BHR,Bahrain,1982,10712.1529364009
BHR,Bahrain,1981,10556.5091718735
BHR,Bahrain,1980,9732.72587186027
BHR,Bahrain,1979,7890.82982494874
BHR,Bahrain,1978,6925.98893207436
BHR,Bahrain,1977,6358.42084195442
BHR,Bahrain,1976,5310.19132615533
BHR,Bahrain,1975,3880.44047162927
BHR,Bahrain,1974,3873.71629107511
BHR,Bahrain,1973,2981.09253134976
BHR,Bahrain,1972,2205.917004377
BHR,Bahrain,1971,1829.74070543315
BHR,Bahrain,1970,1741.82245407152
BGD,Bangladesh,2025,2597.34352335275
BGD,Bangladesh,2024,2593.41611680774
BGD,Bangladesh,2023,2551.01773827307
BGD,Bangladesh,2022,2716.48592780431
BGD,Bangladesh,2021,2482.84917843357
BGD,Bangladesh,2020,2248.85078828233
BGD,Bangladesh,2019,2129.79896954606
BGD,Bangladesh,2018,1965.24372731467
BGD,Bangladesh,2017,1811.08221668646
BGD,Bangladesh,2016,1649.28380858601
BGD,Bangladesh,2015,1224.38647668165
BGD,Bangladesh,2014,1094.46199702838
BGD,Bangladesh,2013,958.262989798283
BGD,Bangladesh,2012,859.680536375497
BGD,Bangladesh,2011,837.336944695647
BGD,Bangladesh,2010,757.385280361508
BGD,Bangladesh,2009,679.211477428056
BGD,Bangladesh,2008,613.06204104124
BGD,Bangladesh,2007,537.955492792911
BGD,Bangladesh,2006,490.388026533289
BGD,Bangladesh,2005,480.08585075452
BGD,Bangladesh,2004,455.614016909798
BGD,Bangladesh,2003,426.74880754362
BGD,Bangladesh,2002,393.886422327628
BGD,Bangladesh,2001,394.65641001891
BGD,Bangladesh,2000,396.670730249751
BGD,Bangladesh,1999,388.095684268235
BGD,Bangladesh,1998,385.616881752796
BGD,Bangladesh,1997,379.284917709635
BGD,Bangladesh,1996,371.917937677345
BGD,Bangladesh,1995,309.458680823367
BGD,Bangladesh,1994,280.603031791216
BGD,Bangladesh,1993,280.757274450366
BGD,Bangladesh,1992,273.465072520272
BGD,Bangladesh,1991,272.064948495878
BGD,Bangladesh,1990,283.053737055234
BGD,Bangladesh,1989,263.005720827547
BGD,Bangladesh,1988,247.901465967332
BGD,Bangladesh,1987,231.499584520483
BGD,Bangladesh,1986,212.14899385306
BGD,Bangladesh,1985,222.22018039634
BGD,Bangladesh,1984,193.435020976238
BGD,Bangladesh,1983,184.70677287459
BGD,Bangladesh,1982,199.595944646851
BGD,Bangladesh,1981,224.241392391192
BGD,Bangladesh,1980,206.075714312155
BGD,Bangladesh,1979,181.130706703135
BGD,Bangladesh,1978,158.324255152285
BGD,Bangladesh,1977,117.887771379224
BGD,Bangladesh,1976,126.693044204437
BGD,Bangladesh,1975,249.804254016022
BGD,Bangladesh,1974,164.986393602814
BGD,Bangladesh,1973,109.691726756912
BGD,Bangladesh,1972,87.773765191476
BGD,Bangladesh,1971,124.533963099152
BGD,Bangladesh,1970,130.218160844955
BGD,Bangladesh,1969,125.880311698198
BGD,Bangladesh,1968,114.414967470375
BGD,Bangladesh,1967,114.209881696109
BGD,Bangladesh,1966,104.42205467886
BGD,Bangladesh,1965,98.6041470420746
BGD,Bangladesh,1964,92.5782977938389
BGD,Bangladesh,1963,94.1423742967849
BGD,Bangladesh,1962,92.5894211769315
BGD,Bangladesh,1961,90.3685786294248
BGD,Bangladesh,1960,82.4812774116354
BRB,Barbados,2025,28364.8181499736
BRB,Barbados,2024,26897.2002039176
BRB,Barbados,2023,25583.8722302505
BRB,Barbados,2022,24393.2193483944
BRB,Barbados,2021,21084.4013935998
BRB,Barbados,2020,19180.9915228365
BRB,Barbados,2019,21929.435611489
BRB,Barbados,2018,21378.2201267496
BRB,Barbados,2017,20870.7596432179
BRB,Barbados,2016,20311.4094163764
BRB,Barbados,2015,20429.4747123553
BRB,Barbados,2014,20423.7177921163
BRB,Barbados,2013,20384.4910233555
BRB,Barbados,2012,19811.2953079751
BRB,Barbados,2011,20146.2381264508
BRB,Barbados,2010,19723.2381931602
BRB,Barbados,2009,16294.9099491834
BRB,Barbados,2008,17565.6929970592
BRB,Barbados,2007,17235.4396434785
BRB,Barbados,2006,15619.6005955511
BRB,Barbados,2005,14214.4202213572
BRB,Barbados,2004,12886.3665272467
BRB,Barbados,2003,12075.9587020649
BRB,Barbados,2002,11760.4524736133
BRB,Barbados,2001,11639.5160522054
BRB,Barbados,2000,11674.6736471764
BRB,Barbados,1999,11244.3087668392
BRB,Barbados,1998,10734.3637242884
BRB,Barbados,1997,9521.57127377123
BRB,Barbados,1996,9011.77884838722
BRB,Barbados,1995,8460.47380869104
BRB,Barbados,1994,8223.16681181719
BRB,Barbados,1993,7904.70762426389
BRB,Barbados,1992,7519.20143544898
BRB,Barbados,1991,7790.26229439159
BRB,Barbados,1990,7781.40573306125
BRB,Barbados,1989,7772.55022803365
BRB,Barbados,1988,7032.65370811416
BRB,Barbados,1987,6624.59939505809
BRB,Barbados,1986,6031.35860779383
BRB,Barbados,1985,5509.8746029115
BRB,Barbados,1984,5283.57944099441
BRB,Barbados,1983,4866.35999061756
BRB,Barbados,1982,4598.7626399513
BRB,Barbados,1981,4416.71519879857
BRB,Barbados,1980,4024.58856621204
BRB,Barbados,1979,2667.90751006045
BRB,Barbados,1978,2197.89906243719
BRB,Barbados,1977,1967.59344395667
BRB,Barbados,1976,1733.64540764741
BRB,Barbados,1975,1601.18883256516
BRB,Barbados,1974,1243.35417471937
BRB,Barbados,1973,1041.72956280824
BRB,Barbados,1972,856.071973120587
BRB,Barbados,1971,749.801351020502
BRB,Barbados,1970,666.475008721385
BRB,Barbados,1969,566.833205048027
BRB,Barbados,1968,505.889066146294
BRB,Barbados,1967,508.128619491284
BRB,Barbados,1966,462.028452555116
BRB,Barbados,1965,433.228679761215
BRB,Barbados,1964,413.625432165232
BRB,Barbados,1963,420.504389538497
BRB,Barbados,1962,377.438456365881
BRB,Barbados,1961,366.135499084709
BRB,Barbados,1960,346.575456793331
BLR,Belarus,2025,10279.2547190723
BLR,Belarus,2024,8605.60954569694
BLR,Belarus,2023,7896.75388295584
BLR,Belarus,2022,7994.64806074889
BLR,Belarus,2021,7489.71894713888
BLR,Belarus,2020,6542.85579976768
BLR,Belarus,2019,6837.77339645635
BLR,Belarus,2018,6360.037502312
BLR,Belarus,2017,5785.54491935194
BLR,Belarus,2016,5039.77560949445
BLR,Belarus,2015,5967.05595058777
BLR,Belarus,2014,8341.31809294883
BLR,Belarus,2013,7998.0802045456
BLR,Belarus,2012,6953.21591683101
BLR,Belarus,2011,6527.6593428786
BLR,Belarus,2010,6034.67885177216
BLR,Belarus,2009,5352.48809190697
BLR,Belarus,2008,6376.17569162063
BLR,Belarus,2007,4735.48107556066
BLR,Belarus,2006,3848.22350300163
BLR,Belarus,2005,3126.07176665248
BLR,Belarus,2004,2378.33700470129
BLR,Belarus,2003,1819.52653114699
BLR,Belarus,2002,1479.38066337175
BLR,Belarus,2001,1244.37318523431
BLR,Belarus,2000,1276.2880341
BLR,Belarus,1999,1210.6117195862
BLR,Belarus,1998,1511.32531567314
BLR,Belarus,1997,1396.44201900881
BLR,Belarus,1996,1427.26896385327
BLR,Belarus,1995,1370.69991385664
BLR,Belarus,1994,1460.00791360458
BLR,Belarus,1993,1589.51011343649
BLR,Belarus,1992,1658.08641281239
BLR,Belarus,1991,1805.45592531527
BLR,Belarus,1990,1706.64091882343
BEL,Belgium,2025,60750.2735864647
BEL,Belgium,2024,56581.9375642531
BEL,Belgium,2023,55244.68145811
BEL,Belgium,2022,50639.0264882739
BEL,Belgium,2021,51658.238294958
BEL,Belgium,2020,45906.2875805246
BEL,Belgium,2019,46716.6227467964
BEL,Belgium,2018,47487.2100392561
BEL,Belgium,2017,44035.3239358548
BEL,Belgium,2016,41854.5498296444
BEL,Belgium,2015,40893.804537772
BEL,Belgium,2014,47995.7786961339
BEL,Belgium,2013,46964.5946777056
BEL,Belgium,2012,44874.1709182123
BEL,Belgium,2011,47760.8298776546
BEL,Belgium,2010,44197.393671162
BEL,Belgium,2009,44923.3400135081
BEL,Belgium,2008,48303.397956286
BEL,Belgium,2007,44319.165448813
BEL,Belgium,2006,38705.1067959147
BEL,Belgium,2005,36809.7013403619
BEL,Belgium,2004,35429.4077933344
BEL,Belgium,2003,30655.2092679024
BEL,Belgium,2002,25006.191397109
BEL,Belgium,2001,23015.0712632462
BEL,Belgium,2000,23098.8865077401
BEL,Belgium,1999,25252.8019066564
BEL,Belgium,1998,25338.4432934904
BEL,Belgium,1997,24820.9380503896
BEL,Belgium,1996,27489.5551770488
BEL,Belgium,1995,28413.8264387368
BEL,Belgium,1994,24208.5547931447
BEL,Belgium,1993,22283.9360213551
BEL,Belgium,1992,23372.619171015
BEL,Belgium,1991,21041.6606519648
BEL,Belgium,1990,20600.3752789827
BEL,Belgium,1989,16525.0617432848
BEL,Belgium,1988,16391.093827791
BEL,Belgium,1987,15135.8523116968
BEL,Belgium,1986,12170.0406962702
BEL,Belgium,1985,8750.81851250536
BEL,Belgium,1984,8457.26880316374
BEL,Belgium,1983,8846.23429846974
BEL,Belgium,1982,9343.86109959618
BEL,Belgium,1981,10622.8024830789
BEL,Belgium,1980,12864.0025661396
BEL,Belgium,1979,11810.6158754725
BEL,Belgium,1978,10289.7684173296
BEL,Belgium,1977,8426.94695947372
BEL,Belgium,1976,7243.04734119583
BEL,Belgium,1975,6701.37736052433
BEL,Belgium,1974,5733.79813933878
BEL,Belgium,1973,4900.96220075866
BEL,Belgium,1972,3831.63189999433
BEL,Belgium,1971,3082.92798879126
BEL,Belgium,1970,2765.89099664794
BEL,Belgium,1969,2490.1071730838
BEL,Belgium,1968,2251.31575906782
BEL,Belgium,1967,2113.82194132888
BEL,Belgium,1966,1983.13119821777
BEL,Belgium,1965,1859.50998671639
BEL,Belgium,1964,1724.01894179056
BEL,Belgium,1963,1555.02293182578
BEL,Belgium,1962,1457.26516998378
BEL,Belgium,1961,1367.78885228138
BEL,Belgium,1960,1290.28607216192
BLZ,Belize,2025,7865.47937690933
BLZ,Belize,2024,7681.24400583113
BLZ,Belize,2023,7424.75821321022
BLZ,Belize,2022,7068.21728043145
BLZ,Belize,2021,6142.98930557031
BLZ,Belize,2020,5238.54078175696
BLZ,Belize,2019,6171.61449761423
BLZ,Belize,2018,6011.99036888587
BLZ,Belize,2017,6071.85451846453
BLZ,Belize,2016,6140.86713919469
BLZ,Belize,2015,6154.62264230369
BLZ,Belize,2014,6128.12053089077
BLZ,Belize,2013,5957.34953619006
BLZ,Belize,2012,5732.66519942347
BLZ,Belize,2011,5596.05222152289
BLZ,Belize,2010,5461.40735999001
BLZ,Belize,2009,5399.67100001919
BLZ,Belize,2008,5711.81458859709
BLZ,Belize,2007,5762.21023302938
BLZ,Belize,2006,5524.78167834986
BLZ,Belize,2005,5270.41479135312
BLZ,Belize,2004,5153.71308265363
BLZ,Belize,2003,4959.74012434605
BLZ,Belize,2002,4858.86062599362
BLZ,Belize,2001,4718.77715104739
BLZ,Belize,2000,4726.50675459616
BLZ,Belize,1999,4289.5277590653
BLZ,Belize,1998,4125.92539958166
BLZ,Belize,1997,4014.40380600241
BLZ,Belize,1996,4043.26517997242
BLZ,Belize,1995,4009.82752539849
BLZ,Belize,1994,3876.69327011457
BLZ,Belize,1993,3859.6584437307
BLZ,Belize,1992,3642.9480634402
BLZ,Belize,1991,3190.13098802395
BLZ,Belize,1990,2986.46962075029
BLZ,Belize,1989,2741.93638439592
BLZ,Belize,1988,2405.81116565818
BLZ,Belize,1987,2165.89431416265
BLZ,Belize,1986,1859.10214020555
BLZ,Belize,1985,1754.01108696183
BLZ,Belize,1984,1814.18859813551
BLZ,Belize,1983,1677.25548155115
BLZ,Belize,1982,1629.32322940976
BLZ,Belize,1981,1752.51703789335
BLZ,Belize,1980,1774.4136989701
BLZ,Belize,1979,1071.443696269
BLZ,Belize,1978,982.604370174389
BLZ,Belize,1977,865.792901454885
BLZ,Belize,1976,729.488780751524
BLZ,Belize,1975,906.486277401685
BLZ,Belize,1974,804.777863602367
BLZ,Belize,1973,618.567502314442
BLZ,Belize,1972,529.356647508447
BLZ,Belize,1971,481.04464147376
BLZ,Belize,1970,441.7894689257
BLZ,Belize,1969,401.557990513297
BLZ,Belize,1968,392.282566057727
BLZ,Belize,1967,426.264071353746
BLZ,Belize,1966,411.933019943696
BLZ,Belize,1965,383.186435252354
BLZ,Belize,1964,356.235408350011
BLZ,Belize,1963,341.932583787017
BLZ,Belize,1962,331.704794335727
BLZ,Belize,1961,320.029476728041
BLZ,Belize,1960,307.414508338751
BEN,Benin,2025,1658.27312662991
BEN,Benin,2024,1485.38018885134
BEN,Benin,2023,1394.17784721831
BEN,Benin,2022,1266.42711031904
BEN,Benin,2021,1318.65158075198
BEN,Benin,2020,1200.19426557789
BEN,Benin,2019,1130.82135339795
BEN,Benin,2018,1151.7409703472
BEN,Benin,2017,1054.97408066814
BEN,Benin,2016,1010.5338961993
BEN,Benin,2015,1002.41886879614
BEN,Benin,2014,1204.39918670094
BEN,Benin,2013,1168.92699279226
BEN,Benin,2012,1071.5258366283
BEN,Benin,2011,1059.41358852588
BEN,Benin,2010,973.244254931526
BEN,Benin,2009,1024.10277858112
BEN,Benin,2008,1060.60254502099
BEN,Benin,2007,912.338247188342
BEN,Benin,2006,809.147072506221
BEN,Benin,2005,779.437777753268
BEN,Benin,2004,758.695803786371
BEN,Benin,2003,676.002878084282
BEN,Benin,2002,546.463829658159
BEN,Benin,2001,492.401499509072
BEN,Benin,2000,487.424141384242
BEN,Benin,1999,525.130597245974
BEN,Benin,1998,361.601983057505
BEN,Benin,1997,344.550491498963
BEN,Benin,1996,369.394384135736
BEN,Benin,1995,348.435238914394
BEN,Benin,1994,262.129807445074
BEN,Benin,1993,387.310054813122
BEN,Benin,1992,301.77329696287
BEN,Benin,1991,364.689296016645
BEN,Benin,1990,371.101604332357
BEN,Benin,1989,293.321949550953
BEN,Benin,1988,326.179757700303
BEN,Benin,1987,324.253765166191
BEN,Benin,1986,285.771551064424
BEN,Benin,1985,230.434117218913
BEN,Benin,1984,238.574457355381
BEN,Benin,1983,255.983601560726
BEN,Benin,1982,305.0040635075
BEN,Benin,1981,319.718185970269
BEN,Benin,1980,358.003054209903
BEN,Benin,1979,310.651387084352
BEN,Benin,1978,249.802926180538
BEN,Benin,1977,207.012962247396
BEN,Benin,1976,197.726361142541
BEN,Benin,1975,196.455786019338
BEN,Benin,1974,164.946594142916
BEN,Benin,1973,153.609468135703
BEN,Benin,1972,127.927157014331
BEN,Benin,1971,106.889292742067
BEN,Benin,1970,108.848779482547
BEN,Benin,1969,110.314794748212
BEN,Benin,1968,111.211494175445
BEN,Benin,1967,106.58624185995
BEN,Benin,1966,107.637211853532
BEN,Benin,1965,105.117986938927
BEN,Benin,1964,99.7850246017255
BEN,Benin,1963,95.7167369761973
BEN,Benin,1962,90.7738610077473
BEN,Benin,1961,92.085848129765
BEN,Benin,1960,89.8569246539715
BMU,Bermuda,2024,142250.433195123
BMU,Bermuda,2023,132961.760796315
BMU,Bermuda,2022,119969.173269085
BMU,Bermuda,2021,112765.08167306
BMU,Bermuda,2020,106976.546239632
BMU,Bermuda,2019,115798.040775578
BMU,Bermuda,2018,113204.82210838
BMU,Bermuda,2017,112339.425587467
BMU,Bermuda,2016,108747.356144305
BMU,Bermuda,2015,104855.366822135
BMU,Bermuda,2014,100961.576602811
BMU,Bermuda,2013,101704.40746217
BMU,Bermuda,2012,100213.493385287
BMU,Bermuda,2011,99049.0169927667
BMU,Bermuda,2010,104111.824244802
BMU,Bermuda,2009,104711.712420357
BMU,Bermuda,2008,110268.562401264
BMU,Bermuda,2007,107395.651483891
BMU,Bermuda,2006,97781.4558996721
BMU,Bermuda,2005,77628.103522508
BMU,Bermuda,2004,71692.1589001679
BMU,Bermuda,2003,67106.8028083224
BMU,Bermuda,2002,63358.5658652763
BMU,Bermuda,2001,59490.2452034202
BMU,Bermuda,2000,56542.9569455727
BMU,Bermuda,1999,54388.3417315621
BMU,Bermuda,1998,51629.2814855126
BMU,Bermuda,1997,48736.6768034299
BMU,Bermuda,1996,45063.6149332085
BMU,Bermuda,1995,34115.3445553204
BMU,Bermuda,1994,31543.0634861641
BMU,Bermuda,1993,30950.0799102285
BMU,Bermuda,1992,28761.9634632835
BMU,Bermuda,1991,28195.7091611479
BMU,Bermuda,1990,27665.525808301
BMU,Bermuda,1989,26282.6240963434
BMU,Bermuda,1988,24958.1127004004
BMU,Bermuda,1987,23042.7435883764
BMU,Bermuda,1986,20996.9767217163
BMU,Bermuda,1985,18713.8825139071
BMU,Bermuda,1984,17866.9174355163
BMU,Bermuda,1983,16236.741698158
BMU,Bermuda,1982,14442.7902256054
BMU,Bermuda,1981,13687.7980628553
BMU,Bermuda,1980,11426.6012333948
BMU,Bermuda,1979,9664.21884634789
BMU,Bermuda,1978,8904.94282345455
BMU,Bermuda,1977,8383.03139417126
BMU,Bermuda,1976,7259.91355008457
BMU,Bermuda,1975,6493.6287150144
BMU,Bermuda,1974,5891.88781664656
BMU,Bermuda,1973,5090.09179163676
BMU,Bermuda,1972,4458.08003333144
BMU,Bermuda,1971,4012.77396544186
BMU,Bermuda,1970,3574.16928861945
BMU,Bermuda,1969,3214.04903909874
BMU,Bermuda,1968,2975.95428934212
BMU,Bermuda,1967,2722.46233388537
BMU,Bermuda,1966,2369.47294680018
BMU,Bermuda,1965,2064.85324792988
BMU,Bermuda,1964,1986.64081017022
BMU,Bermuda,1963,1821.79091310101
BMU,Bermuda,1962,1824.18228260132
BMU,Bermuda,1961,1773.99531572479
BMU,Bermuda,1960,1715.31463229719
BTN,Bhutan,2025,4492.78400306618
BTN,Bhutan,2024,4228.05102403654
BTN,Bhutan,2023,3831.32535564326
BTN,Bhutan,2022,3711.32767981591
BTN,Bhutan,2021,3570.61257980872
BTN,Bhutan,2020,3191.66906999331
BTN,Bhutan,2019,3576.87987100503
BTN,Bhutan,2018,3400.20417245342
BTN,Bhutan,2017,3435.28804735662
BTN,Bhutan,2016,3152.30905106786
BTN,Bhutan,2015,2954.04081911097
BTN,Bhutan,2014,2849.49998647303
BTN,Bhutan,2013,2679.95217201538
BTN,Bhutan,2012,2751.2128864294
BTN,Bhutan,2011,2787.97967608562
BTN,Bhutan,2010,2435.5798056672
BTN,Bhutan,2009,1918.39599211093
BTN,Bhutan,2008,1919.59774896395
BTN,Bhutan,2007,1850.41570433398
BTN,Bhutan,2006,1405.6071618158
BTN,Bhutan,2005,1299.94938578359
BTN,Bhutan,2004,1130.35934606796
BTN,Bhutan,2003,1022.38240311018
BTN,Bhutan,2002,895.799489930972
BTN,Bhutan,2001,812.238210772056
BTN,Bhutan,2000,771.924911410619
BTN,Bhutan,1999,685.419830628567
BTN,Bhutan,1998,638.278962310609
BTN,Bhutan,1997,630.447410148304
BTN,Bhutan,1996,552.873891403681
BTN,Bhutan,1995,530.103676927417
BTN,Bhutan,1994,467.008312125283
BTN,Bhutan,1993,407.39984249657
BTN,Bhutan,1992,415.791522568451
BTN,Bhutan,1991,400.634705187075
BTN,Bhutan,1990,488.327431477129
BTN,Bhutan,1989,461.654618792732
BTN,Bhutan,1988,488.877757351253
BTN,Bhutan,1987,449.060443850487
BTN,Bhutan,1986,364.694569557154
BTN,Bhutan,1985,321.186830951891
BTN,Bhutan,1984,325.545257021725
BTN,Bhutan,1983,328.204016909505
BTN,Bhutan,1982,305.824658960335
BTN,Bhutan,1981,310.77041169131
BTN,Bhutan,1980,296.880510831581
BTN,Bhutan,1979,251.378805345213
BTN,Bhutan,1978,232.172369685589
BTN,Bhutan,1977,249.935358333789
BTN,Bhutan,1976,233.721532349196
BTN,Bhutan,1975,237.350734416968
BTN,Bhutan,1974,262.777366220031
BTN,Bhutan,1973,230.90176999619
BTN,Bhutan,1972,212.375150813633
BTN,Bhutan,1971,207.666560128876
BTN,Bhutan,1970,200.345229822469
BOL,Bolivia,2025,5147.81081955367
BOL,Bolivia,2024,4421.16609889999
BOL,Bolivia,2023,4274.70820547613
BOL,Bolivia,2022,4219.46113742445
BOL,Bolivia,2021,4010.76053686204
BOL,Bolivia,2020,3580.96761778303
BOL,Bolivia,2019,4203.15492855788
BOL,Bolivia,2018,4206.8552936661
BOL,Bolivia,2017,4048.40119739839
BOL,Bolivia,2016,3035.87347732132
BOL,Bolivia,2015,2996.01289811344
BOL,Bolivia,2014,3041.43503162408
BOL,Bolivia,2013,2870.02377000756
BOL,Bolivia,2012,2575.59857098084
BOL,Bolivia,2011,2315.52121930607
BOL,Bolivia,2010,1929.78373077158
BOL,Bolivia,2009,1731.18172112209
BOL,Bolivia,2008,1692.67248455876
BOL,Bolivia,2007,1354.54905949929
BOL,Bolivia,2006,1202.71150446327
BOL,Bolivia,2005,1020.12326200737
BOL,Bolivia,2004,953.191893246277
BOL,Bolivia,2003,893.013760211149
BOL,Bolivia,2002,888.221328974352
BOL,Bolivia,2001,930.168227214313
BOL,Bolivia,2000,975.777060358751
BOL,Bolivia,1999,979.344494964572
BOL,Bolivia,1998,1022.14506519545
BOL,Bolivia,1997,970.351843368594
BOL,Bolivia,1996,922.113259069714
BOL,Bolivia,1995,852.754034861444
BOL,Bolivia,1994,774.035669644318
BOL,Bolivia,1993,756.637016048451
BOL,Bolivia,1992,759.57113496365
BOL,Bolivia,1991,733.935487602519
BOL,Bolivia,1990,682.67681029538
BOL,Bolivia,1989,675.469993900788
BOL,Bolivia,1988,672.607268146683
BOL,Bolivia,1987,649.708769442851
BOL,Bolivia,1986,604.257233504238
BOL,Bolivia,1985,838.080035867133
BOL,Bolivia,1984,982.109656770748
BOL,Bolivia,1983,881.867606330418
BOL,Bolivia,1982,929.552105072211
BOL,Bolivia,1981,1000.59266819668
BOL,Bolivia,1980,787.907344889279
BOL,Bolivia,1979,785.198889713429
BOL,Bolivia,1978,682.801036523933
BOL,Bolivia,1977,599.9882290041
BOL,Bolivia,1976,519.734821066353
BOL,Bolivia,1975,468.064116140902
BOL,Bolivia,1974,418.170299516169
BOL,Bolivia,1973,257.213253175457
BOL,Bolivia,1972,261.949887081198
BOL,Bolivia,1971,233.392218893062
BOL,Bolivia,1970,221.568878282044
BOL,Bolivia,1969,207.126019695423
BOL,Bolivia,1968,195.471270062333
BOL,Bolivia,1967,176.073477814252
BOL,Bolivia,1966,159.348482383093
BOL,Bolivia,1965,147.057689573182
BOL,Bolivia,1964,135.228463817406
BOL,Bolivia,1963,122.579067582423
BOL,Bolivia,1962,116.24147429449
BOL,Bolivia,1961,108.528765371499
BOL,Bolivia,1960,101.833417024987
BIH,Bosnia and Herzegovina,2025,10381.8460703874
BIH,Bosnia and Herzegovina,2024,9397.90942855997
BIH,Bosnia and Herzegovina,2023,8663.02326458629
BIH,Bosnia and Herzegovina,2022,7655.59421024383
BIH,Bosnia and Herzegovina,2021,7295.34378682258
BIH,Bosnia and Herzegovina,2020,6130.31187968266
BIH,Bosnia and Herzegovina,2019,6122.37541352353
BIH,Bosnia and Herzegovina,2018,6047.84707207392
BIH,Bosnia and Herzegovina,2017,5345.01978766473
BIH,Bosnia and Herzegovina,2016,4928.5665903114
BIH,Bosnia and Herzegovina,2015,4662.25869219448
BIH,Bosnia and Herzegovina,2014,5206.06573475132
BIH,Bosnia and Herzegovina,2013,5034.56634817068
BIH,Bosnia and Herzegovina,2012,4693.78899115381
BIH,Bosnia and Herzegovina,2011,4982.69375768263
BIH,Bosnia and Herzegovina,2010,4506.47828548389
BIH,Bosnia and Herzegovina,2009,4539.91863774968
BIH,Bosnia and Herzegovina,2008,4841.69311934649
BIH,Bosnia and Herzegovina,2007,3931.48948737505
BIH,Bosnia and Herzegovina,2006,3166.12865344833
BIH,Bosnia and Herzegovina,2005,2739.61076866057
BIH,Bosnia and Herzegovina,2004,2452.6860917386
BIH,Bosnia and Herzegovina,2003,2033.94700935864
BIH,Bosnia and Herzegovina,2002,1606.5467454132
BIH,Bosnia and Herzegovina,2001,1387.89362942121
BIH,Bosnia and Herzegovina,2000,1338.48059636261
BIH,Bosnia and Herzegovina,1999,1134.60298042083
BIH,Bosnia and Herzegovina,1998,1006.70479669823
BIH,Bosnia and Herzegovina,1997,913.813399054859
BIH,Bosnia and Herzegovina,1996,718.933797141505
BIH,Bosnia and Herzegovina,1995,502.365980975339
BIH,Bosnia and Herzegovina,1994,337.090896023259
BIH,Bosnia and Herzegovina,1993,929.872118717018
BIH,Bosnia and Herzegovina,1992,1118.17569934079
BIH,Bosnia and Herzegovina,1991,1373.37104472973
BIH,Bosnia and Herzegovina,1990,1742.88262171767
BWA,Botswana,2025,7778.1151090571
BWA,Botswana,2024,7649.81663744354
BWA,Botswana,2023,7827.30027960734
BWA,Botswana,2022,8328.7090572666
BWA,Botswana,2021,7807.88794570471
BWA,Botswana,2020,6323.2974967659
BWA,Botswana,2019,7172.08956480028
BWA,Botswana,2018,7407.95940141786
BWA,Botswana,2017,7104.96401088027
BWA,Botswana,2016,6749.05994339013
BWA,Botswana,2015,6141.20394726616
BWA,Botswana,2014,7122.36423421503
BWA,Botswana,2013,6666.91219583487
BWA,Botswana,2012,6595.53845015424
BWA,Botswana,2011,7287.38295334919
BWA,Botswana,2010,6215.73216077919
BWA,Botswana,2009,5082.93388332404
BWA,Botswana,2008,5503.07395314313
BWA,Botswana,2007,5529.12574632532
BWA,Botswana,2006,5291.58379144849
BWA,Botswana,2005,5391.07076619634
BWA,Botswana,2004,4956.69287735214
BWA,Botswana,2003,4230.12326909926
BWA,Botswana,2002,3117.25087183011
BWA,Botswana,2001,3206.07123689853
BWA,Botswana,2000,3450.81180622992
BWA,Botswana,1999,3339.99596033431
BWA,Botswana,1998,2981.19639702109
BWA,Botswana,1997,3194.18106145858
BWA,Botswana,1996,3156.26865681161
BWA,Botswana,1995,3156.18194514079
BWA,Botswana,1994,2917.25514197806
BWA,Botswana,1993,2929.43119022452
BWA,Botswana,1992,3004.61263362306
BWA,Botswana,1991,2938.59442659608
BWA,Botswana,1990,2903.15381562611
BWA,Botswana,1989,2427.68261967121
BWA,Botswana,1988,2140.51439180359
BWA,Botswana,1987,1638.82669390133
BWA,Botswana,1986,1199.84677856226
BWA,Botswana,1985,993.616748339174
BWA,Botswana,1984,1145.02903810762
BWA,Botswana,1983,1120.53239354023
BWA,Botswana,1982,1005.62456165727
BWA,Botswana,1981,1107.02810145663
BWA,Botswana,1980,1131.63379014463
BWA,Botswana,1979,909.207133285411
BWA,Botswana,1978,695.219336897052
BWA,Botswana,1977,564.831748249189
BWA,Botswana,1976,490.469570533565
BWA,Botswana,1975,493.029472690457
BWA,Botswana,1974,446.487855432073
BWA,Botswana,1973,374.189409146144
BWA,Botswana,1972,264.233716807813
BWA,Botswana,1971,212.244206736036
BWA,Botswana,1970,163.031832252562
BWA,Botswana,1969,131.776574536345
BWA,Botswana,1968,113.445716733931
BWA,Botswana,1967,100.945124635152
BWA,Botswana,1966,89.0615737768069
BWA,Botswana,1965,79.6790756588049
BWA,Botswana,1964,73.4925773235308
BWA,Botswana,1963,68.8864104749411
BWA,Botswana,1962,65.9864503023827
BWA,Botswana,1961,62.3224006926623
BWA,Botswana,1960,58.9180081084204
BRA,Brazil,2025,10713.2856869511
BRA,Brazil,2024,10310.5486973693
BRA,Brazil,2023,10377.5892792557
BRA,Brazil,2022,9281.33334441234
BRA,Brazil,2021,7972.5366498646
BRA,Brazil,2020,7074.19378337644
BRA,Brazil,2019,9029.83326681073
BRA,Brazil,2018,9300.66164923219
BRA,Brazil,2017,10080.5092819305
BRA,Brazil,2016,8836.28652735657
BRA,Brazil,2015,8936.19661712113
BRA,Brazil,2014,12274.9939689363
BRA,Brazil,2013,12458.8912138813
BRA,Brazil,2012,12521.7213519966
BRA,Brazil,2011,13396.6243562986
BRA,Brazil,2010,11403.2821278747
BRA,Brazil,2009,8678.6592244676
BRA,Brazil,2008,8908.33176538648
BRA,Brazil,2007,7409.69130673473
BRA,Brazil,2006,5934.14470924968
BRA,Brazil,2005,4827.78173074714
BRA,Brazil,2004,3663.823188064
BRA,Brazil,2003,3090.6070097455
BRA,Brazil,2002,2855.94018885769
BRA,Brazil,2001,3176.28935747524
BRA,Brazil,2000,3766.54811466032
BRA,Brazil,1999,3493.57162513699
BRA,Brazil,1998,5105.89099544117
BRA,Brazil,1997,5299.39630404412
BRA,Brazil,1996,5179.13052002464
BRA,Brazil,1995,4756.74840785403
BRA,Brazil,1994,3298.71250747787
BRA,Brazil,1993,2348.88247685352
BRA,Brazil,1992,2127.31642731638
BRA,Brazil,1991,2257.6092968885
BRA,Brazil,1990,2581.14187449078
BRA,Brazil,1989,2818.99277980122
BRA,Brazil,1988,2140.65027561164
BRA,Brazil,1987,2006.00226235757
BRA,Brazil,1986,1854.03775211919
BRA,Brazil,1985,1556.1297180511
BRA,Brazil,1984,1419.73154606978
BRA,Brazil,1983,1461.25582714178
BRA,Brazil,1982,2137.6250359394
BRA,Brazil,1981,2079.70908377484
BRA,Brazil,1980,1958.57159232662
BRA,Brazil,1979,1869.7133759549
BRA,Brazil,1978,1732.50012204556
BRA,Brazil,1977,1562.29143045708
BRA,Brazil,1976,1389.74952306555
BRA,Brazil,1975,1200.55823714607
BRA,Brazil,1974,1044.76980947499
BRA,Brazil,1973,814.731780553415
BRA,Brazil,1972,583.492034946156
BRA,Brazil,1971,500.001988983361
BRA,Brazil,1970,443.799484982738
BRA,Brazil,1969,399.49841913391
BRA,Brazil,1968,373.925432639683
BRA,Brazil,1967,351.472600370379
BRA,Brazil,1966,328.343791519407
BRA,Brazil,1965,268.028760553723
BRA,Brazil,1964,257.259726897671
BRA,Brazil,1963,294.169619376733
BRA,Brazil,1962,250.200572910273
BRA,Brazil,1961,231.564063269854
BRA,Brazil,1960,235.266009502589
BRN,Brunei Darussalam,2025,32234.6428368582
BRN,Brunei Darussalam,2024,33153.4738913513
BRN,Brunei Darussalam,2023,32890.5491812019
BRN,Brunei Darussalam,2022,36632.9280952155
BRN,Brunei Darussalam,2021,31006.9636289785
BRN,Brunei Darussalam,2020,26834.3592233943
BRN,Brunei Darussalam,2019,30426.5730656528
BRN,Brunei Darussalam,2018,30988.1190267227
BRN,Brunei Darussalam,2017,28024.3824580252
BRN,Brunei Darussalam,2016,26663.2972950602
BRN,Brunei Darussalam,2015,30625.1287744656
BRN,Brunei Darussalam,2014,41026.5084247957
BRN,Brunei Darussalam,2013,44003.0644273461
BRN,Brunei Darussalam,2012,46968.5971164922
BRN,Brunei Darussalam,2011,46382.8274255349
BRN,Brunei Darussalam,2010,34937.5555357155
BRN,Brunei Darussalam,2009,30946.4673773828
BRN,Brunei Darussalam,2008,42156.5685838672
BRN,Brunei Darussalam,2007,36217.3290706015
BRN,Brunei Darussalam,2006,34674.7995236452
BRN,Brunei Darussalam,2005,29386.2703822862
BRN,Brunei Darussalam,2004,24423.0946995548
BRN,Brunei Darussalam,2003,20677.9001143188
BRN,Brunei Darussalam,2002,18621.2922577525
BRN,Brunei Darussalam,2001,18287.8272281914
BRN,Brunei Darussalam,2000,20130.2572346624
BRN,Brunei Darussalam,1999,19752.2013255542
BRN,Brunei Darussalam,1998,17769.2463451942
BRN,Brunei Darussalam,1997,25522.3975038009
BRN,Brunei Darussalam,1996,25692.2357348562
BRN,Brunei Darussalam,1995,26443.2564746713
BRN,Brunei Darussalam,1994,22766.587177075
BRN,Brunei Darussalam,1993,22397.0737447404
BRN,Brunei Darussalam,1992,23450.8964055243
BRN,Brunei Darussalam,1991,23932.1897281583
BRN,Brunei Darussalam,1990,23658.7166330381
BRN,Brunei Darussalam,1989,20090.0690184766
BRN,Brunei Darussalam,1988,18824.7637309359
BRN,Brunei Darussalam,1987,21029.7189772961
BRN,Brunei Darussalam,1986,18500.5408625966
BRN,Brunei Darussalam,1985,31827.4059557344
BRN,Brunei Darussalam,1984,36061.3815259405
BRN,Brunei Darussalam,1983,38720.0939254718
BRN,Brunei Darussalam,1982,45074.5499241983
BRN,Brunei Darussalam,1981,48793.4422577232
BRN,Brunei Darussalam,1980,58005.3424763282
BRN,Brunei Darussalam,1979,33501.2782714145
BRN,Brunei Darussalam,1978,23446.5341231193
BRN,Brunei Darussalam,1977,21746.8559126458
BRN,Brunei Darussalam,1976,18671.3624129294
BRN,Brunei Darussalam,1975,15793.1312553958
BRN,Brunei Darussalam,1974,15194.792305663
BRN,Brunei Darussalam,1973,2938.85095702716
BRN,Brunei Darussalam,1972,1904.66760457331
BRN,Brunei Darussalam,1971,1432.16600656705
BRN,Brunei Darussalam,1970,1325.15598362979
BRN,Brunei Darussalam,1969,1226.43698889034
BRN,Brunei Darussalam,1968,1274.0903793851
BRN,Brunei Darussalam,1967,1148.84303232869
BRN,Brunei Darussalam,1966,1145.70592233266
BRN,Brunei Darussalam,1965,1028.88450343084
BGR,Bulgaria,2025,20328.1667065538
BGR,Bulgaria,2024,17596.9167621233
BGR,Bulgaria,2023,15854.0192893772
BGR,Bulgaria,2022,13999.9113358453
BGR,Bulgaria,2021,12966.8085197381
BGR,Bulgaria,2020,10760.7616180234
BGR,Bulgaria,2019,10354.2500414088
BGR,Bulgaria,2018,9849.88769989118
BGR,Bulgaria,2017,8697.13373333715
BGR,Bulgaria,2016,7822.89886431732
BGR,Bulgaria,2015,7269.02586513711
BGR,Bulgaria,2014,8070.01289303544
BGR,Bulgaria,2013,7796.37945241455
BGR,Bulgaria,2012,7432.33753378983
BGR,Bulgaria,2011,7849.98219737366
BGR,Bulgaria,2010,6854.2987837778
BGR,Bulgaria,2009,6988.63048446496
BGR,Bulgaria,2008,7271.67443724077
BGR,Bulgaria,2007,5888.87094585161
BGR,Bulgaria,2006,4523.37797301782
BGR,Bulgaria,2005,3900.02501966492
BGR,Bulgaria,2004,3389.86047992391
BGR,Bulgaria,2003,2719.63335037372
BGR,Bulgaria,2002,2093.08967660564
BGR,Bulgaria,2001,1770.99748249575
BGR,Bulgaria,2000,1621.3452487867
BGR,Bulgaria,1999,1660.9935924411
BGR,Bulgaria,1998,1820.5415264678
BGR,Bulgaria,1997,1361.47904618155
BGR,Bulgaria,1996,1470.26721873691
BGR,Bulgaria,1995,2259.36679369328
BGR,Bulgaria,1994,1149.89347084177
BGR,Bulgaria,1993,1278.5223581096
BGR,Bulgaria,1992,1007.34296439412
BGR,Bulgaria,1991,883.739622070812
BGR,Bulgaria,1990,2377.3707947508
BGR,Bulgaria,1989,2449.74147116744
BGR,Bulgaria,1988,2561.16929364177
BGR,Bulgaria,1987,3168.83077926411
BGR,Bulgaria,1986,2261.7950288324
BGR,Bulgaria,1985,1959.95517315529
BGR,Bulgaria,1984,1943.03299680243
BGR,Bulgaria,1983,1897.05569911743
BGR,Bulgaria,1982,2220.77040858016
BGR,Bulgaria,1981,2255.69919739254
BGR,Bulgaria,1980,2261.40777337626
BFA,Burkina Faso,2025,1147.57131635601
BFA,Burkina Faso,2024,982.493100418428
BFA,Burkina Faso,2023,873.198061670247
BFA,Burkina Faso,2022,827.330843486661
BFA,Burkina Faso,2021,895.535288442991
BFA,Burkina Faso,2020,825.237038782475
BFA,Burkina Faso,2019,764.853077774946
BFA,Burkina Faso,2018,777.465618514048
BFA,Burkina Faso,2017,709.091535894695
BFA,Burkina Faso,2016,663.742364842886
BFA,Burkina Faso,2015,630.124750752312
BFA,Burkina Faso,2014,764.861675106225
BFA,Burkina Faso,2013,759.762065168498
BFA,Burkina Faso,2012,731.470138867833
BFA,Burkina Faso,2011,725.024767725475
BFA,Burkina Faso,2010,624.957252224766
BFA,Burkina Faso,2009,601.569520671859
BFA,Burkina Faso,2008,619.437533256264
BFA,Burkina Faso,2007,514.684451177238
BFA,Burkina Faso,2006,455.513655620024
BFA,Burkina Faso,2005,441.164148016012
BFA,Burkina Faso,2004,403.81283743461
BFA,Burkina Faso,2003,362.373899996953
BFA,Burkina Faso,2002,285.654087637533
BFA,Burkina Faso,2001,259.485223380436
BFA,Burkina Faso,2000,248.908526921752
BFA,Burkina Faso,1999,292.836958697313
BFA,Burkina Faso,1998,249.53173292493
BFA,Burkina Faso,1997,223.853958525611
BFA,Burkina Faso,1996,242.733171352672
BFA,Burkina Faso,1995,229.092294496817
BFA,Burkina Faso,1994,187.21142372606
BFA,Burkina Faso,1993,324.111576707435
BFA,Burkina Faso,1992,348.592443894547
BFA,Burkina Faso,1991,333.70605512636
BFA,Burkina Faso,1990,338.593759055128
BFA,Burkina Faso,1989,293.188703727147
BFA,Burkina Faso,1988,301.129214663833
BFA,Burkina Faso,1987,280.218092226592
BFA,Burkina Faso,1986,247.459134637104
BFA,Burkina Faso,1985,194.063226299244
BFA,Burkina Faso,1984,187.832224278391
BFA,Burkina Faso,1983,211.925740542196
BFA,Burkina Faso,1982,239.019483569339
BFA,Burkina Faso,1981,248.707973908892
BFA,Burkina Faso,1980,277.597531370181
BFA,Burkina Faso,1979,258.501729034845
BFA,Burkina Faso,1978,223.879111971163
BFA,Burkina Faso,1977,175.963864454284
BFA,Burkina Faso,1976,155.485422740659
BFA,Burkina Faso,1975,152.901529606747
BFA,Burkina Faso,1974,124.671435503255
BFA,Burkina Faso,1973,114.137669473515
BFA,Burkina Faso,1972,99.6335814933813
BFA,Burkina Faso,1971,84.5149375676447
BFA,Burkina Faso,1970,81.707563219742
BFA,Burkina Faso,1969,86.7555395725224
BFA,Burkina Faso,1968,84.9737848392287
BFA,Burkina Faso,1967,84.6272011419546
BFA,Burkina Faso,1966,82.8360664864243
BFA,Burkina Faso,1965,82.0746159924647
BFA,Burkina Faso,1964,80.9147887718582
BFA,Burkina Faso,1963,78.9087736712073
BFA,Burkina Faso,1962,77.1529279288175
BFA,Burkina Faso,1961,72.2423787062462
BFA,Burkina Faso,1960,69.1502456087615
BDI,Burundi,2025,233.823013385395
BDI,Burundi,2024,216.231928531758
BDI,Burundi,2023,249.795164039029
BDI,Burundi,2022,301.832255755105
BDI,Burundi,2021,264.172844085398
BDI,Burundi,2020,252.702452750006
BDI,Burundi,2019,234.31061590725
BDI,Burundi,2018,245.661678332009
BDI,Burundi,2017,246.060725714184
BDI,Burundi,2016,232.937812100153
BDI,Burundi,2015,254.402585226788
BDI,Burundi,2014,250.544492155185
BDI,Burundi,2013,234.844770150871
BDI,Burundi,2012,231.098787811507
BDI,Burundi,2011,230.069761381132
BDI,Burundi,2010,216.727705301976
BDI,Burundi,2009,198.431524048225
BDI,Burundi,2008,189.502074570768
BDI,Burundi,2007,166.162744906755
BDI,Burundi,2006,161.892755640319
BDI,Burundi,2005,147.234619294225
BDI,Burundi,2004,125.194965184533
BDI,Burundi,2003,111.406682804391
BDI,Burundi,2002,120.952308575468
BDI,Burundi,2001,132.159554541932
BDI,Burundi,2000,134.537861752389
BDI,Burundi,1999,127.51419578119
BDI,Burundi,1998,144.456948255536
BDI,Burundi,1997,160.278342046962
BDI,Burundi,1996,143.156741187159
BDI,Burundi,1995,164.915311679326
BDI,Burundi,1994,161.892584261635
BDI,Burundi,1993,165.344120319403
BDI,Burundi,1992,184.868970456447
BDI,Burundi,1991,204.668258398817
BDI,Burundi,1990,202.629446176297
BDI,Burundi,1989,203.578944192449
BDI,Burundi,1988,201.740400815807
BDI,Burundi,1987,215.608311467483
BDI,Burundi,1986,234.281244809988
BDI,Burundi,1985,228.440542564696
BDI,Burundi,1984,200.375711827241
BDI,Burundi,1983,225.209524508283
BDI,Burundi,1982,216.43619143507
BDI,Burundi,1981,212.23033189707
BDI,Burundi,1980,209.805736668168
BDI,Burundi,1979,186.152273604962
BDI,Burundi,1978,148.823232512919
BDI,Burundi,1977,137.448044387076
BDI,Burundi,1976,115.492131774523
BDI,Burundi,1975,110.884827490053
BDI,Burundi,1974,93.2240048340913
BDI,Burundi,1973,84.2581069284158
BDI,Burundi,1972,68.2321917909931
BDI,Burundi,1971,69.8982817558359
BDI,Burundi,1970,68.7543539795049
BDI,Burundi,1969,55.058838902942
BDI,Burundi,1968,54.1949782672812
BDI,Burundi,1967,54.0181425269089
BDI,Burundi,1966,51.4128738171299
BDI,Burundi,1965,50.613304005219
BDI,Burundi,1964,85.3337286665685
BDI,Burundi,1963,78.3711983234119
BDI,Burundi,1962,73.4195979769892
BDI,Burundi,1961,71.601929936627
BDI,Burundi,1960,70.9051000304602
CPV,Cabo Verde,2025,5796.47207860911
CPV,Cabo Verde,2024,5170.20531932535
CPV,Cabo Verde,2023,4794.90119772843
CPV,Cabo Verde,2022,4323.31362032709
CPV,Cabo Verde,2021,3971.44409203423
CPV,Cabo Verde,2020,3539.22661248299
CPV,Cabo Verde,2019,4380.78117331128
CPV,Cabo Verde,2018,4294.96510035729
CPV,Cabo Verde,2017,3893.09571382506
CPV,Cabo Verde,2016,3608.96605234906
CPV,Cabo Verde,2015,3415.06266730931
CPV,Cabo Verde,2014,3985.60706548134
CPV,Cabo Verde,2013,3960.97596791345
CPV,Cabo Verde,2012,3736.81517011087
CPV,Cabo Verde,2011,4002.01386888785
CPV,Cabo Verde,2010,3579.46006137809
CPV,Cabo Verde,2009,3659.72046361628
CPV,Cabo Verde,2008,3908.64885822576
CPV,Cabo Verde,2007,3324.57675212498
CPV,Cabo Verde,2006,2256.99666191075
CPV,Cabo Verde,2005,2004.14680417563
CPV,Cabo Verde,2004,1929.49081468781
CPV,Cabo Verde,2003,1717.97565369655
CPV,Cabo Verde,2002,1328.57874270666
CPV,Cabo Verde,2001,1223.33055331575
CPV,Cabo Verde,2000,1189.51479345891
CPV,Cabo Verde,1999,1326.74466945164
CPV,Cabo Verde,1998,1186.74294773086
CPV,Cabo Verde,1997,1133.57422614008
CPV,Cabo Verde,1996,1179.51522705182
CPV,Cabo Verde,1995,1165.13832331934
CPV,Cabo Verde,1994,991.108974352157
CPV,Cabo Verde,1993,1220.04997868613
CPV,Cabo Verde,1992,907.847909529157
CPV,Cabo Verde,1991,831.61388764249
CPV,Cabo Verde,1990,817.442925539738
CPV,Cabo Verde,1989,727.151685588784
CPV,Cabo Verde,1988,729.470012847852
CPV,Cabo Verde,1987,658.415191378217
CPV,Cabo Verde,1986,541.142985647338
CPV,Cabo Verde,1985,396.494191452033
CPV,Cabo Verde,1984,385.451419954827
CPV,Cabo Verde,1983,410.112646734121
CPV,Cabo Verde,1982,422.664667963472
CPV,Cabo Verde,1981,425.407688720331
CPV,Cabo Verde,1980,439.982602420059
KHM,Cambodia,2025,2872.42926639909
KHM,Cambodia,2024,2627.87969756224
KHM,Cambodia,2023,2429.74853452838
KHM,Cambodia,2022,2325.03050040841
KHM,Cambodia,2021,2167.40324198499
KHM,Cambodia,2020,2081.73914242939
KHM,Cambodia,2019,2225.87705485686
KHM,Cambodia,2018,2036.67377566578
KHM,Cambodia,2017,1826.35391688754
KHM,Cambodia,2016,1675.19555711109
KHM,Cambodia,2015,1547.32010444393
KHM,Cambodia,2014,1431.56396469993
KHM,Cambodia,2013,1305.6600972686
KHM,Cambodia,2012,1192.80263041673
KHM,Cambodia,2011,1088.98152823081
KHM,Cambodia,2010,952.274616324008
KHM,Cambodia,2009,875.748936193569
KHM,Cambodia,2008,866.283999789749
KHM,Cambodia,2007,731.692295125426
KHM,Cambodia,2006,612.252648550727
KHM,Cambodia,2005,525.797325120926
KHM,Cambodia,2004,444.199067529081
KHM,Cambodia,2003,386.691123931778
KHM,Cambodia,2002,350.147276634294
KHM,Cambodia,2001,327.500984314444
KHM,Cambodia,2000,296.426687526334
KHM,Cambodia,1999,286.753596443196
KHM,Cambodia,1998,258.780953189377
KHM,Cambodia,1997,297.59041960803
KHM,Cambodia,1996,324.655870983004
KHM,Cambodia,1995,343.485224671585
KHM,Cambodia,1994,302.1307854832
KHM,Cambodia,1993,294.059372727558
KHM,Cambodia,1992,307.094922385136
KHM,Cambodia,1991,267.336306726982
KHM,Cambodia,1990,190.181470036159
KHM,Cambodia,1989,191.297492431658
KHM,Cambodia,1988,244.109577464605
KHM,Cambodia,1987,158.124375446975
KHM,Cambodia,1986,185.759997798349
KHM,Cambodia,1985,182.446852317187
KHM,Cambodia,1984,174.705837134358
KHM,Cambodia,1983,166.65319934361
KHM,Cambodia,1982,159.206634020357
KHM,Cambodia,1981,154.253841174151
KHM,Cambodia,1980,143.154317973128
KHM,Cambodia,1979,142.221617062037
KHM,Cambodia,1978,147.101573366096
KHM,Cambodia,1977,126.357117453489
KHM,Cambodia,1976,128.827777341533
KHM,Cambodia,1975,113.825789208758
CMR,Cameroon,2025,1972.3815800786
CMR,Cameroon,2024,1830.00833684727
CMR,Cameroon,2023,1720.47510154506
CMR,Cameroon,2022,1604.87726954895
CMR,Cameroon,2021,1672.32657340872
CMR,Cameroon,2020,1555.60370660749
CMR,Cameroon,2019,1555.22660476477
CMR,Cameroon,2018,1610.69641591017
CMR,Cameroon,2017,1496.08951771242
CMR,Cameroon,2016,1441.7201725688
CMR,Cameroon,2015,1415.00009710569
CMR,Cameroon,2014,1649.4433905949
CMR,Cameroon,2013,1575.92882118897
CMR,Cameroon,2012,1449.09874362279
CMR,Cameroon,2011,1513.96056994878
CMR,Cameroon,2010,1398.58702025047
CMR,Cameroon,2009,1461.38999232337
CMR,Cameroon,2008,1492.14269801453
CMR,Cameroon,2007,1325.67248215933
CMR,Cameroon,2006,1191.45458990968
CMR,Cameroon,2005,1142.62466252106
CMR,Cameroon,2004,1133.39326749673
CMR,Cameroon,2003,988.241276791846
CMR,Cameroon,2002,789.623811072554
CMR,Cameroon,2001,715.470296470585
CMR,Cameroon,2000,708.565731625965
CMR,Cameroon,1999,796.262649784591
CMR,Cameroon,1998,798.745621406677
CMR,Cameroon,1997,783.251601945462
CMR,Cameroon,1996,826.965322327363
CMR,Cameroon,1995,832.006674487689
CMR,Cameroon,1994,700.70950185009
CMR,Cameroon,1993,1309.93629975506
CMR,Cameroon,1992,1005.44897647465
CMR,Cameroon,1991,1014.82897292999
CMR,Cameroon,1990,1086.71700937081
CMR,Cameroon,1989,1000.89261316386
CMR,Cameroon,1988,1145.16555992416
CMR,Cameroon,1987,1258.31412766207
CMR,Cameroon,1986,1178.59374950439
CMR,Cameroon,1985,875.337721693686
CMR,Cameroon,1984,771.702146026357
CMR,Cameroon,1983,745.513189491527
CMR,Cameroon,1982,732.250719743892
CMR,Cameroon,1981,749.847541304586
CMR,Cameroon,1980,784.116227118122
CMR,Cameroon,1979,718.356902030319
CMR,Cameroon,1978,581.989336032215
CMR,Cameroon,1977,435.408656274786
CMR,Cameroon,1976,381.429915266252
CMR,Cameroon,1975,386.236450275088
CMR,Cameroon,1974,299.908339494791
CMR,Cameroon,1973,271.757290053085
CMR,Cameroon,1972,220.108720960652
CMR,Cameroon,1971,186.724820408777
CMR,Cameroon,1970,178.488982961305
CMR,Cameroon,1969,175.150496434432
CMR,Cameroon,1968,170.782666507465
CMR,Cameroon,1967,156.621290691062
CMR,Cameroon,1966,145.80598283154
CMR,Cameroon,1965,142.704307565995
CMR,Cameroon,1964,139.228109587718
CMR,Cameroon,1963,131.642014675439
CMR,Cameroon,1962,130.042569873656
CMR,Cameroon,1961,124.593165563331
CMR,Cameroon,1960,119.05394115577
CAN,Canada,2025,55697.6639660837
CAN,Canada,2024,55015.7066917734
CAN,Canada,2023,54847.5370112652
CAN,Canada,2022,56496.9275340663
CAN,Canada,2021,52886.6407813788
CAN,Canada,2020,43537.8981198851
CAN,Canada,2019,46352.9695208927
CAN,Canada,2018,46539.2177903178
CAN,Canada,2017,45129.7335281051
CAN,Canada,2016,42314.1033623905
CAN,Canada,2015,43594.2379080706
CAN,Canada,2014,50960.8942086685
CAN,Canada,2013,52637.7313222622
CAN,Canada,2012,52670.1429540952
CAN,Canada,2011,52224.1237767406
CAN,Canada,2010,47560.8378831258
CAN,Canada,2009,40874.9612318547
CAN,Canada,2008,46710.3654423328
CAN,Canada,2007,44660.0838892281
CAN,Canada,2006,40504.8490329826
CAN,Canada,2005,36383.9671341396
CAN,Canada,2004,32145.5653280273
CAN,Canada,2003,28301.9097055898
CAN,Canada,2002,24256.0598742201
CAN,Canada,2001,23822.096210932
CAN,Canada,2000,24271.0020563821
CAN,Canada,1999,22315.3130930482
CAN,Canada,1998,21024.5627149423
CAN,Canada,1997,21901.5870048928
CAN,Canada,1996,21296.9723536904
CAN,Canada,1995,20679.634792669
CAN,Canada,1994,19997.6237373354
CAN,Canada,1993,20186.7988782965
CAN,Canada,1992,20950.3305287651
CAN,Canada,1991,21846.7930471354
CAN,Canada,1990,21525.8611387148
CAN,Canada,1989,20794.682233334
CAN,Canada,1988,19012.5723278349
CAN,Canada,1987,16377.6902109541
CAN,Canada,1986,14521.1800806
CAN,Canada,1985,14170.1249406067
CAN,Canada,1984,13930.4745502555
CAN,Canada,1983,13477.1031699599
CAN,Canada,1982,12527.3135323802
CAN,Canada,1981,12379.0368643833
CAN,Canada,1980,11208.2027394178
CAN,Canada,1979,10077.5026707269
CAN,Canada,1978,9154.43325277735
CAN,Canada,1977,8949.10989272982
CAN,Canada,1976,8838.94710677652
CAN,Canada,1975,7536.52009823861
CAN,Canada,1974,7056.70847496589
CAN,Canada,1973,5858.33407318788
CAN,Canada,1972,5106.73708049128
CAN,Canada,1971,4535.39338907773
CAN,Canada,1970,4135.82149842006
CAN,Canada,1969,3776.15613110238
CAN,Canada,1968,3473.23722551871
CAN,Canada,1967,3226.38273682011
CAN,Canada,1966,3055.28807884507
CAN,Canada,1965,2777.18317301162
CAN,Canada,1964,2561.63849088572
CAN,Canada,1963,2380.31732899108
CAN,Canada,1962,2274.4284708191
CAN,Canada,1961,2246.08356619252
CAN,Canada,1960,2264.94849658191
CYM,Cayman Islands,2024,104292.900672109
CYM,Cayman Islands,2023,100065.233841107
CYM,Cayman Islands,2022,92937.8838323153
CYM,Cayman Islands,2021,86449.6749037302
CYM,Cayman Islands,2020,82338.7977439023
CYM,Cayman Islands,2019,88254.2903677044
CYM,Cayman Islands,2018,83865.5531568184
CYM,Cayman Islands,2017,80053.9444506891
CYM,Cayman Islands,2016,77802.2541567187
CYM,Cayman Islands,2015,76379.2095108681
CYM,Cayman Islands,2014,75845.3060407986
CYM,Cayman Islands,2013,75113.7332398618
CYM,Cayman Islands,2012,75101.59136128
CYM,Cayman Islands,2011,75280.960764889
CYM,Cayman Islands,2010,76837.6699636672
CYM,Cayman Islands,2009,81373.5711516642
CYM,Cayman Islands,2008,89655.1196222184
CYM,Cayman Islands,2007,89888.2618212462
CYM,Cayman Islands,2006,87085.0937376216
CAF,Central African Republic,2025,556.131398031455
CAF,Central African Republic,2024,516.160999996036
CAF,Central African Republic,2023,495.978897288721
CAF,Central African Republic,2022,467.359825026238
CAF,Central African Republic,2021,492.263142830507
CAF,Central African Republic,2020,462.879071294011
CAF,Central African Republic,2019,449.228467602439
CAF,Central African Republic,2018,455.243962859534
CAF,Central African Republic,2017,432.324025684263
CAF,Central African Republic,2016,387.176203444318
CAF,Central African Republic,2015,366.322853938121
CAF,Central African Republic,2014,409.8504859647
CAF,Central African Republic,2013,364.36696260838
CAF,Central African Republic,2012,544.395849142785
CAF,Central African Republic,2011,534.057281471636
CAF,Central African Republic,2010,476.873786950728
CAF,Central African Republic,2009,456.471673898404
CAF,Central African Republic,2008,437.24827472489
CAF,Central African Republic,2007,380.887048839475
CAF,Central African Republic,2006,333.942519903031
CAF,Central African Republic,2005,311.950023138687
CAF,Central African Republic,2004,303.461321152782
CAF,Central African Republic,2003,278.403992150941
CAF,Central African Republic,2002,248.639290978403
CAF,Central African Republic,2001,237.951702544735
CAF,Central African Republic,2000,239.154133726071
CAF,Central African Republic,1999,267.995954011083
CAF,Central African Republic,1998,266.570544600384
CAF,Central African Republic,1997,265.5212823896
CAF,Central African Republic,1996,293.306575328658
CAF,Central African Republic,1995,333.145863233895
CAF,Central African Republic,1994,261.260397409459
CAF,Central African Republic,1993,404.954546941526
CAF,Central African Republic,1992,461.587303490896
CAF,Central African Republic,1991,464.828283626364
CAF,Central African Republic,1990,501.656200636394
CAF,Central African Republic,1989,443.226859814307
CAF,Central African Republic,1988,466.070596898859
CAF,Central African Republic,1987,449.952130096608
CAF,Central African Republic,1986,426.02699258009
CAF,Central African Republic,1985,332.515358450814
CAF,Central African Republic,1984,248.313551025498
CAF,Central African Republic,1983,259.588394525784
CAF,Central African Republic,1982,298.444544895201
CAF,Central African Republic,1981,280.343391789938
CAF,Central African Republic,1980,325.254770299088
CAF,Central African Republic,1979,289.118938225139
CAF,Central African Republic,1978,254.624087711594
CAF,Central African Republic,1977,213.785550996675
CAF,Central African Republic,1976,192.09699080748
CAF,Central African Republic,1975,163.644668287845
CAF,Central African Republic,1974,124.000349692552
CAF,Central African Republic,1973,121.824846111542
CAF,Central African Republic,1972,105.468061578138
CAF,Central African Republic,1971,94.0721472956876
CAF,Central African Republic,1970,90.1578442993038
CAF,Central African Republic,1969,91.6587059467658
CAF,Central African Republic,1968,95.6398392122972
CAF,Central African Republic,1967,83.562965105064
CAF,Central African Republic,1966,82.3374694570342
CAF,Central African Republic,1965,80.184506042463
CAF,Central African Republic,1964,77.2050398029084
CAF,Central African Republic,1963,71.7551875686265
CAF,Central African Republic,1962,70.404229268492
CAF,Central African Republic,1961,70.988125923024
CAF,Central African Republic,1960,65.8829629770666
TCD,Chad,2025,1022.33559390754
TCD,Chad,2024,980.668312111718
TCD,Chad,2023,949.991054236266
TCD,Chad,2022,966.036468278568
TCD,Chad,2021,946.358500208374
TCD,Chad,2020,866.947814890409
TCD,Chad,2019,893.336441643325
TCD,Chad,2018,948.656629871231
TCD,Chad,2017,854.46120040098
TCD,Chad,2016,861.831767630746
TCD,Chad,2015,993.990730610869
TCD,Chad,2014,1278.78981422494
TCD,Chad,2013,1304.88742971475
TCD,Chad,2012,1354.34344701937
TCD,Chad,2011,1308.1421872538
TCD,Chad,2010,1141.80069268412
TCD,Chad,2009,1035.63719694254
TCD,Chad,2008,1166.36883453841
TCD,Chad,2007,980.483531485103
TCD,Chad,2006,906.897260572747
TCD,Chad,2005,838.092107712557
TCD,Chad,2004,445.850767157087
TCD,Chad,2003,289.087621122168
TCD,Chad,2002,219.061391951349
TCD,Chad,2001,194.32295331156
TCD,Chad,2000,163.121663683369
TCD,Chad,1999,186.638531146223
TCD,Chad,1998,219.779530915601
TCD,Chad,1997,201.384076969355
TCD,Chad,1996,216.912541056484
TCD,Chad,1995,203.964852705041
TCD,Chad,1994,173.928895064035
TCD,Chad,1993,220.729964903293
TCD,Chad,1992,290.648286132566
TCD,Chad,1991,302.487268390603
TCD,Chad,1990,290.599045262191
TCD,Chad,1989,246.355378549117
TCD,Chad,1988,263.544647841815
TCD,Chad,1987,213.931729919066
TCD,Chad,1986,203.354449515341
TCD,Chad,1985,202.710985101435
TCD,Chad,1984,182.175880946335
TCD,Chad,1983,167.180974589951
TCD,Chad,1982,176.083750783324
TCD,Chad,1981,193.971579541809
TCD,Chad,1980,228.770491876017
TCD,Chad,1979,222.914738532944
TCD,Chad,1978,252.511381682505
TCD,Chad,1977,215.935450416974
TCD,Chad,1976,203.713116730324
TCD,Chad,1975,207.476255156215
TCD,Chad,1974,159.998978775959
TCD,Chad,1973,162.371866237422
TCD,Chad,1972,150.369805704401
TCD,Chad,1971,131.816410865026
TCD,Chad,1970,125.882078424937
TCD,Chad,1969,129.175848997716
TCD,Chad,1968,126.87277490154
TCD,Chad,1967,128.209999741615
TCD,Chad,1966,125.779460124418
TCD,Chad,1965,123.56227611622
TCD,Chad,1964,118.594106789032
TCD,Chad,1963,114.710860761079
TCD,Chad,1962,112.619958010844
TCD,Chad,1961,107.320380491931
TCD,Chad,1960,102.819470459603
CHI,Channel Islands,2023,74585.5224096294
CHI,Channel Islands,2022,67627.1417347907
CHI,Channel Islands,2021,66915.3963925722
CHI,Channel Islands,2020,56785.9402005039
CHI,Channel Islands,2019,60564.6293993681
CHI,Channel Islands,2018,60784.8125397162
CHI,Channel Islands,2017,55806.3554257428
CHI,Channel Islands,2016,55947.579811974
CHI,Channel Islands,2015,61847.8212238857
CHI,Channel Islands,2014,64697.5485024325
CHI,Channel Islands,2013,59308.4666588674
CHI,Channel Islands,2012,58809.5698945413
CHI,Channel Islands,2011,60415.2632075658
CHI,Channel Islands,2010,56123.4597963451
CHI,Channel Islands,2009,57778.5407063052
CHI,Channel Islands,2007,74139.97799443
CHI,Channel Islands,2006,62745.1006593557
CHI,Channel Islands,2005,57647.1188908006
CHI,Channel Islands,2004,56259.5344226334
CHI,Channel Islands,2003,48570.7796632166
CHI,Channel Islands,2002,44459.7318188977
CHI,Channel Islands,2001,41873.7406146127
CHI,Channel Islands,2000,43479.1940767689
CHI,Channel Islands,1999,42443.7199726991
CHI,Channel Islands,1998,40472.6653548172
CHL,Chile,2025,17994.5911957485
CHL,Chile,2024,16658.9652720351
CHL,Chile,2023,17081.5180740049
CHL,Chile,2022,15399.1044717559
CHL,Chile,2021,16216.1840860289
CHL,Chile,2020,13117.9930230086
CHL,Chile,2019,14496.9345640362
CHL,Chile,2018,15659.4808675628
CHL,Chile,2017,14879.9086227187
CHL,Chile,2016,13649.8520452803
CHL,Chile,2015,13433.9202987032
CHL,Chile,2014,14529.6767206336
CHL,Chile,2013,15683.5486369155
CHL,Chile,2012,15241.9069981119
CHL,Chile,2011,14487.3927832032
CHL,Chile,2010,12632.8704724192
CHL,Chile,2009,10098.8017167286
CHL,Chile,2008,10683.2188772511
CHL,Chile,2007,10346.4138184533
CHL,Chile,2006,9318.65655296121
CHL,Chile,2005,7480.32330998636
CHL,Chile,2004,6120.59152055344
CHL,Chile,2003,4773.40177520754
CHL,Chile,2002,4430.84741157984
CHL,Chile,2001,4563.5952986689
CHL,Chile,2000,5052.99245766325
CHL,Chile,1999,4933.55581516755
CHL,Chile,1998,5419.82417297191
CHL,Chile,1997,5741.95842989596
CHL,Chile,1996,5333.50438729711
CHL,Chile,1995,5081.4682771561
CHL,Chile,1994,4012.10159912285
CHL,Chile,1993,3540.91377313015
CHL,Chile,1992,3351.84108855522
CHL,Chile,1991,2798.34262413795
CHL,Chile,1990,2487.76829657299
CHL,Chile,1989,2277.84764297202
CHL,Chile,1988,2013.53987790886
CHL,Chile,1987,1767.41389670161
CHL,Chile,1986,1524.97809458987
CHL,Chile,1985,1446.80604557863
CHL,Chile,1984,1636.22476246476
CHL,Chile,1983,1715.40345654344
CHL,Chile,1982,1663.28043251256
CHL,Chile,1981,3012.3447816477
CHL,Chile,1980,2570.84311890682
CHL,Chile,1979,1962.08185606537
CHL,Chile,1978,1465.45605636916
CHL,Chile,1977,1296.86854720323
CHL,Chile,1976,970.957314866348
CHL,Chile,1975,732.054406775965
CHL,Chile,1974,1578.5836760852
CHL,Chile,1973,1666.99542750899
CHL,Chile,1972,1185.04994801594
CHL,Chile,1971,1098.91469956231
CHL,Chile,1970,940.648345061287
CHL,Chile,1969,873.581889905917
CHL,Chile,1968,765.847401648627
CHL,Chile,1967,764.265128656993
CHL,Chile,1966,790.361773771396
CHL,Chile,1965,686.123541995524
CHL,Chile,1964,685.970202891974
CHL,Chile,1963,657.719196593697
CHL,Chile,1962,678.584336588862
CHL,Chile,1961,594.436306222113
CHL,Chile,1960,516.487539077836
CHN,China,2025,13861.970224368
CHN,China,2024,13293.1162269366
CHN,China,2023,12951.1782397043
CHN,China,2022,12970.6056414327
CHN,China,2021,12887.4357242941
CHN,China,2020,10627.4637989619
CHN,China,2019,10342.9009524335
CHN,China,2018,10085.6638148819
CHN,China,2017,8979.67652709856
CHN,China,2016,8254.86859320357
CHN,China,2015,8175.33285077393
CHN,China,2014,7781.06597484974
CHN,China,2013,7147.03518622344
CHN,China,2012,6405.0574241349
CHN,China,2011,5703.76027973346
CHN,China,2010,4629.24551710077
CHN,China,2009,3898.24459158811
CHN,China,2008,3523.44302065213
CHN,China,2007,2734.72709877693
CHN,China,2006,2129.25696999613
CHN,China,2005,1777.64496828464
CHN,China,2004,1530.92726215723
CHN,China,2003,1306.97245408557
CHN,China,2002,1163.55957673426
CHN,China,2001,1065.40597574519
CHN,China,2000,969.199513696287
CHN,China,1999,881.146614068925
CHN,China,1998,835.095348597432
CHN,China,1997,786.743548510999
CHN,China,1996,713.337387811657
CHN,China,1995,612.680277898627
CHN,China,1994,475.677874448369
CHN,China,1993,378.939353053314
CHN,China,1992,367.822651903542
CHN,China,1991,334.130288119078
CHN,China,1990,318.50335359039
CHN,China,1989,311.429461227032
CHN,China,1988,284.023573149686
CHN,China,1987,252.256760114454
CHN,China,1986,282.445603096707
CHN,China,1985,295.007445815897
CHN,China,1984,251.192686463827
CHN,China,1983,225.86534696156
CHN,China,1982,203.722788366928
CHN,China,1981,197.425510967822
CHN,China,1980,195.149479992051
CHN,China,1979,184.285853059043
CHN,China,1978,156.655616850835
CHN,China,1977,185.728620718294
CHN,China,1976,165.680987722637
CHN,China,1975,178.621249282085
CHN,China,1974,160.402546852304
CHN,China,1973,157.339888078555
CHN,China,1972,132.097410431007
CHN,China,1971,118.84249157909
CHN,China,1970,113.346243039894
CHN,China,1969,100.308139479526
CHN,China,1968,91.6454581848979
CHN,China,1967,96.7614480104016
CHN,China,1966,104.50646350178
CHN,China,1965,98.6681688740435
CHN,China,1964,85.6611074645449
CHN,China,1963,74.4681540864463
CHN,China,1962,71.0616845971262
CHN,China,1961,75.9655011127574
CHN,China,1960,89.7150749167731
COL,Colombia,2025,8561.62091854449
COL,Colombia,2024,7951.08624019412
COL,Colombia,2023,7012.49169137756
COL,Colombia,2022,6680.44506854481
COL,Colombia,2021,6222.62164397614
COL,Colombia,2020,5339.68711357943
COL,Colombia,2019,6472.54544924705
COL,Colombia,2018,6816.96818309544
COL,Colombia,2017,6479.53231292429
COL,Colombia,2016,5959.84250367574
COL,Colombia,2015,6248.51490534512
COL,Colombia,2014,8187.20824890084
COL,Colombia,2013,8279.10255642981
COL,Colombia,2012,8108.59838244229
COL,Colombia,2011,7400.9940695669
COL,Colombia,2010,6398.2958447102
COL,Colombia,2009,5250.97292433518
COL,Colombia,2008,5541.83629665898
COL,Colombia,2007,4769.926147194
COL,Colombia,2006,3789.85361217027
COL,Colombia,2005,3456.06610874512
COL,Colombia,2004,2818.57195413044
COL,Colombia,2003,2311.94218760291
COL,Colombia,2002,2428.92969771584
COL,Colombia,2001,2472.99084035833
COL,Colombia,2000,2555.00751039968
COL,Colombia,1999,2241.22911801216
COL,Colombia,1998,2604.87166959518
COL,Colombia,1997,2873.2814350993
COL,Colombia,1996,2664.64056059983
COL,Colombia,1995,2583.66576349858
COL,Colombia,1994,2325.91872973374
COL,Colombia,1993,1929.26721811738
COL,Colombia,1992,1730.39091795329
COL,Colombia,1991,1485.73971889208
COL,Colombia,1990,1474.8455285342
COL,Colombia,1989,1244.3269459081
COL,Colombia,1988,1259.6174112078
COL,Colombia,1987,1192.58828638182
COL,Colombia,1986,1169.46212069392
COL,Colombia,1985,1192.21849833568
COL,Colombia,1984,1335.52821812362
COL,Colombia,1983,1383.7924605368
COL,Colombia,1982,1425.39936771371
COL,Colombia,1981,1362.18332520058
COL,Colombia,1980,1279.50116658241
COL,Colombia,1979,1095.0313839164
COL,Colombia,1978,932.392695058624
COL,Colombia,1977,798.203021638873
COL,Colombia,1976,643.007914496566
COL,Colombia,1975,561.098036100584
COL,Colombia,1974,541.749901587091
COL,Colombia,1973,462.064375734059
COL,Colombia,1972,397.41211740514
COL,Colombia,1971,366.825167940364
COL,Colombia,1970,345.879101568471
COL,Colombia,1969,317.868798055367
COL,Colombia,1968,301.526502784249
COL,Colombia,1967,302.832507824134
COL,Colombia,1966,290.253385958132
COL,Colombia,1965,317.064563351518
COL,Colombia,1964,338.675935298365
COL,Colombia,1963,282.588330302742
COL,Colombia,1962,298.544207818945
COL,Colombia,1961,282.099440509948
COL,Colombia,1960,258.304433616071
COM,Comoros,2025,2055.75921566281
COM,Comoros,2024,1857.87060684189
COM,Comoros,2023,1723.89474946474
COM,Comoros,2022,1533.87755393614
COM,Comoros,2021,1587.72988658008
COM,Comoros,2020,1527.16991011916
COM,Comoros,2019,1519.26386436068
COM,Comoros,2018,1540.71132257526
COM,Comoros,2017,1423.9248027797
COM,Comoros,2016,1365.48403444497
COM,Comoros,2015,1329.37048235986
COM,Comoros,2014,1615.71709756316
COM,Comoros,2013,1603.32653496691
COM,Comoros,2012,1490.31425650871
COM,Comoros,2011,1531.43969320468
COM,Comoros,2010,1386.57533553376
COM,Comoros,2009,1410.30516959473
COM,Comoros,2008,1455.02768595586
COM,Comoros,2007,1289.73631056361
COM,Comoros,2006,1138.47908404345
COM,Comoros,2005,1105.78796866788
COM,Comoros,2004,1072.28409029621
COM,Comoros,2003,959.691049354812
COM,Comoros,2002,764.61349832543
COM,Comoros,2001,681.163857619963
COM,Comoros,2000,633.309032776244
COM,Comoros,1999,707.228776682623
COM,Comoros,1998,704.479817408486
COM,Comoros,1997,714.519968676115
COM,Comoros,1996,786.380773511866
COM,Comoros,1995,800.623567802959
COM,Comoros,1994,652.898017688557
COM,Comoros,1993,903.033729112507
COM,Comoros,1992,938.595399659213
COM,Comoros,1991,879.348889291867
COM,Comoros,1990,903.20430581841
COM,Comoros,1989,758.861242815325
COM,Comoros,1988,797.801503027398
COM,Comoros,1987,763.310316408075
COM,Comoros,1986,646.461974891796
COM,Comoros,1985,494.254932645725
COM,Comoros,1984,500.752665003745
COM,Comoros,1983,534.247684014857
COM,Comoros,1982,566.033006092361
COM,Comoros,1981,613.038043236083
COM,Comoros,1980,720.685109658453
COD,"Congo, Dem. Rep.",2025,806.776000708534
COD,"Congo, Dem. Rep.",2024,692.887665085098
COD,"Congo, Dem. Rep.",2023,660.21205238997
COD,"Congo, Dem. Rep.",2022,687.738587554685
COD,"Congo, Dem. Rep.",2021,595.743074403567
COD,"Congo, Dem. Rep.",2020,486.425572682256
COD,"Congo, Dem. Rep.",2019,504.00419142286
COD,"Congo, Dem. Rep.",2018,518.169626875371
COD,"Congo, Dem. Rep.",2017,431.052559128788
COD,"Congo, Dem. Rep.",2016,459.765036590388
COD,"Congo, Dem. Rep.",2015,495.826633014883
COD,"Congo, Dem. Rep.",2014,489.175952097319
COD,"Congo, Dem. Rep.",2013,460.370334930107
COD,"Congo, Dem. Rep.",2012,409.931424783784
COD,"Congo, Dem. Rep.",2011,372.514273875789
COD,"Congo, Dem. Rep.",2010,352.400398754692
COD,"Congo, Dem. Rep.",2009,280.178991035792
COD,"Congo, Dem. Rep.",2008,352.900363371995
COD,"Congo, Dem. Rep.",2007,294.101615124419
COD,"Congo, Dem. Rep.",2006,255.445229568751
COD,"Congo, Dem. Rep.",2005,214.539740473519
COD,"Congo, Dem. Rep.",2004,180.664764963633
COD,"Congo, Dem. Rep.",2003,161.491553524396
COD,"Congo, Dem. Rep.",2002,162.38052907429
COD,"Congo, Dem. Rep.",2001,142.678142604412
COD,"Congo, Dem. Rep.",2000,377.925421481395
COD,"Congo, Dem. Rep.",1999,96.3192243479286
COD,"Congo, Dem. Rep.",1998,131.461338858019
COD,"Congo, Dem. Rep.",1997,132.323520768553
COD,"Congo, Dem. Rep.",1996,127.416132828292
COD,"Congo, Dem. Rep.",1995,127.008078734668
COD,"Congo, Dem. Rep.",1994,136.542547670676
COD,"Congo, Dem. Rep.",1993,263.335582841074
COD,"Congo, Dem. Rep.",1992,209.726548794417
COD,"Congo, Dem. Rep.",1991,253.79642770809
COD,"Congo, Dem. Rep.",1990,254.872656292509
COD,"Congo, Dem. Rep.",1989,254.231037905154
COD,"Congo, Dem. Rep.",1988,257.725151748806
COD,"Congo, Dem. Rep.",1987,230.086415834499
COD,"Congo, Dem. Rep.",1986,250.900914044275
COD,"Congo, Dem. Rep.",1985,230.132255248427
COD,"Congo, Dem. Rep.",1984,259.801889543739
COD,"Congo, Dem. Rep.",1983,376.285479915589
COD,"Congo, Dem. Rep.",1982,481.7409782053
COD,"Congo, Dem. Rep.",1981,455.912227033575
COD,"Congo, Dem. Rep.",1980,538.911839414196
COD,"Congo, Dem. Rep.",1979,582.089432219357
COD,"Congo, Dem. Rep.",1978,615.084195317772
COD,"Congo, Dem. Rep.",1977,509.488368681423
COD,"Congo, Dem. Rep.",1976,408.42239095403
COD,"Congo, Dem. Rep.",1975,444.693899464352
COD,"Congo, Dem. Rep.",1974,428.074954493294
COD,"Congo, Dem. Rep.",1973,360.562591604638
COD,"Congo, Dem. Rep.",1972,290.511803326089
COD,"Congo, Dem. Rep.",1971,270.336629028245
COD,"Congo, Dem. Rep.",1970,242.219759763837
COD,"Congo, Dem. Rep.",1969,257.144636724402
COD,"Congo, Dem. Rep.",1968,205.645995783134
COD,"Congo, Dem. Rep.",1967,183.291086454789
COD,"Congo, Dem. Rep.",1966,252.770361839944
COD,"Congo, Dem. Rep.",1965,232.037397382746
COD,"Congo, Dem. Rep.",1964,169.949259765221
COD,"Congo, Dem. Rep.",1963,376.383370020937
COD,"Congo, Dem. Rep.",1962,235.127290601122
COD,"Congo, Dem. Rep.",1961,197.080395165053
COD,"Congo, Dem. Rep.",1960,220.074550221277
COG,"Congo, Rep.",2025,2514.73393584747
COG,"Congo, Rep.",2024,2482.2489948456
COG,"Congo, Rep.",2023,2477.97845544866
COG,"Congo, Rep.",2022,2620.83804267402
COG,"Congo, Rep.",2021,2516.16255145432
COG,"Congo, Rep.",2020,1993.586671931
COG,"Congo, Rep.",2019,2488.42466724916
COG,"Congo, Rep.",2018,2694.43413191427
COG,"Congo, Rep.",2017,2211.63309874797
COG,"Congo, Rep.",2016,2093.10728558843
COG,"Congo, Rep.",2015,2439.35189403696
COG,"Congo, Rep.",2014,3601.2365808718
COG,"Congo, Rep.",2013,3697.41705884249
COG,"Congo, Rep.",2012,3732.32737320389
COG,"Congo, Rep.",2011,3396.16505817952
COG,"Congo, Rep.",2010,2946.55798067708
COG,"Congo, Rep.",2009,2271.15219175966
COG,"Congo, Rep.",2008,2832.09177777643
COG,"Congo, Rep.",2007,2206.47101863414
COG,"Congo, Rep.",2006,2103.5821381211
COG,"Congo, Rep.",2005,1799.05158366154
COG,"Congo, Rep.",2004,1306.10136324599
COG,"Congo, Rep.",2003,1016.82363412143
COG,"Congo, Rep.",2002,905.538135544704
COG,"Congo, Rep.",2001,854.598314408095
COG,"Congo, Rep.",2000,1024.30159109181
COG,"Congo, Rep.",1999,776.416349733937
COG,"Congo, Rep.",1998,660.379775085784
COG,"Congo, Rep.",1997,804.304050086499
COG,"Congo, Rep.",1996,898.794050151577
COG,"Congo, Rep.",1995,769.606794842829
COG,"Congo, Rep.",1994,661.904273689712
COG,"Congo, Rep.",1993,1034.37200809816
COG,"Congo, Rep.",1992,1164.22442980292
COG,"Congo, Rep.",1991,1112.53521242945
COG,"Congo, Rep.",1990,1175.66709098428
COG,"Congo, Rep.",1989,1032.8649749016
COG,"Congo, Rep.",1988,984.376285838246
COG,"Congo, Rep.",1987,1052.33893542503
COG,"Congo, Rep.",1986,872.048697635314
COG,"Congo, Rep.",1985,1049.31821372865
COG,"Congo, Rep.",1984,1097.04958637388
COG,"Congo, Rep.",1983,1075.34825792814
COG,"Congo, Rep.",1982,1130.97081000634
COG,"Congo, Rep.",1981,1066.18677734612
COG,"Congo, Rep.",1980,932.646715470458
COG,"Congo, Rep.",1979,670.245223116511
COG,"Congo, Rep.",1978,502.704251443805
COG,"Congo, Rep.",1977,448.136782421875
COG,"Congo, Rep.",1976,452.578147155598
COG,"Congo, Rep.",1975,471.473628201515
COG,"Congo, Rep.",1974,369.945183927696
COG,"Congo, Rep.",1973,353.380993825585
COG,"Congo, Rep.",1972,276.271849546575
COG,"Congo, Rep.",1971,223.538723764898
COG,"Congo, Rep.",1970,196.7324156078
COG,"Congo, Rep.",1969,195.431023577377
COG,"Congo, Rep.",1968,190.84225732065
COG,"Congo, Rep.",1967,185.656603616519
COG,"Congo, Rep.",1966,177.551344246999
COG,"Congo, Rep.",1965,164.186892761636
COG,"Congo, Rep.",1964,158.061964516344
COG,"Congo, Rep.",1963,150.65075197733
COG,"Congo, Rep.",1962,149.591249938458
COG,"Congo, Rep.",1961,139.872074436703
COG,"Congo, Rep.",1960,124.659670363931
CRI,Costa Rica,2025,19970.0989059622
CRI,Costa Rica,2024,18853.2828705886
CRI,Costa Rica,2023,17140.771430122
CRI,Costa Rica,2022,13971.7649991294
CRI,Costa Rica,2021,12962.2716075659
CRI,Costa Rica,2020,12475.6852076814
CRI,Costa Rica,2019,12951.8588421841
CRI,Costa Rica,2018,12620.0207321581
CRI,Costa Rica,2017,12317.0902779911
CRI,Costa Rica,2016,12091.0301560892
CRI,Costa Rica,2015,11714.7106121672
CRI,Costa Rica,2014,10911.4978703456
CRI,Costa Rica,2013,10803.2401795009
CRI,Costa Rica,2012,10126.9991155066
CRI,Costa Rica,2011,9276.39109377477
CRI,Costa Rica,2010,8265.78820580299
CRI,Costa Rica,2009,6832.69828187486
CRI,Costa Rica,2008,6937.24261660254
CRI,Costa Rica,2007,6137.71199435022
CRI,Costa Rica,2006,5256.59641275583
CRI,Costa Rica,2005,4703.00720463794
CRI,Costa Rica,2004,4431.01172024063
CRI,Costa Rica,2003,4173.14853766977
CRI,Costa Rica,2002,4067.71854177094
CRI,Costa Rica,2001,3985.12987980056
CRI,Costa Rica,2000,3812.75386183689
CRI,Costa Rica,1999,3690.9615476017
CRI,Costa Rica,1998,3617.45758013205
CRI,Costa Rica,1997,3407.77611260904
CRI,Costa Rica,1996,3226.96401664833
CRI,Costa Rica,1995,3275.25258510331
CRI,Costa Rica,1994,3039.56331706225
CRI,Costa Rica,1993,2840.38709085425
CRI,Costa Rica,1992,2612.38762395528
CRI,Costa Rica,1991,2253.3819611182
CRI,Costa Rica,1990,1829.6687089559
CRI,Costa Rica,1989,1725.13936155907
CRI,Costa Rica,1988,1554.74048522018
CRI,Costa Rica,1987,1567.0320510901
CRI,Costa Rica,1986,1568.5640969552
CRI,Costa Rica,1985,1429.37836415122
CRI,Costa Rica,1984,1372.20149843952
CRI,Costa Rica,1983,1212.55765296791
CRI,Costa Rica,1982,1032.40548167496
CRI,Costa Rica,1981,1068.04672232202
CRI,Costa Rica,1980,2020.99067534283
CRI,Costa Rica,1979,1734.59560248294
CRI,Costa Rica,1978,1555.83716115258
CRI,Costa Rica,1977,1393.37513762224
CRI,Costa Rica,1976,1123.28179124262
CRI,Costa Rica,1975,936.993196686988
CRI,Costa Rica,1974,817.076691410389
CRI,Costa Rica,1973,768.944717412776
CRI,Costa Rica,1972,638.851011611456
CRI,Costa Rica,1971,570.360229534426
CRI,Costa Rica,1970,535.539679724977
CRI,Costa Rica,1969,477.081346742249
CRI,Costa Rica,1968,444.805256869954
CRI,Costa Rica,1967,413.996506036274
CRI,Costa Rica,1966,395.15249847305
CRI,Costa Rica,1965,373.835690063441
CRI,Costa Rica,1964,353.710896791701
CRI,Costa Rica,1963,345.505369052711
CRI,Costa Rica,1962,335.221589042255
CRI,Costa Rica,1961,355.844447873806
CRI,Costa Rica,1960,382.309121831519
CIV,Cote d'Ivoire,2025,3050.10202257321
CIV,Cote d'Ivoire,2024,2727.8935220697
CIV,Cote d'Ivoire,2023,2591.9659048119
CIV,Cote d'Ivoire,2022,2333.37128301259
CIV,Cote d'Ivoire,2021,2455.98127641148
CIV,Cote d'Ivoire,2020,2179.72934832935
CIV,Cote d'Ivoire,2019,2141.76836170115
CIV,Cote d'Ivoire,2018,2130.86619381144
CIV,Cote d'Ivoire,2017,1964.29930338343
CIV,Cote d'Ivoire,2016,1862.59597081287
CIV,Cote d'Ivoire,2015,1814.71855088017
CIV,Cote d'Ivoire,2014,1991.36539423404
CIV,Cote d'Ivoire,2013,1786.15862031324
CIV,Cote d'Ivoire,2012,1546.9460184731
CIV,Cote d'Ivoire,2011,1596.62826565998
CIV,Cote d'Ivoire,2010,1553.54887048143
CIV,Cote d'Ivoire,2009,1540.45393569596
CIV,Cote d'Ivoire,2008,1583.97066701372
CIV,Cote d'Ivoire,2007,1367.53817722326
CIV,Cote d'Ivoire,2006,1230.43056838584
CIV,Cote d'Ivoire,2005,1197.74616979415
CIV,Cote d'Ivoire,2004,1199.82524528546
CIV,Cote d'Ivoire,2003,1111.17135087887
CIV,Cote d'Ivoire,2002,967.815864415991
CIV,Cote d'Ivoire,2001,924.727294962066
CIV,Cote d'Ivoire,2000,936.636541348798
CIV,Cote d'Ivoire,1999,1096.13520587572
CIV,Cote d'Ivoire,1998,1177.37133815342
CIV,Cote d'Ivoire,1997,1124.65674867927
CIV,Cote d'Ivoire,1996,1170.23622049666
CIV,Cote d'Ivoire,1995,740.4730999133
CIV,Cote d'Ivoire,1994,581.888468577405
CIV,Cote d'Ivoire,1993,804.149657211252
CIV,Cote d'Ivoire,1992,844.902223806738
CIV,Cote d'Ivoire,1991,827.241889166985
CIV,Cote d'Ivoire,1990,885.647842214928
CIV,Cote d'Ivoire,1989,832.559837958259
CIV,Cote d'Ivoire,1988,909.534182158689
CIV,Cote d'Ivoire,1987,929.611362954514
CIV,Cote d'Ivoire,1986,877.154956751363
CIV,Cote d'Ivoire,1985,694.951691466923
CIV,Cote d'Ivoire,1984,708.940252199945
CIV,Cote d'Ivoire,1983,737.449968695419
CIV,Cote d'Ivoire,1982,849.479705391045
CIV,Cote d'Ivoire,1981,985.507547907408
CIV,Cote d'Ivoire,1980,1237.80216768229
CIV,Cote d'Ivoire,1979,1157.00139805383
CIV,Cote d'Ivoire,1978,1039.11498268738
CIV,Cote d'Ivoire,1977,855.655691363342
CIV,Cote d'Ivoire,1976,660.538618229175
CIV,Cote d'Ivoire,1975,574.626405877437
CIV,Cote d'Ivoire,1974,474.223861362208
CIV,Cote d'Ivoire,1973,405.568979472686
CIV,Cote d'Ivoire,1972,312.942348100524
CIV,Cote d'Ivoire,1971,280.333660150746
CIV,Cote d'Ivoire,1970,268.957733574566
CIV,Cote d'Ivoire,1969,262.192286003745
CIV,Cote d'Ivoire,1968,256.768714344803
CIV,Cote d'Ivoire,1967,225.620934131463
CIV,Cote d'Ivoire,1966,221.786392228948
CIV,Cote d'Ivoire,1965,207.044838566402
CIV,Cote d'Ivoire,1964,215.506240264261
CIV,Cote d'Ivoire,1963,185.076825958966
CIV,Cote d'Ivoire,1962,163.076679659123
CIV,Cote d'Ivoire,1961,162.262764436326
CIV,Cote d'Ivoire,1960,148.680788984181
HRV,Croatia,2025,27103.9116109268
HRV,Croatia,2024,24049.9441746337
HRV,Croatia,2023,22183.4982258492
HRV,Croatia,2022,18465.531473659
HRV,Croatia,2021,17788.7601163765
HRV,Croatia,2020,14807.5559227544
HRV,Croatia,2019,15563.7354996625
HRV,Croatia,2018,15460.4560798984
HRV,Croatia,2017,13901.6498657787
HRV,Croatia,2016,12820.1872746645
HRV,Croatia,2015,12283.8750299177
HRV,Croatia,2014,14186.7712230471
HRV,Croatia,2013,14135.0903485872
HRV,Croatia,2012,13507.6349882758
HRV,Croatia,2011,14691.591757962
HRV,Croatia,2010,13729.7472872883
HRV,Croatia,2009,14474.52513863
HRV,Croatia,2008,15888.1184388903
HRV,Croatia,2007,13755.8149054063
HRV,Croatia,2006,11501.2327422844
HRV,Croatia,2005,10443.4484003498
HRV,Croatia,2004,9718.92771524605
HRV,Croatia,2003,8189.99059314699
HRV,Croatia,2002,6219.56093667781
HRV,Croatia,2001,5364.88188501029
HRV,Croatia,2000,4953.57515008131
HRV,Croatia,1999,5269.01488637462
HRV,Croatia,1998,5712.49829262763
HRV,Croatia,1997,5330.9148941072
HRV,Croatia,1996,5299.74887884048
HRV,Croatia,1995,4929.02083885825
HRV,Croatia,1994,3237.92646315285
HRV,Croatia,1993,2447.50319141761
HRV,Croatia,1992,2321.15204123035
HRV,Croatia,1991,4000.91677428625
HRV,Croatia,1990,5369.10978590681
CUB,Cuba,2020,9605.27914559614
CUB,Cuba,2019,9232.26115935183
CUB,Cuba,2018,8911.46205998726
CUB,Cuba,2017,8610.60829605429
CUB,Cuba,2016,8110.55874283616
CUB,Cuba,2015,7727.91997207998
CUB,Cuba,2014,7146.70459051328
CUB,Cuba,2013,6828.36428245396
CUB,Cuba,2012,6470.83673392653
CUB,Cuba,2011,6104.46105236166
CUB,Cuba,2010,5272.26755824835
CUB,Cuba,2009,5089.23519757167
CUB,Cuba,2008,4986.12436479175
CUB,Cuba,2007,4807.43888960684
CUB,Cuba,2006,4329.98265964383
CUB,Cuba,2005,3786.33799225291
CUB,Cuba,2004,3399.21962893402
CUB,Cuba,2003,3202.78109865637
CUB,Cuba,2002,3005.21104247868
CUB,Cuba,2001,2842.96704310394
CUB,Cuba,2000,2751.3817714814
CUB,Cuba,1999,2561.77980406838
CUB,Cuba,1998,2332.30656133119
CUB,Cuba,1997,2306.42483397336
CUB,Cuba,1996,2282.18809324202
CUB,Cuba,1995,2785.24442954103
CUB,Cuba,1994,2613.28971869122
CUB,Cuba,1993,2063.20366253587
CUB,Cuba,1992,2047.67900346421
CUB,Cuba,1991,2268.83493247194
CUB,Cuba,1990,2694.31697957692
CUB,Cuba,1989,2565.54117909344
CUB,Cuba,1988,2632.04176839158
CUB,Cuba,1987,2439.58400332393
CUB,Cuba,1986,2364.89559789307
CUB,Cuba,1985,2256.56948668495
CUB,Cuba,1984,2386.44595066854
CUB,Cuba,1983,2222.48851241339
CUB,Cuba,1982,2113.80858874548
CUB,Cuba,1981,2045.85231227999
CUB,Cuba,1980,2030.93362280165
CUB,Cuba,1979,2005.91326318373
CUB,Cuba,1978,1837.39107006762
CUB,Cuba,1977,1472.37881716617
CUB,Cuba,1976,1440.73046137146
CUB,Cuba,1975,1374.2396398274
CUB,Cuba,1974,1216.74148211883
CUB,Cuba,1973,1079.13081526456
CUB,Cuba,1972,891.631749208781
CUB,Cuba,1971,770.084969682323
CUB,Cuba,1970,645.144917797076
CUW,Curacao,2024,22832.895498987
CUW,Curacao,2023,21217.8109173312
CUW,Curacao,2022,20057.1404960105
CUW,Curacao,2021,17795.5826483092
CUW,Curacao,2020,16299.8134688605
CUW,Curacao,2019,19220.6866958303
CUW,Curacao,2018,19119.1243941688
CUW,Curacao,2017,18938.2440469703
CUW,Curacao,2016,18944.0961493998
CUW,Curacao,2015,19361.8130008678
CUW,Curacao,2014,19623.029993395
CUW,Curacao,2013,19721.2921646576
CUW,Curacao,2012,19809.8223198624
CUW,Curacao,2011,19426.326382752
CUW,Curacao,2010,19847.2310127979
CUW,Curacao,2009,19540.2476579348
CUW,Curacao,2008,19423.3352430175
CUW,Curacao,2007,18005.7165850772
CUW,Curacao,2006,17400.1637780186
CUW,Curacao,2005,17032.3356620744
CUW,Curacao,2004,16671.3403391655
CUW,Curacao,2003,16695.7351137757
CUW,Curacao,2002,16723.6925253468
CUW,Curacao,2001,16609.8454536485
CUW,Curacao,2000,15841.2612359949
CYP,Cyprus,2025,41783.08984375
CYP,Cyprus,2024,38674.3125
CYP,Cyprus,2023,36623.70703125
CYP,Cyprus,2022,33231.05078125
CYP,Cyprus,2021,32937.8359375
CYP,Cyprus,2020,28130.330078125
CYP,Cyprus,2019,29227.16796875
CYP,Cyprus,2018,29120.38671875
CYP,Cyprus,2017,26247.46484375
CYP,Cyprus,2016,24280.044921875
CYP,Cyprus,2015,23088.4296875
CYP,Cyprus,2014,26993.095703125
CYP,Cyprus,2013,27764.7265625
CYP,Cyprus,2012,28991.9296875
CYP,Cyprus,2011,32485.8046875
CYP,Cyprus,2010,31105.02734375
CYP,Cyprus,2009,32236.462890625
CYP,Cyprus,2008,35541.88671875
CYP,Cyprus,2007,31244.87890625
CYP,Cyprus,2006,26729.28125
CYP,Cyprus,2005,24959.26171875
CYP,Cyprus,2004,23792.619140625
CYP,Cyprus,2003,20252.24609375
CYP,Cyprus,2002,16093.2158203125
CYP,Cyprus,2001,14821.44921875
CYP,Cyprus,2000,14388.3525390625
CYP,Cyprus,1999,15287.91796875
CYP,Cyprus,1998,15092.828125
CYP,Cyprus,1997,14234.2412109375
CYP,Cyprus,1996,15139.220703125
CYP,Cyprus,1995,15261.4169921875
CYP,Cyprus,1994,11617.6923828125
CYP,Cyprus,1993,10526.1416015625
CYP,Cyprus,1992,11310.072265625
CYP,Cyprus,1991,9696.099609375
CYP,Cyprus,1990,9641.5751953125
CYP,Cyprus,1989,8038.9140625
CYP,Cyprus,1988,7645.6298828125
CYP,Cyprus,1987,6690.578125
CYP,Cyprus,1986,5642.63134765625
CYP,Cyprus,1985,4488.287109375
CYP,Cyprus,1984,4258.74365234375
CYP,Cyprus,1983,4091.04858398438
CYP,Cyprus,1982,4122.78466796875
CYP,Cyprus,1981,4033.24047851563
CYP,Cyprus,1980,4232.02294921875
CYP,Cyprus,1979,2559.22900390625
CYP,Cyprus,1978,1929.39929199219
CYP,Cyprus,1977,1476.24755859375
CYP,Cyprus,1976,1157.41162109375
CYP,Cyprus,1975,976.329895019531
CZE,Czechia,2025,35917.2724081665
CZE,Czechia,2024,31827.7552539413
CZE,Czechia,2023,31761.5944102491
CZE,Czechia,2022,28282.2236715857
CZE,Czechia,2021,27696.4619527544
CZE,Czechia,2020,23472.8915454417
CZE,Czechia,2019,24062.7190013343
CZE,Czechia,2018,23705.9329811299
CZE,Czechia,2017,20913.197632212
CZE,Czechia,2016,18753.9686718096
CZE,Czechia,2015,17931.5987670768
CZE,Czechia,2014,20038.4163180257
CZE,Czechia,2013,20260.4954999375
CZE,Czechia,2012,20014.0354015165
CZE,Czechia,2011,22049.1080788682
CZE,Czechia,2010,20160.4355077059
CZE,Czechia,2009,19817.4215836554
CZE,Czechia,2008,22774.7045076205
CZE,Czechia,2007,18452.6532812196
CZE,Czechia,2006,15259.0788162004
CZE,Czechia,2005,13442.4916284309
CZE,Czechia,2004,11782.5546676117
CZE,Czechia,2003,9852.45677945801
CZE,Czechia,2002,8101.26018588111
CZE,Czechia,2001,6669.07494847497
CZE,Czechia,2000,6062.92152842793
CZE,Czechia,1999,6377.6211077224
CZE,Czechia,1998,6526.59635780951
CZE,Czechia,1997,6069.38762357837
CZE,Czechia,1996,6573.19643136362
CZE,Czechia,1995,5865.29460556726
CZE,Czechia,1994,4663.28665345469
CZE,Czechia,1993,3984.1463439879
CZE,Czechia,1992,3396.70972430469
CZE,Czechia,1991,2917.08655474323
CZE,Czechia,1990,3969.36733543794
DNK,Denmark,2025,76970.1535217919
DNK,Denmark,2024,71026.4832271897
DNK,Denmark,2023,68043.5466971243
DNK,Denmark,2022,67781.0940939514
DNK,Denmark,2021,69340.7334922138
DNK,Denmark,2020,60985.4885601514
DNK,Denmark,2019,59404.2663247723
DNK,Denmark,2018,61324.7665045565
DNK,Denmark,2017,57521.5514992225
DNK,Denmark,2016,54500.9260410217
DNK,Denmark,2015,53094.0133607574
DNK,Denmark,2014,62520.4509747011
DNK,Denmark,2013,61377.5940590412
DNK,Denmark,2012,58443.7747103968
DNK,Denmark,2011,61809.737898222
DNK,Denmark,2010,58104.5445594981
DNK,Denmark,2009,58412.7472358513
DNK,Denmark,2008,64616.6657583663
DNK,Denmark,2007,58631.6566433635
DNK,Denmark,2006,52119.1787984282
DNK,Denmark,2005,48925.8076698784
DNK,Denmark,2004,46625.050098011
DNK,Denmark,2003,40519.0974905924
DNK,Denmark,2002,33257.1622586509
DNK,Denmark,2001,30768.4775471112
DNK,Denmark,2000,30722.0251837567
DNK,Denmark,1999,33426.2381077405
DNK,Denmark,1998,33346.4884298957
DNK,Denmark,1997,32779.879045297
DNK,Denmark,1996,35621.9878051732
DNK,Denmark,1995,35321.0980773087
DNK,Denmark,1994,29967.8303903163
DNK,Denmark,1993,27581.7241097459
DNK,Denmark,1992,29579.4913648682
DNK,Denmark,1991,27002.8057705804
DNK,Denmark,1990,26885.6994188191
DNK,Denmark,1989,21882.1517463842
DNK,Denmark,1988,22524.5792595476
DNK,Denmark,1987,21295.6768566078
DNK,Denmark,1986,17136.6297376226
DNK,Denmark,1985,12212.7873997293
DNK,Denmark,1984,11516.6821578436
DNK,Denmark,1983,11796.5691955784
DNK,Denmark,1982,11740.2199128271
DNK,Denmark,1981,12000.2103769191
DNK,Denmark,1980,13822.1578405912
DNK,Denmark,1979,13757.2343740839
DNK,Denmark,1978,11817.6250875179
DNK,Denmark,1977,9769.57864283968
DNK,Denmark,1976,8773.3396162771
DNK,Denmark,1975,7988.15613263518
DNK,Denmark,1974,6763.86592918646
DNK,Denmark,1973,6116.89199229142
DNK,Denmark,1972,4653.95587889115
DNK,Denmark,1971,3845.59906810072
DNK,Denmark,1970,3464.45518278408
DNK,Denmark,1969,3151.13324311543
DNK,Denmark,1968,2776.13544525805
DNK,Denmark,1967,2700.74637883336
DNK,Denmark,1966,2487.13627144432
DNK,Denmark,1965,2284.22850484956
DNK,Denmark,1964,2049.39724281483
DNK,Denmark,1963,1807.25279179793
DNK,Denmark,1962,1711.2181376602
DNK,Denmark,1961,1530.53779004389
DNK,Denmark,1960,1389.0213943225
DJI,Djibouti,2025,3905.604954681
DJI,Djibouti,2024,3552.72335079222
DJI,Djibouti,2023,3381.29779710722
DJI,Djibouti,2022,3133.25779772463
DJI,Djibouti,2021,3025.91126413549
DJI,Djibouti,2020,2844.88810647853
DJI,Djibouti,2019,2837.16902340932
DJI,Djibouti,2018,2718.08338799203
DJI,Djibouti,2017,2618.95521147369
DJI,Djibouti,2016,2510.4300076241
DJI,Djibouti,2015,2376.12554719873
DJI,Djibouti,2014,2214.62084142432
DJI,Djibouti,2013,2075.94498424748
DJI,Djibouti,2012,1400.19357858954
DJI,Djibouti,2011,1306.34552844977
DJI,Djibouti,2010,1213.23352553429
DJI,Djibouti,2009,1150.9375857489
DJI,Djibouti,2008,1119.15233346969
DJI,Djibouti,2007,969.573220191902
DJI,Djibouti,2006,898.464628136774
DJI,Djibouti,2005,844.4483573908
DJI,Djibouti,2004,806.261652944964
DJI,Djibouti,2003,764.634465224597
DJI,Djibouti,2002,743.013270420348
DJI,Djibouti,2001,742.133791107063
DJI,Djibouti,2000,737.612183644052
DJI,Djibouti,1999,740.21930978973
DJI,Djibouti,1998,735.349107889529
DJI,Djibouti,1997,748.232840194914
DJI,Djibouti,1996,761.943659476655
DJI,Djibouti,1995,786.201866748458
DJI,Djibouti,1994,784.556207408331
DJI,Djibouti,1993,758.733842733535
DJI,Djibouti,1992,763.659214503152
DJI,Djibouti,1991,732.733101553782
DJI,Djibouti,1990,780.497719360725
DJI,Djibouti,1989,781.9168386713
DJI,Djibouti,1988,816.874614065329
DJI,Djibouti,1987,821.682570354282
DJI,Djibouti,1985,846.785538068015
DMA,Dominica,2025,10989.0431185083
DMA,Dominica,2024,10405.2787777582
DMA,Dominica,2023,9912.96212766668
DMA,Dominica,2022,9323.66089490562
DMA,Dominica,2021,8376.40414141113
DMA,Dominica,2020,7827.74842680426
DMA,Dominica,2019,9491.14995962374
DMA,Dominica,2018,9215.3085405645
DMA,Dominica,2017,8224.64896571414
DMA,Dominica,2016,8802.56172041363
DMA,Dominica,2015,8282.59874702141
DMA,Dominica,2014,8131.74876096735
DMA,Dominica,2013,7822.21797211398
DMA,Dominica,2012,7528.51001990155
DMA,Dominica,2011,7705.40717248319
DMA,Dominica,2010,7549.61964680375
DMA,Dominica,2009,7487.49010395154
DMA,Dominica,2008,6971.32633839289
DMA,Dominica,2007,6459.03503689609
DMA,Dominica,2006,6055.78109574854
DMA,Dominica,2005,5695.22442394675
DMA,Dominica,2004,5778.83306546506
DMA,Dominica,2003,5447.44011496284
DMA,Dominica,2002,5488.02784969357
DMA,Dominica,2001,5527.51527300496
DMA,Dominica,2000,4867.39896323759
DMA,Dominica,1999,4817.18105502046
DMA,Dominica,1998,4664.24268142919
DMA,Dominica,1997,4372.19712966838
DMA,Dominica,1996,4210.99532034556
DMA,Dominica,1995,3951.72267086358
DMA,Dominica,1994,3805.20278759984
DMA,Dominica,1993,3536.15609185727
DMA,Dominica,1992,3376.26050139573
DMA,Dominica,1991,3171.36577815405
DMA,Dominica,1990,2892.9815966454
DMA,Dominica,1989,2639.0495483153
DMA,Dominica,1988,2423.32574317463
DMA,Dominica,1987,2138.30385149099
DMA,Dominica,1986,1892.86556477773
DMA,Dominica,1985,1665.53207185218
DMA,Dominica,1984,1514.89217748336
DMA,Dominica,1983,1363.43800844996
DMA,Dominica,1982,1231.66928057818
DMA,Dominica,1981,1124.97453088416
DMA,Dominica,1980,996.191362332325
DMA,Dominica,1979,754.091460805232
DMA,Dominica,1978,785.575814800555
DMA,Dominica,1977,633.551741670682
DOM,Dominican Republic,2025,11059.2081531834
DOM,Dominican Republic,2024,10875.6618443092
DOM,Dominican Republic,2023,10630.431743829
DOM,Dominican Republic,2022,10104.2464008585
DOM,Dominican Republic,2021,8527.0754858205
DOM,Dominican Republic,2020,7135.22273255899
DOM,Dominican Republic,2019,8183.01623600375
DOM,Dominican Republic,2018,7882.98221584944
DOM,Dominican Republic,2017,7412.71571571512
DOM,Dominican Republic,2016,7160.44200982307
DOM,Dominican Republic,2015,6800.95309395474
DOM,Dominican Republic,2014,6496.45166971142
DOM,Dominican Republic,2013,6136.59429329301
DOM,Dominican Republic,2012,6013.81965002603
DOM,Dominican Republic,2011,5826.51014109195
DOM,Dominican Republic,2010,5478.62470398954
DOM,Dominican Republic,2009,4973.95186999952
DOM,Dominican Republic,2008,5023.58513403515
DOM,Dominican Republic,2007,4649.64558875814
DOM,Dominican Republic,2006,4055.14270347371
DOM,Dominican Republic,2005,3878.31206735244
DOM,Dominican Republic,2004,2451.69161616569
DOM,Dominican Republic,2003,2383.26171780393
DOM,Dominican Republic,2002,3065.60329524196
DOM,Dominican Republic,2001,2935.89367312668
DOM,Dominican Republic,2000,2831.45883638033
DOM,Dominican Republic,1999,2620.8896817272
DOM,Dominican Republic,1998,2607.85457321405
DOM,Dominican Republic,1997,2448.89393535363
DOM,Dominican Republic,1996,2270.86558687203
DOM,Dominican Republic,1995,2109.16940728689
DOM,Dominican Republic,1994,1891.67055679
DOM,Dominican Republic,1993,1722.41995993981
DOM,Dominican Republic,1992,1558.29782071075
DOM,Dominican Republic,1991,1345.84673690623
DOM,Dominican Republic,1990,989.163941207659
DOM,Dominican Republic,1989,954.914504449885
DOM,Dominican Republic,1988,783.913142122635
DOM,Dominican Republic,1987,868.087557831807
DOM,Dominican Republic,1986,931.659530115685
DOM,Dominican Republic,1985,784.488809604008
DOM,Dominican Republic,1984,1843.52460788928
DOM,Dominican Republic,1983,1499.95575255789
DOM,Dominican Republic,1982,1376.26820466534
DOM,Dominican Republic,1981,1288.46563140235
DOM,Dominican Republic,1980,1180.18089253045
DOM,Dominican Republic,1979,983.739706495351
DOM,Dominican Republic,1978,868.397371769969
DOM,Dominican Republic,1977,862.976049221109
DOM,Dominican Republic,1976,762.778347016951
DOM,Dominican Republic,1975,713.168169144024
DOM,Dominican Republic,1974,595.356677805143
DOM,Dominican Republic,1973,490.3154952703
DOM,Dominican Republic,1972,427.224846368664
DOM,Dominican Republic,1971,368.349647697268
DOM,Dominican Republic,1970,337.668123719964
DOM,Dominican Republic,1969,287.699305710615
DOM,Dominican Republic,1968,259.574438400563
DOM,Dominican Republic,1967,256.20659739416
DOM,Dominican Republic,1966,250.876691518053
DOM,Dominican Republic,1965,233.160574151022
DOM,Dominican Republic,1964,277.29715816349
DOM,Dominican Republic,1963,262.186358003136
DOM,Dominican Republic,1962,236.814700040461
DOM,Dominican Republic,1961,193.908988795022
DOM,Dominican Republic,1960,205.731509857004
ECU,Ecuador,2025,7125.27618527738
ECU,Ecuador,2024,6826.5294137822
ECU,Ecuador,2023,6718.1447938811
ECU,Ecuador,2022,6515.58528418336
ECU,Ecuador,2021,6061.32350181711
ECU,Ecuador,2020,5463.64515348598
ECU,Ecuador,2019,6205.05765246766
ECU,Ecuador,2018,6303.91886658338
ECU,Ecuador,2017,6233.32244797718
ECU,Ecuador,2016,5917.63771271481
ECU,Ecuador,2015,5976.1596805651
ECU,Ecuador,2014,6405.79979300441
ECU,Ecuador,2013,6109.29031510341
ECU,Ecuador,2012,5634.08393191094
ECU,Ecuador,2011,5153.6916424375
ECU,Ecuador,2010,4520.30959039763
ECU,Ecuador,2009,4053.36331139298
ECU,Ecuador,2008,4194.75750661981
ECU,Ecuador,2007,3478.92488770671
ECU,Ecuador,2006,3243.67010359339
ECU,Ecuador,2005,2909.02606014388
ECU,Ecuador,2004,2586.20914663347
ECU,Ecuador,2003,2315.62215223014
ECU,Ecuador,2002,2059.1585535974
ECU,Ecuador,2001,1791.30359685037
ECU,Ecuador,2000,1382.23421759909
ECU,Ecuador,1999,1575.30234730971
ECU,Ecuador,1998,2284.01572847769
ECU,Ecuador,1997,2340.76600026857
ECU,Ecuador,1996,2135.8479374308
ECU,Ecuador,1995,2108.00698245316
ECU,Ecuador,1994,1996.85894789444
ECU,Ecuador,1993,1697.88884141445
ECU,Ecuador,1992,1655.44613192632
ECU,Ecuador,1991,1587.36049996672
ECU,Ecuador,1990,1455.00748510871
ECU,Ecuador,1989,1356.28045636224
ECU,Ecuador,1988,1303.77906073184
ECU,Ecuador,1987,1426.01629151663
ECU,Ecuador,1986,1604.24698102055
ECU,Ecuador,1985,1841.77905481426
ECU,Ecuador,1984,1863.68213493779
ECU,Ecuador,1983,1940.23393200801
ECU,Ecuador,1982,2314.38354547989
ECU,Ecuador,1981,2600.57152797996
ECU,Ecuador,1980,2189.78417657382
ECU,Ecuador,1979,1783.29280581578
ECU,Ecuador,1978,1541.13760425322
ECU,Ecuador,1977,1464.94058354719
ECU,Ecuador,1976,1241.91098461141
ECU,Ecuador,1975,1086.17615086517
ECU,Ecuador,1974,953.846558260516
ECU,Ecuador,1973,578.954930783286
ECU,Ecuador,1972,487.972047217986
ECU,Ecuador,1971,434.415880347799
ECU,Ecuador,1970,465.040319805007
ECU,Ecuador,1969,520.843984636492
ECU,Ecuador,1968,445.227989157148
ECU,Ecuador,1967,453.645285895565
ECU,Ecuador,1966,444.623111980641
ECU,Ecuador,1965,450.049782719552
ECU,Ecuador,1964,435.763463220837
ECU,Ecuador,1963,364.743594141305
ECU,Ecuador,1962,312.43541024174
ECU,Ecuador,1961,371.395176462235
ECU,Ecuador,1960,450.776317102259
EGY,"Egypt, Arab Rep.",2025,3085.80712036204
EGY,"Egypt, Arab Rep.",2024,3338.47371043679
EGY,"Egypt, Arab Rep.",2023,3456.78965212363
EGY,"Egypt, Arab Rep.",2022,4233.30783744856
EGY,"Egypt, Arab Rep.",2021,3827.35415374308
EGY,"Egypt, Arab Rep.",2020,3511.11381026379
EGY,"Egypt, Arab Rep.",2019,2962.98892023003
EGY,"Egypt, Arab Rep.",2018,2484.70315630508
EGY,"Egypt, Arab Rep.",2017,2395.10333299491
EGY,"Egypt, Arab Rep.",2016,3270.6287768197
EGY,"Egypt, Arab Rep.",2015,3306.98159414141
EGY,"Egypt, Arab Rep.",2014,3133.39102265541
EGY,"Egypt, Arab Rep.",2013,3025.52563552448
EGY,"Egypt, Arab Rep.",2012,2996.0677072015
EGY,"Egypt, Arab Rep.",2011,2590.64384891965
EGY,"Egypt, Arab Rep.",2010,2455.08194645282
EGY,"Egypt, Arab Rep.",2009,2161.63964573927
EGY,"Egypt, Arab Rep.",2008,1896.21594269779
EGY,"Egypt, Arab Rep.",2007,1547.74170735909
EGY,"Egypt, Arab Rep.",2006,1298.97900203124
EGY,"Egypt, Arab Rep.",2005,1105.53920713903
EGY,"Egypt, Arab Rep.",2004,991.255689145253
EGY,"Egypt, Arab Rep.",2003,1031.27556291284
EGY,"Egypt, Arab Rep.",2002,1116.82884626213
EGY,"Egypt, Arab Rep.",2001,1295.1374184163
EGY,"Egypt, Arab Rep.",2000,1366.09274372613
EGY,"Egypt, Arab Rep.",1999,1268.30949160496
EGY,"Egypt, Arab Rep.",1998,1212.82259820477
EGY,"Egypt, Arab Rep.",1997,1146.20172117634
EGY,"Egypt, Arab Rep.",1996,1008.97637629447
EGY,"Egypt, Arab Rep.",1995,916.326617700876
EGY,"Egypt, Arab Rep.",1994,807.303537230487
EGY,"Egypt, Arab Rep.",1993,740.334217356418
EGY,"Egypt, Arab Rep.",1992,680.79923864551
EGY,"Egypt, Arab Rep.",1991,622.829605007867
EGY,"Egypt, Arab Rep.",1990,735.982935028025
EGY,"Egypt, Arab Rep.",1989,701.037717929191
EGY,"Egypt, Arab Rep.",1988,633.839369496566
EGY,"Egypt, Arab Rep.",1987,753.722263747615
EGY,"Egypt, Arab Rep.",1986,790.201793698565
EGY,"Egypt, Arab Rep.",1985,769.755137148666
EGY,"Egypt, Arab Rep.",1984,689.807675510205
EGY,"Egypt, Arab Rep.",1983,648.013629771434
EGY,"Egypt, Arab Rep.",1982,595.918898169378
EGY,"Egypt, Arab Rep.",1981,490.308796861598
EGY,"Egypt, Arab Rep.",1980,493.053573271061
EGY,"Egypt, Arab Rep.",1979,420.85821686233
EGY,"Egypt, Arab Rep.",1978,354.674246269687
EGY,"Egypt, Arab Rep.",1977,353.403833676533
EGY,"Egypt, Arab Rep.",1976,334.609918474469
EGY,"Egypt, Arab Rep.",1975,299.217518322538
EGY,"Egypt, Arab Rep.",1974,243.061473902314
EGY,"Egypt, Arab Rep.",1973,272.182710085295
EGY,"Egypt, Arab Rep.",1972,256.482815640115
EGY,"Egypt, Arab Rep.",1971,242.971070265891
EGY,"Egypt, Arab Rep.",1970,232.272492342671
EGY,"Egypt, Arab Rep.",1969,192.964908828257
EGY,"Egypt, Arab Rep.",1968,179.774096694265
EGY,"Egypt, Arab Rep.",1967,174.103044536176
EGY,"Egypt, Arab Rep.",1966,168.054342944501
EGY,"Egypt, Arab Rep.",1965,161.567123566919
EGY,"Egypt, Arab Rep.",1964,157.716536507206
EGY,"Egypt, Arab Rep.",1963,143.928402522656
EGY,"Egypt, Arab Rep.",1962,142.409576739705
EGY,"Egypt, Arab Rep.",1961,162.841644181754
EGY,"Egypt, Arab Rep.",1960,156.387397481519
SLV,El Salvador,2025,5766.72574029107
SLV,El Salvador,2024,5503.10317151907
SLV,El Salvador,2023,5319.7195268688
SLV,El Salvador,2022,5074.60050994225
SLV,El Salvador,2021,4642.60743101342
SLV,El Salvador,2020,3997.19279583709
SLV,El Salvador,2019,4320.11671534627
SLV,El Salvador,2018,4183.54620971358
SLV,El Salvador,2017,4020.12671373919
SLV,El Salvador,2016,3901.34014965811
SLV,El Salvador,2015,3790.34089108162
SLV,El Salvador,2014,3666.01248913873
SLV,El Salvador,2013,3582.26694005169
SLV,El Salvador,2012,3497.91256915509
SLV,El Salvador,2011,3330.60049486653
SLV,El Salvador,2010,3040.07300952878
SLV,El Salvador,2009,2910.18651752011
SLV,El Salvador,2008,2983.24829577976
SLV,El Salvador,2007,2830.65693770733
SLV,El Salvador,2006,2665.61807194853
SLV,El Salvador,2005,2447.39140845394
SLV,El Salvador,2004,2285.68907438892
SLV,El Salvador,2003,2207.83089518069
SLV,El Salvador,2002,2115.41187355626
SLV,El Salvador,2001,2058.04459070452
SLV,El Salvador,2000,1982.87093542615
SLV,El Salvador,1999,1908.0804545224
SLV,El Salvador,1998,1859.73085887742
SLV,El Salvador,1997,1748.92111971129
SLV,El Salvador,1996,1651.31016800895
SLV,El Salvador,1995,1548.3763038362
SLV,El Salvador,1994,1343.9290572544
SLV,El Salvador,1993,1180.26854267621
SLV,El Salvador,1992,1040.78164082019
SLV,El Salvador,1991,955.826897421092
SLV,El Salvador,1990,892.18271519703
SLV,El Salvador,1989,825.105232536306
SLV,El Salvador,1988,806.392353256927
SLV,El Salvador,1987,777.239402479086
SLV,El Salvador,1986,755.425135831439
SLV,El Salvador,1985,776.424283705702
SLV,El Salvador,1984,763.168218110743
SLV,El Salvador,1983,744.863912246485
SLV,El Salvador,1982,735.360954743528
SLV,El Salvador,1981,752.024012607538
SLV,El Salvador,1980,787.149605473724
SLV,El Salvador,1979,773.066953129952
SLV,El Salvador,1978,711.852264187957
SLV,El Salvador,1977,683.90258566335
SLV,El Salvador,1976,552.994933864727
SLV,El Salvador,1975,457.260871327372
SLV,El Salvador,1974,413.403476363207
SLV,El Salvador,1973,366.250658952563
SLV,El Salvador,1972,328.509448039035
SLV,El Salvador,1971,315.665399785976
SLV,El Salvador,1970,308.798853901934
SLV,El Salvador,1969,293.416580804896
SLV,El Salvador,1968,290.096510171735
SLV,El Salvador,1967,288.374280393621
SLV,El Salvador,1966,282.44637356687
SLV,El Salvador,1965,274.333279365994
GNQ,Equatorial Guinea,2025,6615.25245207167
GNQ,Equatorial Guinea,2024,7003.58055684906
GNQ,Equatorial Guinea,2023,6788.35271638376
GNQ,Equatorial Guinea,2022,7589.29964909381
GNQ,Equatorial Guinea,2021,6945.63069794539
GNQ,Equatorial Guinea,2020,5764.05502912947
GNQ,Equatorial Guinea,2019,6804.14923073888
GNQ,Equatorial Guinea,2018,8102.47084834031
GNQ,Equatorial Guinea,2017,7809.10465655488
GNQ,Equatorial Guinea,2016,7453.19797948517
GNQ,Equatorial Guinea,2015,9068.91003238645
GNQ,Equatorial Guinea,2014,15548.6624656619
GNQ,Equatorial Guinea,2013,16304.0713196418
GNQ,Equatorial Guinea,2012,17308.5723924575
GNQ,Equatorial Guinea,2011,17198.2136668275
GNQ,Equatorial Guinea,2010,13720.1658723222
GNQ,Equatorial Guinea,2009,13232.5019378102
GNQ,Equatorial Guinea,2008,18210.5552970599
GNQ,Equatorial Guinea,2007,12616.9532942011
GNQ,Equatorial Guinea,2006,10184.8841248541
GNQ,Equatorial Guinea,2005,8673.9026086535
GNQ,Equatorial Guinea,2004,4901.30127408119
GNQ,Equatorial Guinea,2003,2930.60183743733
GNQ,Equatorial Guinea,2002,2264.21065580365
GNQ,Equatorial Guinea,2001,1948.61145907844
GNQ,Equatorial Guinea,2000,1487.3165506701
GNQ,Equatorial Guinea,1999,930.912549299779
GNQ,Equatorial Guinea,1998,577.868525342745
GNQ,Equatorial Guinea,1997,717.041481576821
GNQ,Equatorial Guinea,1996,391.686868235732
GNQ,Equatorial Guinea,1995,248.314896208855
GNQ,Equatorial Guinea,1994,183.239482711964
GNQ,Equatorial Guinea,1993,256.683023652574
GNQ,Equatorial Guinea,1992,263.733547088944
GNQ,Equatorial Guinea,1991,225.319378519763
GNQ,Equatorial Guinea,1990,236.402188376265
GNQ,Equatorial Guinea,1989,193.2233561169
GNQ,Equatorial Guinea,1988,228.669232827247
GNQ,Equatorial Guinea,1987,220.925441822509
GNQ,Equatorial Guinea,1986,188.78702702248
GNQ,Equatorial Guinea,1985,161.11802183767
GNQ,Equatorial Guinea,1984,137.903678570149
GNQ,Equatorial Guinea,1983,129.411005581021
GNQ,Equatorial Guinea,1982,137.468802708366
GNQ,Equatorial Guinea,1981,121.125080282047
GNQ,Equatorial Guinea,1980,175.451008071362
GNQ,Equatorial Guinea,1977,375.705960625002
GNQ,Equatorial Guinea,1976,368.831374253979
GNQ,Equatorial Guinea,1975,362.262178278078
GNQ,Equatorial Guinea,1974,319.236836741342
GNQ,Equatorial Guinea,1973,268.634902338667
GNQ,Equatorial Guinea,1972,211.424761974446
GNQ,Equatorial Guinea,1971,205.56736961701
GNQ,Equatorial Guinea,1970,206.766858699665
GNQ,Equatorial Guinea,1969,208.44083966338
GNQ,Equatorial Guinea,1968,211.743758689178
GNQ,Equatorial Guinea,1967,231.931646165774
GNQ,Equatorial Guinea,1966,226.694963901345
GNQ,Equatorial Guinea,1965,217.10289545039
GNQ,Equatorial Guinea,1964,177.826417576094
GNQ,Equatorial Guinea,1963,154.797498528375
GNQ,Equatorial Guinea,1962,132.911859077276
ERI,Eritrea,2011,688.68165957684
ERI,Eritrea,2010,539.699512069686
ERI,Eritrea,2009,642.92572288007
ERI,Eritrea,2008,490.066956003333
ERI,Eritrea,2007,480.44762365456
ERI,Eritrea,2006,447.997404727201
ERI,Eritrea,2005,412.753079199423
ERI,Eritrea,2004,426.840947887032
ERI,Eritrea,2003,348.950327077742
ERI,Eritrea,2002,304.775756465092
ERI,Eritrea,2001,325.409161513593
ERI,Eritrea,2000,314.357396753501
ERI,Eritrea,1999,311.336209255125
ERI,Eritrea,1998,341.91736400208
ERI,Eritrea,1997,318.980960831984
ERI,Eritrea,1996,325.838705371605
ERI,Eritrea,1995,285.402184008331
ERI,Eritrea,1994,277.801423620334
ERI,Eritrea,1993,252.085777069472
ERI,Eritrea,1992,265.240962963337
EST,Estonia,2025,34417.6320815138
EST,Estonia,2024,31428.3547816104
EST,Estonia,2023,30264.0064885057
EST,Estonia,2022,28340.3826549406
EST,Estonia,2021,27951.1659277744
EST,Estonia,2020,23933.9939421065
EST,Estonia,2019,24021.2501413306
EST,Estonia,2018,23618.1361254581
EST,Estonia,2017,20851.5223496861
EST,Estonia,2016,18666.3736521706
EST,Estonia,2015,17722.1557669523
EST,Estonia,2014,20581.7898991695
EST,Estonia,2013,19310.3874900757
EST,Estonia,2012,17568.2137969714
EST,Estonia,2011,17555.5455239426
EST,Estonia,2010,14663.7041018705
EST,Estonia,2009,14712.4494217916
EST,Estonia,2008,18205.9064113446
EST,Estonia,2007,16745.4308011148
EST,Estonia,2006,12641.4800976473
EST,Estonia,2005,10414.6381183565
EST,Estonia,2004,8916.0728274602
EST,Estonia,2003,7205.40703313243
EST,Estonia,2002,5343.18310760735
EST,Estonia,2001,4502.66614992392
EST,Estonia,2000,4070.60902410208
EST,Estonia,1999,4140.93660232167
EST,Estonia,1998,4093.39247738765
EST,Estonia,1997,3682.95230146695
EST,Estonia,1996,3380.92630243199
EST,Estonia,1995,3134.38975345407
EST,Estonia,1994,2819.12612100926
EST,Estonia,1993,2685.90889287357
SWZ,Eswatini,2025,4108.25221093363
SWZ,Eswatini,2024,3909.55892378182
SWZ,Eswatini,2023,3755.52111232464
SWZ,Eswatini,2022,3894.1620089869
SWZ,Eswatini,2021,3984.00229174306
SWZ,Eswatini,2020,3466.56936278145
SWZ,Eswatini,2019,3913.14577547336
SWZ,Eswatini,2018,3972.65450620357
SWZ,Eswatini,2017,3853.09956569679
SWZ,Eswatini,2016,3238.17611961364
SWZ,Eswatini,2015,3419.82276559528
SWZ,Eswatini,2014,3771.07228381938
SWZ,Eswatini,2013,3949.94310039907
SWZ,Eswatini,2012,4224.54789174487
SWZ,Eswatini,2011,4225.06049411911
SWZ,Eswatini,2010,3922.74039390733
SWZ,Eswatini,2009,3189.79679956637
SWZ,Eswatini,2008,2946.8606613746
SWZ,Eswatini,2007,3109.11097608864
SWZ,Eswatini,2006,2964.95865200682
SWZ,Eswatini,2005,2871.06877437449
SWZ,Eswatini,2004,2525.5640452625
SWZ,Eswatini,2003,2015.21743065251
SWZ,Eswatini,2002,1315.73634647994
SWZ,Eswatini,2001,1429.85630359447
SWZ,Eswatini,2000,1629.67038842815
SWZ,Eswatini,1999,1501.66426653189
SWZ,Eswatini,1998,1546.51519325373
SWZ,Eswatini,1997,1705.39874942229
SWZ,Eswatini,1996,1619.19119707662
SWZ,Eswatini,1995,1750.75400773784
SWZ,Eswatini,1994,1461.36400128736
SWZ,Eswatini,1993,1397.26593317978
SWZ,Eswatini,1992,1361.8169795148
SWZ,Eswatini,1991,1273.01224518903
SWZ,Eswatini,1990,1277.69173005665
SWZ,Eswatini,1989,831.847150129225
SWZ,Eswatini,1988,865.25154443731
SWZ,Eswatini,1987,764.752134047322
SWZ,Eswatini,1986,611.298158219647
SWZ,Eswatini,1985,509.885951472336
SWZ,Eswatini,1984,726.345118603826
SWZ,Eswatini,1983,842.750203378801
SWZ,Eswatini,1982,843.043006864844
SWZ,Eswatini,1981,925.368712517647
SWZ,Eswatini,1980,908.375601827987
SWZ,Eswatini,1979,713.953305118319
SWZ,Eswatini,1978,609.960650013647
SWZ,Eswatini,1977,562.711578492044
SWZ,Eswatini,1976,520.799625738095
SWZ,Eswatini,1975,567.884816620216
SWZ,Eswatini,1974,536.161003835798
SWZ,Eswatini,1973,463.251615844177
SWZ,Eswatini,1972,315.028466244508
SWZ,Eswatini,1971,301.119152172814
SWZ,Eswatini,1970,254.161125489597
SWZ,Eswatini,1969,245.233981580731
SWZ,Eswatini,1968,190.386590098492
SWZ,Eswatini,1967,182.773359711151
SWZ,Eswatini,1966,192.744540046073
SWZ,Eswatini,1965,180.977225619081
SWZ,Eswatini,1964,171.608409764479
SWZ,Eswatini,1963,146.391131380777
SWZ,Eswatini,1962,127.095766410182
SWZ,Eswatini,1961,121.795718753065
SWZ,Eswatini,1960,101.572799813694
ETH,Ethiopia,2025,932.729352775179
ETH,Ethiopia,2024,1133.88279681256
ETH,Ethiopia,2023,1055.81091593061
ETH,Ethiopia,2022,982.103161502198
ETH,Ethiopia,2021,893.009835441784
ETH,Ethiopia,2020,829.790982552951
ETH,Ethiopia,2019,793.473247218996
ETH,Ethiopia,2018,739.702022272086
ETH,Ethiopia,2017,696.348429076216
ETH,Ethiopia,2016,641.651523286233
ETH,Ethiopia,2015,597.912113218663
ETH,Ethiopia,2014,549.986577082588
ETH,Ethiopia,2013,484.039833104062
ETH,Ethiopia,2012,452.101031885754
ETH,Ethiopia,2011,343.024942351887
ETH,Ethiopia,2010,330.619412798644
ETH,Ethiopia,2009,368.574712267445
ETH,Ethiopia,2008,316.410475118075
ETH,Ethiopia,2007,237.146255996319
ETH,Ethiopia,2006,189.345737521418
ETH,Ethiopia,2005,158.243458082465
ETH,Ethiopia,2004,133.169812538096
ETH,Ethiopia,2003,116.800491132777
ETH,Ethiopia,2002,109.593813612988
ETH,Ethiopia,2001,118.457204255261
ETH,Ethiopia,2000,122.269202606069
ETH,Ethiopia,1999,120.734631499865
ETH,Ethiopia,1998,126.465095781244
ETH,Ethiopia,1997,143.369531498844
ETH,Ethiopia,1996,147.327458851964
ETH,Ethiopia,1995,136.523619088963
ETH,Ethiopia,1994,127.685923459033
ETH,Ethiopia,1993,168.520401400989
ETH,Ethiopia,1992,207.406400863847
ETH,Ethiopia,1991,277.565910365091
ETH,Ethiopia,1990,262.108971053707
ETH,Ethiopia,1989,256.386475306315
ETH,Ethiopia,1988,253.248262470167
ETH,Ethiopia,1987,254.121329421554
ETH,Ethiopia,1986,245.977228769295
ETH,Ethiopia,1985,243.897382584019
ETH,Ethiopia,1984,214.228860396002
ETH,Ethiopia,1983,232.683474421159
ETH,Ethiopia,1982,215.25098547162
ETH,Ethiopia,1981,212.657517980298
ETH,Ethiopia,1980,203.685394440965
ETH,Ethiopia,1979,192.357117273999
ETH,Ethiopia,1978,178.302480574913
ETH,Ethiopia,1977,170.40414371556
ETH,Ethiopia,1976,151.95618662171
ETH,Ethiopia,1975,144.280537635495
ETH,Ethiopia,1974,147.855722504485
ETH,Ethiopia,1973,134.935511021947
ETH,Ethiopia,1972,119.839997124757
ETH,Ethiopia,1971,112.736674296624
ETH,Ethiopia,1970,109.430466337285
ETH,Ethiopia,1969,102.280177675035
ETH,Ethiopia,1968,99.4743651000667
ETH,Ethiopia,1967,96.0864747436757
ETH,Ethiopia,1966,93.1549467874985
ETH,Ethiopia,1965,88.8500294110243
ETH,Ethiopia,1964,83.8368648270969
ETH,Ethiopia,1963,79.1726343703284
ETH,Ethiopia,1962,77.7901849782504
ETH,Ethiopia,1961,76.7301966411733
ETH,Ethiopia,1960,75.3396090705961
FRO,Faroe Islands,2024,74175.2776311377
FRO,Faroe Islands,2023,72486.6910957957
FRO,Faroe Islands,2022,67069.3987440509
FRO,Faroe Islands,2021,69421.6981686515
FRO,Faroe Islands,2020,62247.9273907098
FRO,Faroe Islands,2019,63070.7228080361
FRO,Faroe Islands,2018,62525.2647698273
FRO,Faroe Islands,2017,59388.5365965776
FRO,Faroe Islands,2016,56876.4302363804
FRO,Faroe Islands,2015,52638.2668218454
FRO,Faroe Islands,2014,60173.3057854661
FRO,Faroe Islands,2013,55759.364098362
FRO,Faroe Islands,2012,50263.0024625867
FRO,Faroe Islands,2011,51620.0541648551
FRO,Faroe Islands,2010,47924.1364756678
FRO,Faroe Islands,2009,47060.1592550833
FRO,Faroe Islands,2008,51287.8911081663
FRO,Faroe Islands,2007,48348.7393711011
FRO,Faroe Islands,2006,41743.6812847661
FRO,Faroe Islands,2005,36389.081644098
FRO,Faroe Islands,2004,35647.5440400531
FRO,Faroe Islands,2003,31269.6031997217
FRO,Faroe Islands,2002,26937.6505602847
FRO,Faroe Islands,2001,24879.7729617864
FRO,Faroe Islands,2000,23322.7593357515
FRO,Faroe Islands,1999,24978.6210817538
FRO,Faroe Islands,1998,24729.019906458
FRO,Faroe Islands,1997,21158.4130199317
FRO,Faroe Islands,1996,22705.6954787426
FRO,Faroe Islands,1995,20669.2052425004
FRO,Faroe Islands,1994,16975.9297150055
FRO,Faroe Islands,1993,16373.8260050275
FRO,Faroe Islands,1992,19300.6621973456
FRO,Faroe Islands,1991,19163.5554371421
FRO,Faroe Islands,1990,20125.3725089519
FRO,Faroe Islands,1989,18180.8492751081
FRO,Faroe Islands,1988,20453.0990144916
FRO,Faroe Islands,1987,18982.2410674985
FRO,Faroe Islands,1986,14933.5448035702
FRO,Faroe Islands,1985,10048.5086349589
FRO,Faroe Islands,1984,9437.29347360867
FRO,Faroe Islands,1983,10893.3317148574
FRO,Faroe Islands,1982,10052.9192302665
FRO,Faroe Islands,1981,10458.0965252581
FRO,Faroe Islands,1980,11446.2829681746
FRO,Faroe Islands,1979,10549.3401533022
FRO,Faroe Islands,1978,9479.43754490354
FRO,Faroe Islands,1977,8387.1492388171
FRO,Faroe Islands,1976,6593.6212932559
FRO,Faroe Islands,1975,5605.51262112203
FRO,Faroe Islands,1974,4906.27514325385
FRO,Faroe Islands,1973,4067.92980683272
FRO,Faroe Islands,1972,3046.4591497805
FRO,Faroe Islands,1971,2563.60186171096
FRO,Faroe Islands,1970,2219.37686726419
FRO,Faroe Islands,1969,1849.43853817677
FRO,Faroe Islands,1968,1735.53425630103
FRO,Faroe Islands,1967,1780.15707646919
FRO,Faroe Islands,1966,1749.16153532827
FRO,Faroe Islands,1965,1594.47884066707
FJI,Fiji,2025,6642.00449450523
FJI,Fiji,2024,6425.74151715712
FJI,Fiji,2023,5926.20586394763
FJI,Fiji,2022,5414.12092119088
FJI,Fiji,2021,4536.73312110335
FJI,Fiji,2020,4620.6457238014
FJI,Fiji,2019,5842.07344577597
FJI,Fiji,2018,6085.41979485376
FJI,Fiji,2017,5826.84814459328
FJI,Fiji,2016,5363.79026679243
FJI,Fiji,2015,5097.53106864695
FJI,Fiji,2014,5293.35676680464
FJI,Fiji,2013,4572.44377544245
FJI,Fiji,2012,4341.40338748749
FJI,Fiji,2011,4139.60288609702
FJI,Fiji,2010,3449.14452883369
FJI,Fiji,2009,3164.13275408169
FJI,Fiji,2008,3899.92231512129
FJI,Fiji,2007,3762.74692789299
FJI,Fiji,2006,3455.10599907349
FJI,Fiji,2005,3377.69126953493
FJI,Fiji,2004,3097.19096651759
FJI,Fiji,2003,2655.58079586044
FJI,Fiji,2002,2136.56794118683
FJI,Fiji,2001,1944.997414609
FJI,Fiji,2000,1995.72071163264
FJI,Fiji,1999,2327.95720514091
FJI,Fiji,1998,2010.49636073149
FJI,Fiji,1997,2573.72338605678
FJI,Fiji,1996,2648.32766264
FJI,Fiji,1995,2466.74347815903
FJI,Fiji,1994,2297.18005884304
FJI,Fiji,1993,2070.04734110195
FJI,Fiji,1992,1951.25592930351
FJI,Fiji,1991,1774.99211138118
FJI,Fiji,1990,1728.94076871199
FJI,Fiji,1989,1543.2961719258
FJI,Fiji,1988,1463.04720165947
FJI,Fiji,1987,1569.46727039388
FJI,Fiji,1986,1745.24126633634
FJI,Fiji,1985,1576.72069091401
FJI,Fiji,1984,1666.86572541062
FJI,Fiji,1983,1628.04901181455
FJI,Fiji,1982,1773.14392517051
FJI,Fiji,1981,1879.36315139259
FJI,Fiji,1980,1873.31097972432
FJI,Fiji,1979,1626.66019023926
FJI,Fiji,1978,1354.81144050374
FJI,Fiji,1977,1203.57267969162
FJI,Fiji,1976,1186.16648457757
FJI,Fiji,1975,1188.18424249981
FJI,Fiji,1974,984.313523932329
FJI,Fiji,1973,761.684067364828
FJI,Fiji,1972,575.217482137037
FJI,Fiji,1971,457.844599860784
FJI,Fiji,1970,413.93721652892
FJI,Fiji,1969,349.813973013608
FJI,Fiji,1968,327.357416510141
FJI,Fiji,1967,325.9865454003
FJI,Fiji,1966,309.5744090096
FJI,Fiji,1965,311.241072912198
FJI,Fiji,1964,305.532203132127
FJI,Fiji,1963,291.38357377756
FJI,Fiji,1962,285.473073001593
FJI,Fiji,1961,280.273366731046
FJI,Fiji,1960,277.431535497766
FIN,Finland,2025,56148.580949046
FIN,Finland,2024,53155.5451165897
FIN,Finland,2023,52864.6931581216
FIN,Finland,2022,50440.560224974
FIN,Finland,2021,53099.1351400148
FIN,Finland,2020,48828.6846862799
FIN,Finland,2019,48358.1807773701
FIN,Finland,2018,49654.2497035329
FIN,Finland,2017,46085.0174739036
FIN,Finland,2016,43451.2562442158
FIN,Finland,2015,42560.3456767103
FIN,Finland,2014,50073.7760815871
FIN,Finland,2013,49691.0145200739
FIN,Finland,2012,47551.6740841369
FIN,Finland,2011,51060.3242589767
FIN,Finland,2010,46506.2919016566
FIN,Finland,2009,47478.3495310999
FIN,Finland,2008,53769.4726240385
FIN,Finland,2007,48473.0240091455
FIN,Finland,2006,41214.0187765069
FIN,Finland,2005,39049.8703780223
FIN,Finland,2004,37768.1334202029
FIN,Finland,2003,32920.0857192568
FIN,Finland,2002,26989.389260959
FIN,Finland,2001,24965.202996776
FIN,Finland,2000,24335.9225082659
FIN,Finland,1999,26180.4128562349
FIN,Finland,1998,25999.9861694953
FIN,Finland,1997,24682.29083271
FIN,Finland,1996,25756.6777073618
FIN,Finland,1995,26246.2743214462
FIN,Finland,1994,20278.29109854
FIN,Finland,1993,17588.6781715509
FIN,Finland,1992,22320.1124695857
FIN,Finland,1991,25488.8450525604
FIN,Finland,1990,28366.204276071
FIN,Finland,1989,23969.052798644
FIN,Finland,1988,22043.7701596288
FIN,Finland,1987,18565.0264426011
FIN,Finland,1986,14946.9926198261
FIN,Finland,1985,11394.1921044246
FIN,Finland,1984,10830.2185222663
FIN,Finland,1983,10493.9626636806
FIN,Finland,1982,10935.3110588486
FIN,Finland,1981,10925.0957161181
FIN,Finland,1980,11224.9380036353
FIN,Finland,1979,9333.07695567452
FIN,Finland,1978,7629.49572475149
FIN,Finland,1977,7069.73565139858
FIN,Finland,1976,6740.29145314637
FIN,Finland,1975,6256.10245136117
FIN,Finland,1974,5298.08008790754
FIN,Finland,1973,4173.54485169644
FIN,Finland,1972,3177.9287929756
FIN,Finland,1971,2716.43223544591
FIN,Finland,1970,2465.86455526041
FIN,Finland,1969,2201.12415237742
FIN,Finland,1968,1927.29380452918
FIN,Finland,1967,2055.75306771186
FIN,Finland,1966,2031.52331393903
FIN,Finland,1965,1902.03847177709
FIN,Finland,1964,1725.60483489826
FIN,Finland,1963,1538.45703402737
FIN,Finland,1962,1426.6675637882
FIN,Finland,1961,1341.49900625891
FIN,Finland,1960,1191.85508873415
FRA,France,2025,48985.7307807924
FRA,France,2024,46103.0840855884
FRA,France,2023,44700.1384177544
FRA,France,2022,40988.6396406579
FRA,France,2021,43725.0999521245
FRA,France,2020,39169.8606000707
FRA,France,2019,40408.2848574751
FRA,France,2018,41418.1766484844
FRA,France,2017,38687.1626407164
FRA,France,2016,37024.2157133669
FRA,France,2015,36702.4323733379
FRA,France,2014,43148.0459288416
FRA,France,2013,42669.1795111893
FRA,France,2012,40863.5814412333
FRA,France,2011,43929.7840873812
FRA,France,2010,40694.8211697025
FRA,France,2009,41728.0884164132
FRA,France,2008,45464.8181385158
FRA,France,2007,41486.1907828787
FRA,France,2006,36431.5658906555
FRA,France,2005,34696.3718316971
FRA,France,2004,33644.9282220364
FRA,France,2003,29479.5222101175
FRA,France,2002,24144.5727019529
FRA,France,2001,22331.7948343036
FRA,France,2000,22340.5939516217
FRA,France,1999,24576.3152254528
FRA,France,1998,24869.4030795939
FRA,France,1997,24169.4008102822
FRA,France,1996,26757.6351494145
FRA,France,1995,26791.8151982369
FRA,France,1994,23359.8985104774
FRA,France,1993,22238.8250618434
FRA,France,1992,23615.0168565483
FRA,France,1991,21500.7778366233
FRA,France,1990,21586.4674617483
FRA,France,1989,17547.2645422514
FRA,France,1988,17549.6440487161
FRA,France,1987,16175.7090467566
FRA,France,1986,13430.4824599685
FRA,France,1985,9657.01938533723
FRA,France,1984,9311.89426452129
FRA,France,1983,9862.28449386586
FRA,France,1982,10359.8920663549
FRA,France,1981,10955.9002996167
FRA,France,1980,12565.1639377144
FRA,France,1979,11062.5731730373
FRA,France,1978,9166.59011961391
FRA,France,1977,7458.76424117602
FRA,France,1976,6792.3099035538
FRA,France,1975,6616.76722499173
FRA,France,1974,5260.60025882755
FRA,France,1973,4906.53555379458
FRA,France,1972,3809.09946046394
FRA,France,1971,3137.05929958055
FRA,France,1970,2832.54913756906
FRA,France,1969,2729.37124785377
FRA,France,1968,2518.15825593491
FRA,France,1967,2328.11785496887
FRA,France,1966,2172.59339649824
FRA,France,1965,2023.50184544884
FRA,France,1964,1891.12061521027
FRA,France,1963,1723.23648290171
FRA,France,1962,1553.99323202639
FRA,France,1961,1401.87190432812
FRA,France,1960,1306.79629911648
PYF,French Polynesia,2024,22439.8838746025
PYF,French Polynesia,2023,21832.2831795569
PYF,French Polynesia,2022,20053.9569369322
PYF,French Polynesia,2021,21426.3854449835
PYF,French Polynesia,2020,19966.4838503859
PYF,French Polynesia,2019,21582.5892046801
PYF,French Polynesia,2018,21925.616043938
PYF,French Polynesia,2017,20826.9312492172
PYF,French Polynesia,2016,19690.0775734589
PYF,French Polynesia,2015,19166.9594761931
PYF,French Polynesia,2014,22258.6321384251
PYF,French Polynesia,2013,21955.6329264095
PYF,French Polynesia,2012,20846.5457478364
PYF,French Polynesia,2011,22831.5185348524
PYF,French Polynesia,2010,22494.806706186
PYF,French Polynesia,2009,24434.2197555208
PYF,French Polynesia,2008,26592.0262835732
PYF,French Polynesia,2007,24888.1781337361
PYF,French Polynesia,2006,22330.8676659055
PYF,French Polynesia,2005,21984.1936230719
PYF,French Polynesia,2004,21764.2203208782
PYF,French Polynesia,2003,19582.8936395312
PYF,French Polynesia,2002,16004.0583292112
PYF,French Polynesia,2001,14640.9360062298
PYF,French Polynesia,2000,14978.324104668
PYF,French Polynesia,1999,16532.9022343754
PYF,French Polynesia,1998,16759.7141702526
PYF,French Polynesia,1997,16423.0214308681
PYF,French Polynesia,1996,18475.7253329475
PYF,French Polynesia,1995,18850.3149185956
PYF,French Polynesia,1994,16806.0592491122
PYF,French Polynesia,1993,16469.7751983669
PYF,French Polynesia,1992,17554.3737937032
PYF,French Polynesia,1991,16414.8132696888
PYF,French Polynesia,1990,16293.1823294474
PYF,French Polynesia,1989,13682.8412939782
PYF,French Polynesia,1988,13952.8382782589
PYF,French Polynesia,1987,14061.3873698969
PYF,French Polynesia,1986,11913.8267538469
PYF,French Polynesia,1985,8002.08427164997
PYF,French Polynesia,1984,7511.32179070332
PYF,French Polynesia,1983,7477.03464924524
PYF,French Polynesia,1982,7416.30736944627
PYF,French Polynesia,1981,7645.18391267409
PYF,French Polynesia,1980,8438.72682447341
PYF,French Polynesia,1979,8016.36524403648
PYF,French Polynesia,1978,6848.95100426122
PYF,French Polynesia,1977,5573.60451054244
PYF,French Polynesia,1976,5302.06138605756
PYF,French Polynesia,1975,5149.93762191732
PYF,French Polynesia,1974,4273.16745814336
PYF,French Polynesia,1973,3425.44252890097
PYF,French Polynesia,1972,2678.18747088327
PYF,French Polynesia,1971,2516.98260839219
PYF,French Polynesia,1970,2228.19051620548
PYF,French Polynesia,1969,2206.35343555808
PYF,French Polynesia,1968,2440.8345277325
PYF,French Polynesia,1967,2150.61571935477
PYF,French Polynesia,1966,2171.35978202717
PYF,French Polynesia,1965,1838.57638129761
GAB,Gabon,2025,8263.03321595
GAB,Gabon,2024,8230.04311451151
GAB,Gabon,2023,7802.82433276138
GAB,Gabon,2022,8409.20741452279
GAB,Gabon,2021,8181.40914134398
GAB,Gabon,2020,6605.80346077904
GAB,Gabon,2019,7441.1786472281
GAB,Gabon,2018,7624.2775233771
GAB,Gabon,2017,6921.73373135624
GAB,Gabon,2016,6677.07003901644
GAB,Gabon,2015,7047.12654634355
GAB,Gabon,2014,9201.36276648105
GAB,Gabon,2013,9197.70106323947
GAB,Gabon,2012,9296.96587941088
GAB,Gabon,2011,10219.1139339454
GAB,Gabon,2010,8356.74662013345
GAB,Gabon,2009,7290.57526093114
GAB,Gabon,2008,9688.64519690633
GAB,Gabon,2007,8003.54289696049
GAB,Gabon,2006,6847.00985685394
GAB,Gabon,2005,6547.87613955186
GAB,Gabon,2004,5465.79193590708
GAB,Gabon,2003,4710.74862768151
GAB,Gabon,2002,3966.48001864663
GAB,Gabon,2001,3835.75718279727
GAB,Gabon,2000,3982.906200928
GAB,Gabon,1999,3751.35318950625
GAB,Gabon,1998,3699.99513906504
GAB,Gabon,1997,4508.75340541142
GAB,Gabon,1996,4942.67870027615
GAB,Gabon,1995,4414.8755828572
GAB,Gabon,1994,3828.21118114454
GAB,Gabon,1993,4105.98701339331
GAB,Gabon,1992,5385.68811745078
GAB,Gabon,1991,5345.0965303052
GAB,Gabon,1990,6050.71468999523
GAB,Gabon,1989,4373.88491926948
GAB,Gabon,1988,4118.60473032795
GAB,Gabon,1987,3624.37675865476
GAB,Gabon,1986,3864.67453823981
GAB,Gabon,1985,3898.46316935487
GAB,Gabon,1984,4272.88216871705
GAB,Gabon,1983,4181.57191575578
GAB,Gabon,1982,4583.89967785445
GAB,Gabon,1981,5026.47646757156
GAB,Gabon,1980,5718.46719052717
GAB,Gabon,1979,4154.58594015093
GAB,Gabon,1978,3359.57268123664
GAB,Gabon,1977,4048.1467428949
GAB,Gabon,1976,4441.09448586623
GAB,Gabon,1975,3258.23424153589
GAB,Gabon,1974,2384.18628892572
GAB,Gabon,1973,1140.0416427509
GAB,Gabon,1972,693.294831412979
GAB,Gabon,1971,627.415677576616
GAB,Gabon,1970,543.433161441757
GAB,Gabon,1969,545.410237141201
GAB,Gabon,1968,514.573983796217
GAB,Gabon,1967,482.22309050643
GAB,Gabon,1966,443.401599878142
GAB,Gabon,1965,414.554218095035
GAB,Gabon,1964,400.402956504958
GAB,Gabon,1963,290.675816546409
GAB,Gabon,1962,348.416820133128
GAB,Gabon,1961,323.4592026542
GAB,Gabon,1960,276.136169473227
GMB,"Gambia, The",2025,919.060423427951
GMB,"Gambia, The",2024,871.340287547821
GMB,"Gambia, The",2023,883.024111978927
GMB,"Gambia, The",2022,836.244875868476
GMB,"Gambia, The",2021,781.890925169531
GMB,"Gambia, The",2020,720.335143352133
GMB,"Gambia, The",2019,738.186751987483
GMB,"Gambia, The",2018,696.219806960615
GMB,"Gambia, The",2017,642.522641296331
GMB,"Gambia, The",2016,650.056501323611
GMB,"Gambia, The",2015,619.536364296461
GMB,"Gambia, The",2014,568.00453558864
GMB,"Gambia, The",2013,653.862713272743
GMB,"Gambia, The",2012,692.579361628102
GMB,"Gambia, The",2011,710.608411468152
GMB,"Gambia, The",2010,801.033372714536
GMB,"Gambia, The",2009,774.888030908091
GMB,"Gambia, The",2008,859.127671411226
GMB,"Gambia, The",2007,724.726407242432
GMB,"Gambia, The",2006,614.544307904464
GMB,"Gambia, The",2005,616.483657865348
GMB,"Gambia, The",2004,593.285346326581
GMB,"Gambia, The",2003,308.719123437587
GMB,"Gambia, The",2002,376.531026962584
GMB,"Gambia, The",2001,459.803068381399
GMB,"Gambia, The",2000,538.054072348854
GMB,"Gambia, The",1999,575.459893151216
GMB,"Gambia, The",1998,610.234711461724
GMB,"Gambia, The",1997,600.224023405754
GMB,"Gambia, The",1996,651.784945724837
GMB,"Gambia, The",1995,621.681391269646
GMB,"Gambia, The",1994,608.2774907808
GMB,"Gambia, The",1993,635.3611677282
GMB,"Gambia, The",1992,623.485927783598
GMB,"Gambia, The",1991,627.578919318827
GMB,"Gambia, The",1990,300.639895740381
GMB,"Gambia, The",1989,280.929809553919
GMB,"Gambia, The",1988,274.874465999589
GMB,"Gambia, The",1987,236.954802725846
GMB,"Gambia, The",1986,207.654408714945
GMB,"Gambia, The",1985,262.816616745779
GMB,"Gambia, The",1984,214.794357389928
GMB,"Gambia, The",1983,268.649299816803
GMB,"Gambia, The",1982,282.141307055388
GMB,"Gambia, The",1981,295.982064548083
GMB,"Gambia, The",1980,337.692534389517
GMB,"Gambia, The",1979,300.258528034397
GMB,"Gambia, The",1978,257.581042237291
GMB,"Gambia, The",1977,213.842543162023
GMB,"Gambia, The",1976,179.313963291107
GMB,"Gambia, The",1975,189.808393377344
GMB,"Gambia, The",1974,162.618334686551
GMB,"Gambia, The",1973,131.449182060787
GMB,"Gambia, The",1972,106.524604282625
GMB,"Gambia, The",1971,103.318322288749
GMB,"Gambia, The",1970,99.7816919772448
GMB,"Gambia, The",1969,88.662202161031
GMB,"Gambia, The",1968,83.1064852758912
GMB,"Gambia, The",1967,96.9604868849254
GMB,"Gambia, The",1966,94.3662144947658
GEO,Georgia,2025,9691.53472415196
GEO,Georgia,2024,8967.67525638987
GEO,Georgia,2023,8283.66960652261
GEO,Georgia,2022,6729.84659930283
GEO,Georgia,2021,5083.60695484577
GEO,Georgia,2020,4300.85701291207
GEO,Georgia,2019,4741.2832715876
GEO,Georgia,2018,4804.0546040444
GEO,Georgia,2017,4418.75206546679
GEO,Georgia,2016,4143.40125686315
GEO,Georgia,2015,4086.6223465965
GEO,Georgia,2014,4830.33486170249
GEO,Georgia,2013,4712.00229382665
GEO,Georgia,2012,4530.69533409431
GEO,Georgia,2011,4119.66818307193
GEO,Georgia,2010,3281.72930937343
GEO,Georgia,2009,2822.68939668797
GEO,Georgia,2008,3324.7537205015
GEO,Georgia,2007,2635.36650276116
GEO,Georgia,2006,1996.02013272284
GEO,Georgia,2005,1642.78359414797
GEO,Georgia,2004,1305.04748557208
GEO,Georgia,2003,1010.03151630868
GEO,Georgia,2002,853.526171868939
GEO,Georgia,2001,801.98383707929
GEO,Georgia,2000,749.908534993961
GEO,Georgia,1999,673.537782887275
GEO,Georgia,1998,851.515542450841
GEO,Georgia,1997,807.032285752352
GEO,Georgia,1996,689.034634153312
GEO,Georgia,1995,578.336923460866
GEO,Georgia,1994,519.815578814965
GEO,Georgia,1993,550.015542609224
GEO,Georgia,1992,757.223548505358
GEO,Georgia,1991,1307.82342713006
GEO,Georgia,1990,1610.98027146868
GEO,Georgia,1989,1853.44090838675
GEO,Georgia,1988,1843.90343235858
GEO,Georgia,1987,1543.58202459728
DEU,Germany,2025,60496.4350820414
DEU,Germany,2024,56103.7323182554
DEU,Germany,2023,54776.7668235491
DEU,Germany,2022,50506.5179638543
DEU,Germany,2021,52349.2459994422
DEU,Germany,2020,47394.8734504469
DEU,Germany,2019,47656.199739747
DEU,Germany,2018,48916.1686612154
DEU,Germany,2017,45553.9341495339
DEU,Germany,2016,42948.9381932694
DEU,Germany,2015,41929.7549110722
DEU,Germany,2014,48959.5991203133
DEU,Germany,2013,47206.8353514242
DEU,Germany,2012,44718.0159214069
DEU,Germany,2011,47630.9761883572
DEU,Germany,2010,42396.9665976293
DEU,Germany,2009,42471.8868625226
DEU,Germany,2008,46379.1647953479
DEU,Germany,2007,42350.9217211489
DEU,Germany,2006,36980.3349948954
DEU,Germany,2005,35084.4363546269
DEU,Germany,2004,34566.7359143735
DEU,Germany,2003,30711.1022511331
DEU,Germany,2002,25486.5942008748
DEU,Germany,2001,23878.3641471651
DEU,Germany,2000,23925.8559901991
DEU,Germany,1999,26965.4922773722
DEU,Germany,1998,27395.9440608051
DEU,Germany,1997,27046.9565464237
DEU,Germany,1996,30599.7891048363
DEU,Germany,1995,31747.2449398447
DEU,Germany,1994,27201.9593555204
DEU,Germany,1993,25616.6508772405
DEU,Germany,1992,26559.8543879632
DEU,Germany,1991,23443.3350818536
DEU,Germany,1990,22385.6778250275
DEU,Germany,1989,17829.4609524705
DEU,Germany,1988,17996.9783507619
DEU,Germany,1987,16738.6132825523
DEU,Germany,1986,13511.1520027486
DEU,Germany,1985,9464.11694710857
DEU,Germany,1984,9347.29068412377
DEU,Germany,1983,9900.48559233526
DEU,Germany,1982,9950.05926025365
DEU,Germany,1981,10246.4767623188
DEU,Germany,1980,12182.7800196802
DEU,Germany,1979,11322.3543443813
DEU,Germany,1978,9516.78283228907
DEU,Germany,1977,7711.10232025365
DEU,Germany,1976,6659.16546576017
DEU,Germany,1975,6259.20744498342
DEU,Germany,1974,5659.73787773336
DEU,Germany,1973,5065.24523302283
DEU,Germany,1972,3823.94032602696
DEU,Germany,1971,3203.82884836051
DEU,Germany,1970,2771.28310514754
DEU,Germany,1969,2281.27598218229
DEU,Germany,1968,2025.08159465853
DEU,Germany,1967,1885.61596607874
DEU,Germany,1966,1870.80540291774
DEU,Germany,1965,1774.1986904555
DEU,Germany,1964,1637.45522773672
DEU,Germany,1963,1502.15452905146
DEU,Germany,1962,1430.52095516263
DEU,Germany,1961,1315.90787834504
DEU,Germany,1960,1162.12266831735
GHA,Ghana,2025,3257.1588903576
GHA,Ghana,2024,2419.2518672482
GHA,Ghana,2023,2383.90410476221
GHA,Ghana,2022,2229.89122654479
GHA,Ghana,2021,2445.18662529344
GHA,Ghana,2020,2195.45481659987
GHA,Ghana,2019,2186.65822682613
GHA,Ghana,2018,2195.32166016377
GHA,Ghana,2017,2012.28662641265
GHA,Ghana,2016,1912.47991339951
GHA,Ghana,2015,1722.77282833606
GHA,Ghana,2014,1949.90832923846
GHA,Ghana,2013,2294.79584693743
GHA,Ghana,2012,1543.77524235764
GHA,Ghana,2011,1507.43573198753
GHA,Ghana,2010,1263.89251760539
GHA,Ghana,2009,1047.70430093586
GHA,Ghana,2008,1182.65761256016
GHA,Ghana,2007,1050.12461524926
GHA,Ghana,2006,906.441027564887
GHA,Ghana,2005,478.611909191028
GHA,Ghana,2004,406.132105329565
GHA,Ghana,2003,358.39927142073
GHA,Ghana,2002,297.46164468774
GHA,Ghana,2001,263.542156494853
GHA,Ghana,2000,253.746936203344
GHA,Ghana,1999,403.037326127273
GHA,Ghana,1998,400.366799508524
GHA,Ghana,1997,377.841935501461
GHA,Ghana,1996,389.271267898831
GHA,Ghana,1995,371.537243033836
GHA,Ghana,1994,320.50390343252
GHA,Ghana,1993,359.800844097528
GHA,Ghana,1992,396.426407640517
GHA,Ghana,1991,418.254121349986
GHA,Ghana,1990,382.54246368354
GHA,Ghana,1989,349.964941914982
GHA,Ghana,1988,355.121844932881
GHA,Ghana,1987,355.153724919203
GHA,Ghana,1986,410.711658388611
GHA,Ghana,1985,329.714604937014
GHA,Ghana,1984,329.998888863111
GHA,Ghana,1983,311.383438154949
GHA,Ghana,1982,319.206910329791
GHA,Ghana,1981,343.799126739425
GHA,Ghana,1980,372.252026367961
GHA,Ghana,1979,346.653403777697
GHA,Ghana,1978,325.598476678233
GHA,Ghana,1977,292.28979809499
GHA,Ghana,1976,260.998295813107
GHA,Ghana,1975,272.976715188503
GHA,Ghana,1974,289.425856816508
GHA,Ghana,1973,309.509552300391
GHA,Ghana,1972,223.80286383233
GHA,Ghana,1971,263.408787882235
GHA,Ghana,1970,248.159869409818
GHA,Ghana,1969,225.772621963554
GHA,Ghana,1968,196.668571830464
GHA,Ghana,1967,211.219296540365
GHA,Ghana,1966,263.334589411514
GHA,Ghana,1965,260.50559523622
GHA,Ghana,1964,224.968154393354
GHA,Ghana,1963,205.037422391885
GHA,Ghana,1962,188.421016299893
GHA,Ghana,1961,181.870010833085
GHA,Ghana,1960,174.858856531804
GRC,Greece,2025,26948.0070432791
GRC,Greece,2024,24626.1481858973
GRC,Greece,2023,23343.7103964562
GRC,Greece,2022,20884.6773436263
GRC,Greece,2021,20652.89659591
GRC,Greece,2020,17886.733165236
GRC,Greece,2019,19335.3602002969
GRC,Greece,2018,19873.4015238771
GRC,Greece,2017,18631.9930129293
GRC,Greece,2016,17919.2426377048
GRC,Greece,2015,17980.7298238137
GRC,Greece,2014,21474.7257123892
GRC,Greece,2013,21573.3449762805
GRC,Greece,2012,21624.346052551
GRC,Greece,2011,25504.7866510124
GRC,Greece,2010,26653.0488008626
GRC,Greece,2009,29425.4573200263
GRC,Greece,2008,31695.8331092209
GRC,Greece,2007,28440.7625328955
GRC,Greece,2006,24416.0232970275
GRC,Greece,2005,22054.1315756886
GRC,Greece,2004,21449.2552764245
GRC,Greece,2003,18020.612039764
GRC,Greece,2002,13782.195640943
GRC,Greece,2001,12156.9572824221
GRC,Greece,2000,11638.2010697215
GRC,Greece,1999,12742.5404388143
GRC,Greece,1998,13022.9648774809
GRC,Greece,1997,13015.9175046854
GRC,Greece,1996,13432.5262183244
GRC,Greece,1995,12779.081491606
GRC,Greece,1994,10937.0223808611
GRC,Greece,1993,10257.3085789073
GRC,Greece,1992,11021.012224607
GRC,Greece,1991,10046.6663875475
GRC,Greece,1990,9466.66238502174
GRC,Greece,1989,7737.54385772032
GRC,Greece,1988,7492.35204811251
GRC,Greece,1987,6473.57783168117
GRC,Greece,1986,5577.83258692769
GRC,Greece,1985,4746.76035816355
GRC,Greece,1984,4785.07463033775
GRC,Greece,1983,4950.06026518761
GRC,Greece,1982,5501.63700061234
GRC,Greece,1981,5305.43729381339
GRC,Greece,1980,5811.69069600941
GRC,Greece,1979,5626.58879087082
GRC,Greece,1978,4629.33937671209
GRC,Greece,1977,3832.32110004611
GRC,Greece,1976,3343.38819444676
GRC,Greece,1975,3109.3794397892
GRC,Greece,1974,2789.40577350635
GRC,Greece,1973,2468.00395502023
GRC,Greece,1972,1873.25412773592
GRC,Greece,1971,1629.3452793287
GRC,Greece,1970,1473.60394808707
GRC,Greece,1969,1305.64395976862
GRC,Greece,1968,1138.38219032671
GRC,Greece,1967,1053.2588863313
GRC,Greece,1966,983.55754915871
GRC,Greece,1965,886.773611071551
GRC,Greece,1964,772.805500770312
GRC,Greece,1963,685.559282001744
GRC,Greece,1962,608.475515462307
GRC,Greece,1961,582.563503591063
GRC,Greece,1960,513.085862390915
GRL,Greenland,2023,58498.9707973609
GRL,Greenland,2022,55635.0006491223
GRL,Greenland,2021,58135.9939910203
GRL,Greenland,2020,54812.6661771023
GRL,Greenland,2019,53309.2035905065
GRL,Greenland,2018,54545.135857765
GRL,Greenland,2017,50765.7494665372
GRL,Greenland,2016,48181.7453541266
GRL,Greenland,2015,44536.3549705377
GRL,Greenland,2014,50485.2244135291
GRL,Greenland,2013,47535.4883792376
GRL,Greenland,2012,45936.9562817724
GRL,Greenland,2011,47186.8759969388
GRL,Greenland,2010,44277.1993400972
GRL,Greenland,2009,44918.8413832155
GRL,Greenland,2008,44366.7858688175
GRL,Greenland,2007,39780.9441368721
GRL,Greenland,2006,35457.6297578214
GRL,Greenland,2005,32489.7277309899
GRL,Greenland,2004,32030.9987915109
GRL,Greenland,2003,27466.6494525504
GRL,Greenland,2002,20657.9506323097
GRL,Greenland,2001,19265.5191468738
GRL,Greenland,2000,19009.0774407515
GRL,Greenland,1999,20170.322763798
GRL,Greenland,1998,20496.578783559
GRL,Greenland,1997,19145.614890096
GRL,Greenland,1996,21422.4609853672
GRL,Greenland,1995,21665.8295173116
GRL,Greenland,1994,18124.0998075763
GRL,Greenland,1993,16797.3578218828
GRL,Greenland,1992,18768.8275325455
GRL,Greenland,1991,18315.3165631906
GRL,Greenland,1990,18326.9295023252
GRL,Greenland,1989,16813.7414501107
GRL,Greenland,1988,16397.9501938761
GRL,Greenland,1987,14554.3513669736
GRL,Greenland,1986,11271.3325735884
GRL,Greenland,1985,7760.83426370628
GRL,Greenland,1984,7198.7078081665
GRL,Greenland,1983,7988.17794662988
GRL,Greenland,1982,7813.65128212172
GRL,Greenland,1981,8544.09791016512
GRL,Greenland,1980,9483.10240585198
GRL,Greenland,1979,8480.76253105822
GRL,Greenland,1978,7235.5169393433
GRL,Greenland,1977,5713.96253360554
GRL,Greenland,1976,4844.65629347485
GRL,Greenland,1975,4257.87561148406
GRL,Greenland,1974,3432.70603291276
GRL,Greenland,1973,2860.28057640115
GRL,Greenland,1972,2196.71424019198
GRL,Greenland,1971,1874.29530190099
GRL,Greenland,1970,1498.27643678161
GRD,Grenada,2025,12106.8790105068
GRD,Grenada,2024,11528.9220811928
GRD,Grenada,2023,11414.4781691181
GRD,Grenada,2022,10469.3867012856
GRD,Grenada,2021,9617.28902905373
GRD,Grenada,2020,8968.55890108484
GRD,Grenada,2019,10462.7929159533
GRD,Grenada,2018,10083.021279225
GRD,Grenada,2017,9751.42661155932
GRD,Grenada,2016,9221.23461079424
GRD,Grenada,2015,8694.12438005692
GRD,Grenada,2014,7986.33421210788
GRD,Grenada,2013,7424.80212287327
GRD,Grenada,2012,7092.71985352677
GRD,Grenada,2011,6947.38136096464
GRD,Grenada,2010,6909.60169568597
GRD,Grenada,2009,6932.56472176781
GRD,Grenada,2008,7448.2040563865
GRD,Grenada,2007,6864.54816771858
GRD,Grenada,2006,6344.0383771432
GRD,Grenada,2005,6338.56011405358
GRD,Grenada,2004,5480.26117644588
GRD,Grenada,2003,5427.96377252312
GRD,Grenada,2002,4984.47405931447
GRD,Grenada,2001,4819.50776653843
GRD,Grenada,2000,4839.82811114248
GRD,Grenada,1999,4516.28332446682
GRD,Grenada,1998,4206.28052894181
GRD,Grenada,1997,3724.75466168304
GRD,Grenada,1996,3508.294236637
GRD,Grenada,1995,3294.26988339657
GRD,Grenada,1994,3152.2020478855
GRD,Grenada,1993,3026.04154231393
GRD,Grenada,1992,3052.70018744163
GRD,Grenada,1991,2983.91643158641
GRD,Grenada,1990,2782.18396873619
GRD,Grenada,1989,2696.98290193019
GRD,Grenada,1988,2404.25523562379
GRD,Grenada,1987,2204.6384515886
GRD,Grenada,1986,1938.10850906698
GRD,Grenada,1985,1745.15357435866
GRD,Grenada,1984,1523.94092798531
GRD,Grenada,1983,1388.16565090599
GRD,Grenada,1982,1329.00617695983
GRD,Grenada,1981,1229.65932557403
GRD,Grenada,1980,1173.07809597238
GRD,Grenada,1979,1070.73371266334
GRD,Grenada,1978,917.111118802723
GRD,Grenada,1977,736.927499151542
GUM,Guam,2022,41833.1517132825
GUM,Guam,2021,38074.8793745801
GUM,Guam,2020,36482.9363953675
GUM,Guam,2019,39274.9431424899
GUM,Guam,2018,37195.9503070464
GUM,Guam,2017,36779.0078903909
GUM,Guam,2016,35930.6594898711
GUM,Guam,2015,35165.7014644795
GUM,Guam,2014,33900.1486530583
GUM,Guam,2013,32530.7593121483
GUM,Guam,2012,31653.7506538168
GUM,Guam,2011,29926.2052442913
GUM,Guam,2010,29719.7967836082
GUM,Guam,2009,29054.0581201519
GUM,Guam,2008,28112.2316573422
GUM,Guam,2007,26605.4324214756
GUM,Guam,2006,25709.9351488422
GUM,Guam,2005,25631.9776108052
GUM,Guam,2004,23618.8266894573
GUM,Guam,2003,21877.3178371553
GUM,Guam,2002,20909.9590302806
GTM,Guatemala,2025,6598.18032988711
GTM,Guatemala,2024,6150.89465281457
GTM,Guatemala,2023,5754.42833909847
GTM,Guatemala,2022,5356.92435887895
GTM,Guatemala,2021,4912.62240414681
GTM,Guatemala,2020,4477.61785000665
GTM,Guatemala,2019,4511.99839552697
GTM,Guatemala,2018,4352.94593289707
GTM,Guatemala,2017,4324.99768915601
GTM,Guatemala,2016,4060.13784737643
GTM,Guatemala,2015,3893.50533299068
GTM,Guatemala,2014,3689.14510410202
GTM,Guatemala,2013,3444.15802275864
GTM,Guatemala,2012,3286.61959336267
GTM,Guatemala,2011,3168.98370607705
GTM,Guatemala,2010,2805.25960237322
GTM,Guatemala,2009,2611.64632773352
GTM,Guatemala,2008,2763.05988172926
GTM,Guatemala,2007,2458.81573919384
GTM,Guatemala,2006,2225.1234753878
GTM,Guatemala,2005,2046.46611650758
GTM,Guatemala,2004,1840.91184884
GTM,Guatemala,2003,1722.54701910774
GTM,Guatemala,2002,1669.33517469705
GTM,Guatemala,2001,1537.68663578252
GTM,Guatemala,2000,1648.96578971559
GTM,Guatemala,1999,1603.64776144934
GTM,Guatemala,1998,1741.20114182856
GTM,Guatemala,1997,1638.46281851789
GTM,Guatemala,1996,1481.05986750672
GTM,Guatemala,1995,1421.06177809796
GTM,Guatemala,1994,1292.67202750483
GTM,Guatemala,1993,1165.67442716224
GTM,Guatemala,1992,1096.45976992698
GTM,Guatemala,1991,1014.40279682682
GTM,Guatemala,1990,847.688561830359
GTM,Guatemala,1989,958.427471156263
GTM,Guatemala,1988,919.070773138882
GTM,Guatemala,1987,853.903772501246
GTM,Guatemala,1986,896.063263473632
GTM,Guatemala,1985,1238.47545209176
GTM,Guatemala,1984,1241.04242582773
GTM,Guatemala,1983,1219.73545354345
GTM,Guatemala,1982,1203.96540667638
GTM,Guatemala,1981,1216.49639722044
GTM,Guatemala,1980,1141.80549814991
GTM,Guatemala,1979,1025.98223460072
GTM,Guatemala,1978,925.180026499901
GTM,Guatemala,1977,856.125495292911
GTM,Guatemala,1976,697.064609693019
GTM,Guatemala,1975,594.88660866336
GTM,Guatemala,1974,528.57311003132
GTM,Guatemala,1973,440.562871690613
GTM,Guatemala,1972,369.762757413424
GTM,Guatemala,1971,358.373560380293
GTM,Guatemala,1970,352.790808761812
GTM,Guatemala,1969,326.30273339901
GTM,Guatemala,1968,314.666876118943
GTM,Guatemala,1967,291.934180943356
GTM,Guatemala,1966,287.277848723331
GTM,Guatemala,1965,282.97764170403
GTM,Guatemala,1964,284.197970339364
GTM,Guatemala,1963,284.397504292538
GTM,Guatemala,1962,265.21065183936
GTM,Guatemala,1961,257.20215058952
GTM,Guatemala,1960,256.813115286608
GIN,Guinea,2025,1877.2541220972
GIN,Guinea,2024,1694.95375862185
GIN,Guinea,2023,1555.49375806861
GIN,Guinea,2022,1416.59612011764
GIN,Guinea,2021,1244.96550477914
GIN,Guinea,2020,1053.66097696415
GIN,Guinea,2019,1031.34146480732
GIN,Guinea,2018,933.273615633705
GIN,Guinea,2017,833.598621691121
GIN,Guinea,2016,711.996509782316
GIN,Guinea,2015,747.356966759448
GIN,Guinea,2014,765.146999389279
GIN,Guinea,2013,748.455020824734
GIN,Guinea,2012,699.353377212197
GIN,Guinea,2011,636.694958747648
GIN,Guinea,2010,659.235326211315
GIN,Guinea,2009,662.185914665575
GIN,Guinea,2008,703.532825784369
GIN,Guinea,2007,650.148575304743
GIN,Guinea,2006,446.980554135013
GIN,Guinea,2005,463.17768685098
GIN,Guinea,2004,584.897740538081
GIN,Guinea,2003,566.48540588068
GIN,Guinea,2002,495.916073559269
GIN,Guinea,2001,483.085120214741
GIN,Guinea,2000,518.157066924026
GIN,Guinea,1999,610.614842942762
GIN,Guinea,1998,647.379920832778
GIN,Guinea,1997,695.58174225826
GIN,Guinea,1996,726.025442583799
GIN,Guinea,1995,713.031460558683
GIN,Guinea,1994,671.576385058752
GIN,Guinea,1993,670.741778229959
GIN,Guinea,1992,692.647802662806
GIN,Guinea,1991,656.42373119518
GIN,Guinea,1990,604.304422702532
GIN,Guinea,1989,570.493417986787
GIN,Guinea,1988,574.001127225182
GIN,Guinea,1987,504.510868799406
GIN,Guinea,1986,505.876944250303
GIN,Guinea,1985,4061.69867242443
GIN,Guinea,1984,3361.5282015455
GIN,Guinea,1983,2822.83932284682
GIN,Guinea,1982,2272.63298724274
GIN,Guinea,1981,1875.53966772396
GIN,Guinea,1980,1930.99184257949
GIN,Guinea,1979,1789.99554924567
GIN,Guinea,1978,1657.96393230706
GIN,Guinea,1977,1440.15766515101
GIN,Guinea,1976,1430.66435286764
GIN,Guinea,1975,1311.33051362563
GIN,Guinea,1974,1242.5292252039
GIN,Guinea,1973,1143.30003514078
GIN,Guinea,1972,948.497421297055
GIN,Guinea,1971,825.289977053096
GIN,Guinea,1970,752.822503572388
GNB,Guinea-Bissau,2025,1123.76679992349
GNB,Guinea-Bissau,2024,998.376093392688
GNB,Guinea-Bissau,2023,964.431832665395
GNB,Guinea-Bissau,2022,881.602654162231
GNB,Guinea-Bissau,2021,926.54619187706
GNB,Guinea-Bissau,2020,846.918134967613
GNB,Guinea-Bissau,2019,811.210004050041
GNB,Guinea-Bissau,2018,808.531613218504
GNB,Guinea-Bissau,2017,783.123186602022
GNB,Guinea-Bissau,2016,679.665386626818
GNB,Guinea-Bissau,2015,645.066837207039
GNB,Guinea-Bissau,2014,652.022501029449
GNB,Guinea-Bissau,2013,654.304534409417
GNB,Guinea-Bissau,2012,635.461653303881
GNB,Guinea-Bissau,2011,719.539573498937
GNB,Guinea-Bissau,2010,600.194298540768
GNB,Guinea-Bissau,2009,583.190020139094
GNB,Guinea-Bissau,2008,640.210331101753
GNB,Guinea-Bissau,2007,519.069789794741
GNB,Guinea-Bissau,2006,448.513075469701
GNB,Guinea-Bissau,2005,463.073962650452
GNB,Guinea-Bissau,2004,431.376557669634
GNB,Guinea-Bissau,2003,419.78486611807
GNB,Guinea-Bissau,2002,362.034574570354
GNB,Guinea-Bissau,2001,327.138431972397
GNB,Guinea-Bissau,2000,316.945495037639
GNB,Guinea-Bissau,1999,478.733190989909
GNB,Guinea-Bissau,1998,497.724279563733
GNB,Guinea-Bissau,1997,598.953470198484
GNB,Guinea-Bissau,1996,614.729892454585
GNB,Guinea-Bissau,1995,589.487023081945
GNB,Guinea-Bissau,1994,560.883422537973
GNB,Guinea-Bissau,1993,581.612681813953
GNB,Guinea-Bissau,1992,574.32110641811
GNB,Guinea-Bissau,1991,672.07387884966
GNB,Guinea-Bissau,1990,651.337640650994
GNB,Guinea-Bissau,1989,578.490985831256
GNB,Guinea-Bissau,1988,453.807472688208
GNB,Guinea-Bissau,1987,487.551949436993
GNB,Guinea-Bissau,1986,371.137575913103
GNB,Guinea-Bissau,1985,416.576139998898
GNB,Guinea-Bissau,1984,407.439444684912
GNB,Guinea-Bissau,1983,488.993892322107
GNB,Guinea-Bissau,1982,502.732266005568
GNB,Guinea-Bissau,1981,477.46389637563
GNB,Guinea-Bissau,1980,346.855441567554
GNB,Guinea-Bissau,1979,375.845330171625
GNB,Guinea-Bissau,1978,402.777525700936
GNB,Guinea-Bissau,1977,402.906587803326
GNB,Guinea-Bissau,1976,420.852937438178
GNB,Guinea-Bissau,1975,435.217809874848
GNB,Guinea-Bissau,1974,418.643114014064
GNB,Guinea-Bissau,1973,391.9165756129
GNB,Guinea-Bissau,1972,388.643761374553
GNB,Guinea-Bissau,1971,348.277009620267
GNB,Guinea-Bissau,1970,350.221594962107
GUY,Guyana,2025,32413.7930757518
GUY,Guyana,2024,29675.2501582835
GUY,Guyana,2023,20473.7002190617
GUY,Guyana,2022,17913.4928066879
GUY,Guyana,2021,9860.87014834386
GUY,Guyana,2020,6775.70939096303
GUY,Guyana,2019,6405.82443444562
GUY,Guyana,2018,6048.38697180418
GUY,Guyana,2017,6178.6650437298
GUY,Guyana,2016,5870.87823759835
GUY,Guyana,2015,5640.41560569466
GUY,Guyana,2014,5472.68820452237
GUY,Guyana,2013,5556.91231156932
GUY,Guyana,2012,5444.39751913913
GUY,Guyana,2011,4947.22170589917
GUY,Guyana,2010,4581.76179693492
GUY,Guyana,2009,4209.13230624565
GUY,Guyana,2008,4008.9628671603
GUY,Guyana,2007,3608.28685240188
GUY,Guyana,2006,3135.60553528326
GUY,Guyana,2005,1084.06541388904
GUY,Guyana,2004,1033.31030902188
GUY,Guyana,2003,973.742598054188
GUY,Guyana,2002,950.866932470993
GUY,Guyana,2001,931.574723847673
GUY,Guyana,2000,931.796651718955
GUY,Guyana,1999,908.790631391797
GUY,Guyana,1998,939.685488169724
GUY,Guyana,1997,982.804753805587
GUY,Guyana,1996,927.523847211669
GUY,Guyana,1995,819.668541584905
GUY,Guyana,1994,721.437561135572
GUY,Guyana,1993,603.084316652805
GUY,Guyana,1992,498.156636569954
GUY,Guyana,1991,466.039938988882
GUY,Guyana,1990,528.851095342994
GUY,Guyana,1989,503.109019103922
GUY,Guyana,1988,544.715209244099
GUY,Guyana,1987,464.052566270711
GUY,Guyana,1986,657.014000212061
GUY,Guyana,1985,587.818395225034
GUY,Guyana,1984,565.33443558244
GUY,Guyana,1983,630.672779209107
GUY,Guyana,1982,620.564636570569
GUY,Guyana,1981,734.567458871119
GUY,Guyana,1980,778.958814102357
GUY,Guyana,1979,688.827652838343
GUY,Guyana,1978,663.208586084495
GUY,Guyana,1977,592.99759837818
GUY,Guyana,1976,604.105267775602
GUY,Guyana,1975,663.799722651899
GUY,Guyana,1974,587.968877003464
GUY,Guyana,1973,420.533678630093
GUY,Guyana,1972,395.474264576572
GUY,Guyana,1971,395.769663599294
GUY,Guyana,1970,381.098754100227
GUY,Guyana,1969,361.187616176221
GUY,Guyana,1968,339.786441079035
GUY,Guyana,1967,377.732621967981
GUY,Guyana,1966,352.589675035291
GUY,Guyana,1965,335.73593687831
GUY,Guyana,1964,313.261161893769
GUY,Guyana,1963,288.820390442321
GUY,Guyana,1962,327.392579238974
GUY,Guyana,1961,319.017754796284
GUY,Guyana,1960,299.074645785091
HTI,Haiti,2025,2694.18969101404
HTI,Haiti,2024,2060.35591768638
HTI,Haiti,2023,1681.84407667059
HTI,Haiti,2022,1748.40890116803
HTI,Haiti,2021,1824.6798742577
HTI,Haiti,2020,1290.32538667383
HTI,Haiti,2019,1352.17204191532
HTI,Haiti,2018,1496.38048970156
HTI,Haiti,2017,1395.23945184461
HTI,Haiti,2016,1318.40268167953
HTI,Haiti,2015,1411.12684746796
HTI,Haiti,2014,1460.18898613914
HTI,Haiti,2013,1457.83221179626
HTI,Haiti,2012,1361.39396587374
HTI,Haiti,2011,1312.03953552013
HTI,Haiti,2010,1209.72733503094
HTI,Haiti,2009,1196.8528706018
HTI,Haiti,2008,1094.66058421644
HTI,Haiti,2007,984.566983448521
HTI,Haiti,2006,828.805700289589
HTI,Haiti,2005,775.845704056916
HTI,Haiti,2004,683.185298155273
HTI,Haiti,2003,578.995291079709
HTI,Haiti,2002,720.969568042522
HTI,Haiti,2001,748.821159844528
HTI,Haiti,2000,820.600046761464
HTI,Haiti,1999,509.578585275375
HTI,Haiti,1998,465.363306259051
HTI,Haiti,1997,425.111085879256
HTI,Haiti,1996,377.229465025972
HTI,Haiti,1995,372.006104665125
HTI,Haiti,1994,292.134224374091
HTI,Haiti,1993,258.066372258817
HTI,Haiti,1992,316.276513134354
HTI,Haiti,1991,496.545987433864
HTI,Haiti,1990,451.720249689216
HTI,Haiti,1989,407.498708064211
HTI,Haiti,1988,397.365336276412
HTI,Haiti,1987,317.635520687503
HTI,Haiti,1986,366.997344256492
HTI,Haiti,1985,324.575156092964
HTI,Haiti,1984,299.247186216373
HTI,Haiti,1983,272.823694996686
HTI,Haiti,1982,252.607250558051
HTI,Haiti,1981,258.468043101302
HTI,Haiti,1980,246.46927157982
HTI,Haiti,1979,196.20196855612
HTI,Haiti,1978,180.321253919424
HTI,Haiti,1977,178.696912675895
HTI,Haiti,1976,169.091888071558
HTI,Haiti,1975,133.631792050575
HTI,Haiti,1974,113.039260601755
HTI,Haiti,1973,95.1341802581181
HTI,Haiti,1972,77.2765182599349
HTI,Haiti,1971,76.8116150679491
HTI,Haiti,1970,71.4543990624631
HTI,Haiti,1969,86.1269803448153
HTI,Haiti,1968,82.4057717596557
HTI,Haiti,1967,84.217267674485
HTI,Haiti,1966,85.7493738145357
HTI,Haiti,1965,83.6332514169638
HTI,Haiti,1964,78.4520158485608
HTI,Haiti,1963,72.3983493523801
HTI,Haiti,1962,70.4464617057034
HTI,Haiti,1961,68.99056510131
HTI,Haiti,1960,70.8024454423715
HND,Honduras,2025,3598.21450440452
HND,Honduras,2024,3415.96027916712
HND,Honduras,2023,3227.45762509776
HND,Honduras,2022,3003.28996826399
HND,Honduras,2021,2735.14751503977
HND,Honduras,2020,2307.61494319511
HND,Honduras,2019,2502.32744328073
HND,Honduras,2018,2464.64241531918
HND,Honduras,2017,2413.0076562942
HND,Honduras,2016,2307.34468351082
HND,Honduras,2015,2271.20265980349
HND,Honduras,2014,2179.88171977271
HND,Honduras,2013,2081.12843527945
HND,Honduras,2012,2126.03474686503
HND,Honduras,2011,2073.66121088074
HND,Honduras,2010,1893.32722662035
HND,Honduras,2009,1781.15703614674
HND,Honduras,2008,1732.49062702803
HND,Honduras,2007,1577.73789197407
HND,Honduras,2006,1425.84780051892
HND,Honduras,2005,1304.70039153826
HND,Honduras,2004,1215.13995412761
HND,Honduras,2003,1156.08162681357
HND,Honduras,2002,1132.49965345317
HND,Honduras,2001,1132.1648753329
HND,Honduras,2000,1092.56400746252
HND,Honduras,1999,999.004383328908
HND,Honduras,1998,988.655986927253
HND,Honduras,1997,917.272651200904
HND,Honduras,1996,812.817047602244
HND,Honduras,1995,814.049075569071
HND,Honduras,1994,735.886147157389
HND,Honduras,1993,772.74224772986
HND,Honduras,1992,782.111518709432
HND,Honduras,1991,722.000657931123
HND,Honduras,1990,749.818113552631
HND,Honduras,1989,903.767650161806
HND,Honduras,1988,1039.29410284648
HND,Honduras,1987,1097.85859892373
HND,Honduras,1986,1057.81228119586
HND,Honduras,1985,1001.1467980095
HND,Honduras,1984,959.534269081039
HND,Honduras,1983,941.732746077043
HND,Honduras,1982,914.30883859664
HND,Honduras,1981,911.505037511277
HND,Honduras,1980,854.374079228412
HND,Honduras,1979,768.717733232899
HND,Honduras,1978,682.834193371888
HND,Honduras,1977,559.250644740346
HND,Honduras,1976,482.416373927479
HND,Honduras,1975,416.521307238993
HND,Honduras,1974,400.988955544745
HND,Honduras,1973,374.668702396507
HND,Honduras,1972,352.711426613473
HND,Honduras,1971,338.123400136033
HND,Honduras,1970,328.787242589654
HND,Honduras,1969,316.220454040742
HND,Honduras,1968,314.474382938748
HND,Honduras,1967,298.155994803561
HND,Honduras,1966,282.88534468771
HND,Honduras,1965,273.877577290856
HND,Honduras,1964,255.903509094727
HND,Honduras,1963,246.561283063044
HND,Honduras,1962,244.01209130438
HND,Honduras,1961,237.266657929647
HND,Honduras,1960,230.667390861566
HKG,"Hong Kong SAR, China",2025,56983.0663059906
HKG,"Hong Kong SAR, China",2024,54274.7547767073
HKG,"Hong Kong SAR, China",2023,50525.1119312663
HKG,"Hong Kong SAR, China",2022,48825.0272275805
HKG,"Hong Kong SAR, China",2021,49770.5642374739
HKG,"Hong Kong SAR, China",2020,46109.2299946609
HKG,"Hong Kong SAR, China",2019,48359.0011950597
HKG,"Hong Kong SAR, China",2018,48537.5668888343
HKG,"Hong Kong SAR, China",2017,46160.429791493
HKG,"Hong Kong SAR, China",2016,43734.1980702999
HKG,"Hong Kong SAR, China",2015,42432.1619740441
HKG,"Hong Kong SAR, China",2014,40315.3739510191
HKG,"Hong Kong SAR, China",2013,38403.7777145477
HKG,"Hong Kong SAR, China",2012,36730.796195815
HKG,"Hong Kong SAR, China",2011,35142.4879344543
HKG,"Hong Kong SAR, China",2010,32550.136489179
HKG,"Hong Kong SAR, China",2009,30697.5383861641
HKG,"Hong Kong SAR, China",2008,31515.5292103443
HKG,"Hong Kong SAR, China",2007,30593.9511738646
HKG,"Hong Kong SAR, China",2006,28224.0951563146
HKG,"Hong Kong SAR, China",2005,26649.637724155
HKG,"Hong Kong SAR, China",2004,24928.1003722551
HKG,"Hong Kong SAR, China",2003,23977.1734120477
HKG,"Hong Kong SAR, China",2002,24665.8362318216
HKG,"Hong Kong SAR, China",2001,25230.3780910304
HKG,"Hong Kong SAR, China",2000,25756.7728723704
HKG,"Hong Kong SAR, China",1999,25091.6665997966
HKG,"Hong Kong SAR, China",1998,25808.8609899709
HKG,"Hong Kong SAR, China",1997,27330.0933613355
HKG,"Hong Kong SAR, China",1996,24818.3021600084
HKG,"Hong Kong SAR, China",1995,23497.3920767477
HKG,"Hong Kong SAR, China",1994,22502.5302426236
HKG,"Hong Kong SAR, China",1993,20395.5621886121
HKG,"Hong Kong SAR, China",1992,17976.4688629053
HKG,"Hong Kong SAR, China",1991,15465.9245305858
HKG,"Hong Kong SAR, China",1990,13485.6314525052
HKG,"Hong Kong SAR, China",1989,12097.7487914553
HKG,"Hong Kong SAR, China",1988,10609.7456394545
HKG,"Hong Kong SAR, China",1987,9071.39076473445
HKG,"Hong Kong SAR, China",1986,7434.99925513073
HKG,"Hong Kong SAR, China",1985,6542.97352840976
HKG,"Hong Kong SAR, China",1984,6208.22615937199
HKG,"Hong Kong SAR, China",1983,5595.26055343754
HKG,"Hong Kong SAR, China",1982,6133.7668997328
HKG,"Hong Kong SAR, China",1981,5991.28488804536
HKG,"Hong Kong SAR, China",1980,5700.43210891578
HKG,"Hong Kong SAR, China",1979,4569.4838495588
HKG,"Hong Kong SAR, China",1978,3923.9713784987
HKG,"Hong Kong SAR, China",1977,3429.42027607254
HKG,"Hong Kong SAR, China",1976,2850.0146101832
HKG,"Hong Kong SAR, China",1975,2252.12694057369
HKG,"Hong Kong SAR, China",1974,2144.61495884823
HKG,"Hong Kong SAR, China",1973,1893.18124189464
HKG,"Hong Kong SAR, China",1972,1384.7342645141
HKG,"Hong Kong SAR, China",1971,1106.46971695915
HKG,"Hong Kong SAR, China",1970,960.031961510704
HKG,"Hong Kong SAR, China",1969,825.523449142012
HKG,"Hong Kong SAR, China",1968,714.48296958061
HKG,"Hong Kong SAR, China",1967,723.239225616661
HKG,"Hong Kong SAR, China",1966,685.926614135084
HKG,"Hong Kong SAR, China",1965,676.805507110096
HKG,"Hong Kong SAR, China",1964,629.591525784494
HKG,"Hong Kong SAR, China",1963,565.727810358046
HKG,"Hong Kong SAR, China",1962,487.821134050813
HKG,"Hong Kong SAR, China",1961,436.754411520393
HKG,"Hong Kong SAR, China",1960,426.773807917233
HUN,Hungary,2025,25907.4743259406
HUN,Hungary,2024,23305.4482514359
HUN,Hungary,2023,22208.6509820466
HUN,Hungary,2022,18428.028825614
HUN,Hungary,2021,19030.628130329
HUN,Hungary,2020,16386.9308821258
HUN,Hungary,2019,17012.8598553199
HUN,Hungary,2018,16605.0570511887
HUN,Hungary,2017,14736.1668157258
HUN,Hungary,2016,13215.8605277789
HUN,Hungary,2015,12782.9412577973
HUN,Hungary,2014,14352.501883174
HUN,Hungary,2013,13739.4620151401
HUN,Hungary,2012,12950.1594488143
HUN,Hungary,2011,14211.460557822
HUN,Hungary,2010,13189.8433874768
HUN,Hungary,2009,13051.1831777184
HUN,Hungary,2008,15762.6322515113
HUN,Hungary,2007,13934.605460375
HUN,Hungary,2006,11478.4891640501
HUN,Hungary,2005,11212.2046968994
HUN,Hungary,2004,10291.2694721409
HUN,Hungary,2003,8410.09248198479
HUN,Hungary,2002,6658.04494326809
HUN,Hungary,2001,5280.94887987063
HUN,Hungary,2000,4629.91760812548
HUN,Hungary,1999,4801.95949584162
HUN,Hungary,1998,4751.7732430202
HUN,Hungary,1997,4606.0569733295
HUN,Hungary,1996,4542.0120380978
HUN,Hungary,1995,4509.41740910077
HUN,Hungary,1994,4187.0311799663
HUN,Hungary,1993,3886.66608419616
HUN,Hungary,1992,3747.32966394956
HUN,Hungary,1991,3361.22268037924
HUN,Hungary,1990,3323.53967237633
HUN,Hungary,1989,2902.43508126549
HUN,Hungary,1988,2812.23754602897
HUN,Hungary,1987,2565.9739107384
HUN,Hungary,1986,2330.84188308476
HUN,Hungary,1985,2020.02286569062
HUN,Hungary,1984,1991.23894795513
HUN,Hungary,1983,2049.71617921793
HUN,Hungary,1982,2255.06405686887
HUN,Hungary,1981,2213.05267699322
HUN,Hungary,1980,2158.22181355246
HUN,Hungary,1979,1864.67188851588
HUN,Hungary,1978,1617.87853402771
HUN,Hungary,1977,1388.39509904029
HUN,Hungary,1976,1248.79851313891
HUN,Hungary,1975,1083.47473343284
HUN,Hungary,1974,955.874207823024
HUN,Hungary,1973,875.981999921224
HUN,Hungary,1972,709.652502602719
HUN,Hungary,1971,606.852738581394
HUN,Hungary,1970,559.197091346639
HUN,Hungary,1969,527.231617602682
HUN,Hungary,1968,476.434350138292
ISL,Iceland,2025,98323.4849517418
ISL,Iceland,2024,85863.1479330343
ISL,Iceland,2023,82201.2908518078
ISL,Iceland,2022,76376.9599334915
ISL,Iceland,2021,70425.4064277273
ISL,Iceland,2020,60127.9393575616
ISL,Iceland,2019,69296.3144361601
ISL,Iceland,2018,75633.8651351915
ISL,Iceland,2017,72976.3729990975
ISL,Iceland,2016,62854.0906407932
ISL,Iceland,2015,53505.6964079339
ISL,Iceland,2014,55140.364935793
ISL,Iceland,2013,50173.3360061057
ISL,Iceland,2012,46594.9869146614
ISL,Iceland,2011,48254.953927254
ISL,Iceland,2010,43776.4677400475
ISL,Iceland,2009,41483.7843682814
ISL,Iceland,2008,57489.3399795216
ISL,Iceland,2007,70483.0117228535
ISL,Iceland,2006,58172.1426656622
ISL,Iceland,2005,57783.7745608117
ISL,Iceland,2004,47809.6073050042
ISL,Iceland,2003,39944.2104095591
ISL,Iceland,2002,32749.379004627
ISL,Iceland,2001,29208.1981853568
ISL,Iceland,2000,32503.578963236
ISL,Iceland,1999,32834.4215745364
ISL,Iceland,1998,31519.1647473126
ISL,Iceland,1997,28461.7664095122
ISL,Iceland,1996,28583.5208959793
ISL,Iceland,1995,27564.569102386
ISL,Iceland,1994,24858.2031335605
ISL,Iceland,1993,24404.0275812365
ISL,Iceland,1992,28072.4041083276
ISL,Iceland,1991,27739.8886025504
ISL,Iceland,1990,26272.2452156659
ISL,Iceland,1989,23218.5398304599
ISL,Iceland,1988,25306.6926061001
ISL,Iceland,1987,23238.0398336304
ISL,Iceland,1986,16979.5217287811
ISL,Iceland,1985,12793.2725790514
ISL,Iceland,1984,12377.5860216394
ISL,Iceland,1983,12079.7974639769
ISL,Iceland,1982,14191.030215493
ISL,Iceland,1981,15666.3769807272
ISL,Iceland,1980,15339.9112964156
ISL,Iceland,1979,13082.4948327554
ISL,Iceland,1978,11629.5158682259
ISL,Iceland,1977,10305.3113349502
ISL,Iceland,1976,7848.3489698757
ISL,Iceland,1975,6679.78429144579
ISL,Iceland,1974,7286.65658517311
ISL,Iceland,1973,5627.40706667636
ISL,Iceland,1972,4155.18509800672
ISL,Iceland,1971,3365.77524019906
ISL,Iceland,1970,2666.41186614479
ISL,Iceland,1969,2142.21248048432
ISL,Iceland,1968,2473.42372591393
ISL,Iceland,1967,3283.55115538008
ISL,Iceland,1966,3378.14472198321
ISL,Iceland,1965,2861.10787055081
ISL,Iceland,1964,2414.00707361378
ISL,Iceland,1963,1924.23982220827
ISL,Iceland,1962,1641.15155373051
ISL,Iceland,1961,1489.76679890669
ISL,Iceland,1960,1486.46439009414
IND,India,2025,2702.47987141553
IND,India,2024,2591.9916607122
IND,India,2023,2434.44826340989
IND,India,2022,2279.98145719369
IND,India,2021,2239.61384367482
IND,India,2020,1907.04251637669
IND,India,2019,2041.42863698585
IND,India,2018,1966.25455171679
IND,India,2017,1950.10468280866
IND,India,2016,1707.50892912243
IND,India,2015,1583.99815907985
IND,India,2014,1553.88396075118
IND,India,2013,1432.84397512195
IND,India,2012,1429.32199520032
IND,India,2011,1445.46127486037
IND,India,2010,1347.51939071367
IND,India,2009,1094.94974598436
IND,India,2008,992.519584923828
IND,India,2007,1021.88707706826
IND,India,2006,801.668353659022
IND,India,2005,710.488080408949
IND,India,2004,624.258826510066
IND,India,2003,544.143133545002
IND,India,2002,469.149928973927
IND,India,2001,450.357900514128
IND,India,2000,442.750218937263
IND,India,1999,441.927991436397
IND,India,1998,413.630864056851
IND,India,1997,416.228116203753
IND,India,1996,401.046754673579
IND,India,1995,375.17600537305
IND,India,1994,347.73421473994
IND,India,1993,302.884806246174
IND,India,1992,319.182472626315
IND,India,1991,305.574055928592
IND,India,1990,371.085936203765
IND,India,1989,349.915155021864
IND,India,1988,358.484539641693
IND,India,1987,344.941028293075
IND,India,1986,314.897116402542
IND,India,1985,300.928258576378
IND,India,1984,281.049867840717
IND,India,1983,295.999773299382
IND,India,1982,278.65038258267
IND,India,1981,274.964330768528
IND,India,1980,271.080945953678
IND,India,1979,227.958179873426
IND,India,1978,209.389063573463
IND,India,1977,189.585568552477
IND,India,1976,164.119999587322
IND,India,1975,161.086694022079
IND,India,1974,166.699661755332
IND,India,1973,146.568492582405
IND,India,1972,125.270705961882
IND,India,1971,120.680595539912
IND,India,1970,114.35532002008
IND,India,1969,109.477664384288
IND,India,1968,101.556802521195
IND,India,1967,97.9951481214155
IND,India,1966,91.0276950517841
IND,India,1965,121.50831902883
IND,India,1964,117.856430772855
IND,India,1963,103.435021262932
IND,India,1962,92.1999583629516
IND,India,1961,87.8538613470205
IND,India,1960,84.9328084793106
IDN,Indonesia,2025,5059.62596411213
IDN,Indonesia,2024,4925.43644992666
IDN,Indonesia,2023,4876.2992959843
IDN,Indonesia,2022,4730.83484836107
IDN,Indonesia,2021,4287.17313995098
IDN,Indonesia,2020,3853.70288774146
IDN,Indonesia,2019,4106.94856160358
IDN,Indonesia,2018,3860.95353090726
IDN,Indonesia,2017,3798.88326174526
IDN,Indonesia,2016,3521.46943457574
IDN,Indonesia,2015,3288.22269725538
IDN,Indonesia,2014,3441.06808464008
IDN,Indonesia,2013,3566.60284506078
IDN,Indonesia,2012,3632.27254030331
IDN,Indonesia,2011,3579.46442466152
IDN,Indonesia,2010,3065.68348377765
IDN,Indonesia,2009,2218.48541852977
IDN,Indonesia,2008,2124.55483920618
IDN,Indonesia,2007,1823.21976255073
IDN,Indonesia,2006,1558.31562847163
IDN,Indonesia,2005,1238.21447629488
IDN,Indonesia,2004,1126.84004447173
IDN,Indonesia,2003,1043.2105838671
IDN,Indonesia,2002,881.002913569131
IDN,Indonesia,2001,732.307093405708
IDN,Indonesia,2000,763.711124950924
IDN,Indonesia,1999,657.268934667018
IDN,Indonesia,1998,454.877800792123
IDN,Indonesia,1997,1044.60674832472
IDN,Indonesia,1996,1118.92133024129
IDN,Indonesia,1995,1011.22614205568
IDN,Indonesia,1994,899.793982949817
IDN,Indonesia,1993,817.395116417856
IDN,Indonesia,1992,673.67103954742
IDN,Indonesia,1991,624.387495384411
IDN,Indonesia,1990,578.420121135382
IDN,Indonesia,1989,524.143027322576
IDN,Indonesia,1988,476.662483405818
IDN,Indonesia,1987,437.60655039936
IDN,Indonesia,1986,469.834241253429
IDN,Indonesia,1985,511.400883618027
IDN,Indonesia,1984,519.774063103241
IDN,Indonesia,1983,507.682945653414
IDN,Indonesia,1982,577.745632722784
IDN,Indonesia,1981,560.830336032961
IDN,Indonesia,1980,486.620172021155
IDN,Indonesia,1979,353.424175826329
IDN,Indonesia,1978,362.483779779007
IDN,Indonesia,1977,330.670214101079
IDN,Indonesia,1976,275.713167824796
IDN,Indonesia,1975,231.060120618497
IDN,Indonesia,1974,200.710984454591
IDN,Indonesia,1973,129.886231088685
IDN,Indonesia,1972,90.1147549138956
IDN,Indonesia,1971,78.5428393869752
IDN,Indonesia,1970,79.118823484002
IDN,Indonesia,1969,74.0988114128793
IDN,Indonesia,1968,64.6547730642556
IDN,Indonesia,1967,53.2051866988581
IRN,"Iran, Islamic Rep.",2025,3924.38017821898
IRN,"Iran, Islamic Rep.",2024,5190.16959024821
IRN,"Iran, Islamic Rep.",2023,5049.29931642754
IRN,"Iran, Islamic Rep.",2022,4721.20437099984
IRN,"Iran, Islamic Rep.",2021,4605.14881318992
IRN,"Iran, Islamic Rep.",2020,3202.50003502169
IRN,"Iran, Islamic Rep.",2019,3997.4935449585
IRN,"Iran, Islamic Rep.",2018,4783.01067340237
IRN,"Iran, Islamic Rep.",2017,6000.93346404409
IRN,"Iran, Islamic Rep.",2016,5710.59947089104
IRN,"Iran, Islamic Rep.",2015,4952.73355532178
IRN,"Iran, Islamic Rep.",2014,5672.06372896319
IRN,"Iran, Islamic Rep.",2013,6222.74194840326
IRN,"Iran, Islamic Rep.",2012,8114.08099831877
IRN,"Iran, Islamic Rep.",2011,8025.68743364356
IRN,"Iran, Islamic Rep.",2010,6291.19443655454
IRN,"Iran, Islamic Rep.",2009,5415.52280553446
IRN,"Iran, Islamic Rep.",2008,5377.4115072957
IRN,"Iran, Islamic Rep.",2007,4687.99166260718
IRN,"Iran, Islamic Rep.",2006,3618.91601364428
IRN,"Iran, Islamic Rep.",2005,3132.0508192007
IRN,"Iran, Islamic Rep.",2004,2672.4226651404
IRN,"Iran, Islamic Rep.",2003,2208.99636552406
IRN,"Iran, Islamic Rep.",2002,1891.25756091033
IRN,"Iran, Islamic Rep.",2001,1881.02266635283
IRN,"Iran, Islamic Rep.",2000,1650.01385833785
IRN,"Iran, Islamic Rep.",1999,1739.59462001458
IRN,"Iran, Islamic Rep.",1998,1709.19334096046
IRN,"Iran, Islamic Rep.",1997,1790.06617575598
IRN,"Iran, Islamic Rep.",1996,1914.78121294313
IRN,"Iran, Islamic Rep.",1995,1550.0095955025
IRN,"Iran, Islamic Rep.",1994,1167.76272513795
IRN,"Iran, Islamic Rep.",1993,1038.10985682067
IRN,"Iran, Islamic Rep.",1992,1957.48507794252
IRN,"Iran, Islamic Rep.",1991,2194.43906803657
IRN,"Iran, Islamic Rep.",1990,2137.94222739877
IRN,"Iran, Islamic Rep.",1989,2124.97214820344
IRN,"Iran, Islamic Rep.",1988,2234.46235141335
IRN,"Iran, Islamic Rep.",1987,2513.15111564745
IRN,"Iran, Islamic Rep.",1986,4064.34667297515
IRN,"Iran, Islamic Rep.",1985,3634.03209560745
IRN,"Iran, Islamic Rep.",1984,3395.33697556582
IRN,"Iran, Islamic Rep.",1983,3397.06140021273
IRN,"Iran, Islamic Rep.",1982,2844.87611384065
IRN,"Iran, Islamic Rep.",1981,2393.44985576145
IRN,"Iran, Islamic Rep.",1980,2368.39285730478
IRN,"Iran, Islamic Rep.",1979,2352.42655152643
IRN,"Iran, Islamic Rep.",1978,2100.77015324703
IRN,"Iran, Islamic Rep.",1977,2243.05559538309
IRN,"Iran, Islamic Rep.",1976,1953.51969678549
IRN,"Iran, Islamic Rep.",1975,1531.70617122603
IRN,"Iran, Islamic Rep.",1974,1408.96571902093
IRN,"Iran, Islamic Rep.",1973,850.560177143749
IRN,"Iran, Islamic Rep.",1972,554.748034126016
IRN,"Iran, Islamic Rep.",1971,457.283638013187
IRN,"Iran, Islamic Rep.",1970,376.606879152564
IRN,"Iran, Islamic Rep.",1969,344.60168745738
IRN,"Iran, Islamic Rep.",1968,314.285456656503
IRN,"Iran, Islamic Rep.",1967,283.733705768331
IRN,"Iran, Islamic Rep.",1966,262.877683796365
IRN,"Iran, Islamic Rep.",1965,247.526675505342
IRN,"Iran, Islamic Rep.",1964,221.731727810865
IRN,"Iran, Islamic Rep.",1963,209.559376274106
IRN,"Iran, Islamic Rep.",1962,205.786809656996
IRN,"Iran, Islamic Rep.",1961,200.081529294917
IRN,"Iran, Islamic Rep.",1960,195.57752721271
IRQ,Iraq,2025,5409.67899716967
IRQ,Iraq,2024,6073.61032342708
IRQ,Iraq,2023,5965.31835077761
IRQ,Iraq,2022,6520.73154560584
IRQ,Iraq,2021,4868.49431080783
IRQ,Iraq,2020,4295.18945121228
IRQ,Iraq,2019,5671.8568632942
IRQ,Iraq,2018,5646.68932074742
IRQ,Iraq,2017,4759.2846435467
IRQ,Iraq,2016,4334.42096404188
IRQ,Iraq,2015,4440.14189252367
IRQ,Iraq,2014,6249.39226978969
IRQ,Iraq,2013,6650.35282247395
IRQ,Iraq,2012,6477.59618450955
IRQ,Iraq,2011,5775.54229080293
IRQ,Iraq,2010,4461.75196161555
IRQ,Iraq,2009,3714.71205987194
IRQ,Iraq,2008,4542.96609046032
IRQ,Iraq,2007,3128.99010329066
IRQ,Iraq,2006,2276.55435744086
IRQ,Iraq,2005,1762.39360423421
IRQ,Iraq,2004,1328.37157628292
IRQ,Iraq,2003,817.887862499622
IRQ,Iraq,2002,1266.15961275094
IRQ,Iraq,2001,1435.695683789
IRQ,Iraq,2000,1980.18916038782
IRQ,Iraq,1999,1560.36466710272
IRQ,Iraq,1998,900.937142559106
IRQ,Iraq,1997,936.341170908421
IRQ,Iraq,1996,485.258492784825
IRQ,Iraq,1995,619.135530927038
IRQ,Iraq,1994,198.182101881974
IRQ,Iraq,1993,53.7437842348819
IRQ,Iraq,1992,30.2539012636825
IRQ,Iraq,1991,22.9521327615352
IRQ,Iraq,1990,10261.4157706888
IRQ,Iraq,1989,3791.17027583399
IRQ,Iraq,1988,3707.20841763297
IRQ,Iraq,1987,3436.4763126353
IRQ,Iraq,1986,2940.40623181091
IRQ,Iraq,1985,3087.66394151806
IRQ,Iraq,1984,3065.7178266236
IRQ,Iraq,1983,2743.35449218755
IRQ,Iraq,1982,2941.9748125381
IRQ,Iraq,1981,2700.41204790874
IRQ,Iraq,1980,3867.64500744262
IRQ,Iraq,1979,2871.32952195974
IRQ,Iraq,1978,1863.21761229727
IRQ,Iraq,1977,1608.79545129648
IRQ,Iraq,1976,1488.54335200482
IRQ,Iraq,1975,1165.88163945653
IRQ,Iraq,1974,1031.25081332691
IRQ,Iraq,1973,475.586335675674
IRQ,Iraq,1972,394.41834302923
IRQ,Iraq,1971,383.550287036941
IRQ,Iraq,1970,337.042912609442
IRQ,Iraq,1969,319.860143218706
IRQ,Iraq,1968,318.832552563525
IRQ,Iraq,1967,290.643664484678
IRQ,Iraq,1966,298.205666763491
IRQ,Iraq,1965,284.77757098584
IRQ,Iraq,1964,269.423092996101
IRQ,Iraq,1963,235.513623763733
IRQ,Iraq,1962,240.653442461626
IRQ,Iraq,1961,232.392612190864
IRQ,Iraq,1960,218.917802531101
IRL,Ireland,2025,131592.462547877
IRL,Ireland,2024,112894.953240805
IRL,Ireland,2023,106818.917130804
IRL,Ireland,2022,105190.685952731
IRL,Ireland,2021,103783.446284479
IRL,Ireland,2020,86514.0706108754
IRL,Ireland,2019,81827.6688873996
IRL,Ireland,2018,80804.1123164826
IRL,Ireland,2017,72161.4047531385
IRL,Ireland,2016,64129.5571542383
IRL,Ireland,2015,64250.1385181257
IRL,Ireland,2014,57214.5379785709
IRL,Ireland,2013,52537.6108648692
IRL,Ireland,2012,49335.8408099555
IRL,Ireland,2011,52613.8540355689
IRL,Ireland,2010,48623.9666422487
IRL,Ireland,2009,52133.0906162544
IRL,Ireland,2008,61353.1065629523
IRL,Ireland,2007,61396.417461176
IRL,Ireland,2006,54329.1618599624
IRL,Ireland,2005,50933.0216095589
IRL,Ireland,2004,47754.2023194244
IRL,Ireland,2003,41203.5295847568
IRL,Ireland,2002,32705.4345565698
IRL,Ireland,2001,28282.409882073
IRL,Ireland,2000,26334.5672050501
IRL,Ireland,1999,26338.1077543817
IRL,Ireland,1998,24294.8547674007
IRL,Ireland,1997,22551.1139134126
IRL,Ireland,1996,20835.8977130847
IRL,Ireland,1995,19158.4564773907
IRL,Ireland,1994,15902.9296755168
IRL,Ireland,1993,14657.0615549805
IRL,Ireland,1992,15714.3847487231
IRL,Ireland,1991,14087.2074393708
IRL,Ireland,1990,14031.3025675469
IRL,Ireland,1989,11175.816603647
IRL,Ireland,1988,10715.8702780539
IRL,Ireland,1987,9581.91308572415
IRL,Ireland,1986,8112.17136316453
IRL,Ireland,1985,6011.7355464232
IRL,Ireland,1984,5692.02738597285
IRL,Ireland,1983,5915.24177164341
IRL,Ireland,1982,6160.63829313723
IRL,Ireland,1981,5986.1541089392
IRL,Ireland,1980,6372.43777545453
IRL,Ireland,1979,5429.96200087479
IRL,Ireland,1978,4399.98680535092
IRL,Ireland,1977,3427.0734359204
IRL,Ireland,1976,2919.58308695615
IRL,Ireland,1975,2973.40012301715
IRL,Ireland,1974,2516.92768605196
IRL,Ireland,1973,2424.26904706558
IRL,Ireland,1972,2080.46514718169
IRL,Ireland,1971,1703.93218277317
IRL,Ireland,1970,1486.51452734638
IRL,Ireland,1969,1330.78329549951
IRL,Ireland,1968,1158.85549787929
IRL,Ireland,1967,1187.18321236576
IRL,Ireland,1966,1107.31823034754
IRL,Ireland,1965,1055.03624701098
IRL,Ireland,1964,994.607331611746
IRL,Ireland,1963,878.156576476286
IRL,Ireland,1962,821.344113076887
IRL,Ireland,1961,761.851359570018
IRL,Ireland,1960,706.551022345168
IMN,Isle of Man,2023,90015.2074234398
IMN,Isle of Man,2022,88328.548125887
IMN,Isle of Man,2021,94299.969348965
IMN,Isle of Man,2020,79513.5330346598
IMN,Isle of Man,2019,87127.5517977404
IMN,Isle of Man,2018,89393.8244248812
IMN,Isle of Man,2017,83481.3038489014
IMN,Isle of Man,2016,82025.9454509241
IMN,Isle of Man,2015,84753.5187422732
IMN,Isle of Man,2014,91885.4528718026
IMN,Isle of Man,2013,83207.6588430451
IMN,Isle of Man,2012,79329.2034347434
IMN,Isle of Man,2011,77808.8579649376
IMN,Isle of Man,2010,70587.3140283741
IMN,Isle of Man,2009,66156.105656847
IMN,Isle of Man,2008,72276.7741329461
IMN,Isle of Man,2007,55040.2437046236
IMN,Isle of Man,2006,42627.5089352891
IMN,Isle of Man,2005,38135.8597885858
IMN,Isle of Man,2004,35564.6023910146
IMN,Isle of Man,2003,28861.6178062918
IMN,Isle of Man,2002,24471.0798814847
IMN,Isle of Man,2001,21819.7123825606
IMN,Isle of Man,2000,21161.3963073772
IMN,Isle of Man,1999,21042.1461816648
IMN,Isle of Man,1998,18753.1202301034
IMN,Isle of Man,1997,16160.7112518361
IMN,Isle of Man,1996,13979.8454930411
IMN,Isle of Man,1995,12896.5252829716
IMN,Isle of Man,1994,11708.2857474351
IMN,Isle of Man,1993,10818.5139663414
IMN,Isle of Man,1992,12150.8545456352
IMN,Isle of Man,1991,11768.1058977186
IMN,Isle of Man,1990,11049.8949396235
IMN,Isle of Man,1989,9110.77499886082
IMN,Isle of Man,1988,8768.79053218172
IMN,Isle of Man,1987,7012.1421130624
IMN,Isle of Man,1986,5507.18003873984
IMN,Isle of Man,1985,3980.23093051439
IMN,Isle of Man,1984,3892.81857107699
ISR,Israel,2025,60336.8477964194
ISR,Israel,2024,54216.5218142787
ISR,Israel,2023,52126.4489280033
ISR,Israel,2022,54947.2091250715
ISR,Israel,2021,52258.4693499398
ISR,Israel,2020,44590.8237253282
ISR,Israel,2019,44091.8678022544
ISR,Israel,2018,42269.3770257585
ISR,Israel,2017,41013.2575323519
ISR,Israel,2016,37571.2561196275
ISR,Israel,2015,36138.13561386
ISR,Israel,2014,38265.3651949373
ISR,Israel,2013,36980.622214228
ISR,Israel,2012,33268.7066672115
ISR,Israel,2011,34476.7252065949
ISR,Israel,2010,31398.9266927022
ISR,Israel,2009,28469.6817348489
ISR,Israel,2008,30231.0191013609
ISR,Israel,2007,25688.901610248
ISR,Israel,2006,22499.7541717986
ISR,Israel,2005,21261.7474251846
ISR,Israel,2004,20550.0694706176
ISR,Israel,2003,19624.0321412582
ISR,Israel,2002,19058.7462869465
ISR,Israel,2001,20948.7745727671
ISR,Israel,2000,21690.237340061
ISR,Israel,1999,19808.8555169876
ISR,Israel,1998,20175.625397054
ISR,Israel,1997,20457.3857209047
ISR,Israel,1996,20212.9229756617
ISR,Israel,1995,19013.94330229
ISR,Israel,1994,16796.463811535
ISR,Israel,1993,15169.4731267116
ISR,Israel,1992,15500.4201495689
ISR,Israel,1991,14337.2280625182
ISR,Israel,1990,13300.0985026479
ISR,Israel,1989,11600.5127462448
ISR,Israel,1988,11845.6681707365
ISR,Israel,1987,9847.32839673896
ISR,Israel,1986,8330.3190555308
ISR,Israel,1985,6824.45042270889
ISR,Israel,1984,7363.95669425997
ISR,Israel,1983,7955.07704171781
ISR,Israel,1982,7253.09649399706
ISR,Israel,1981,6791.05685880676
ISR,Israel,1980,6544.50362739779
ISR,Israel,1979,5968.24843914695
ISR,Israel,1978,4794.13643482063
ISR,Israel,1977,5050.05464734453
ISR,Israel,1976,4513.58700484185
ISR,Israel,1975,4669.11904204137
ISR,Israel,1974,5082.02840502237
ISR,Israel,1973,3628.80694978589
ISR,Israel,1972,2927.84825258392
ISR,Israel,1971,2296.57604294835
ISR,Israel,1970,2488.95164576854
ISR,Israel,1969,2187.68382229652
ISR,Israel,1968,1946.15038618968
ISR,Israel,1967,1733.86080664945
ISR,Israel,1966,1787.90326815958
ISR,Israel,1965,1688.02690245959
ISR,Israel,1964,1624.99451704719
ISR,Israel,1963,1485.40019127208
ISR,Israel,1962,1292.77087568172
ISR,Israel,1961,1696.24617989795
ISR,Israel,1960,1451.5903109258
ITA,Italy,2025,43308.6403060733
ITA,Italy,2024,40429.6224047352
ITA,Italy,2023,39279.699782164
ITA,Italy,2022,35653.9042103495
ITA,Italy,2021,36852.5425414951
ITA,Italy,2020,32091.4866621366
ITA,Italy,2019,33812.788724868
ITA,Italy,2018,35062.3364176949
ITA,Italy,2017,32844.115660604
ITA,Italy,2016,31391.5692898108
ITA,Italy,2015,30639.8829751432
ITA,Italy,2014,36028.3494022349
ITA,Italy,2013,35701.6746002376
ITA,Italy,2012,34854.3949441965
ITA,Italy,2011,38432.3742820019
ITA,Italy,2010,35856.8625485539
ITA,Italy,2009,37099.6133958219
ITA,Italy,2008,40828.5795580937
ITA,Italy,2007,37826.1754554823
ITA,Italy,2006,33537.1286994269
ITA,Italy,2005,32062.723833669
ITA,Italy,2004,31348.1901841445
ITA,Italy,2003,27577.5700319855
ITA,Italy,2002,22451.3964379368
ITA,Italy,2001,20570.4385917862
ITA,Italy,2000,20190.0035636084
ITA,Italy,1999,22049.9990620261
ITA,Italy,1998,22365.1837644545
ITA,Italy,1997,21883.9872666651
ITA,Italy,1996,23122.9337219116
ITA,Italy,1995,20712.1798690324
ITA,Italy,1994,19382.2002150155
ITA,Italy,1993,18781.9529427137
ITA,Italy,1992,23297.0460325456
ITA,Italy,1991,22007.1350964074
ITA,Italy,1990,20873.7834092719
ITA,Italy,1989,16424.4301587005
ITA,Italy,1988,15780.9495122174
ITA,Italy,1987,14267.5368168757
ITA,Italy,1986,11341.0939892903
ITA,Italy,1985,8009.10347642127
ITA,Italy,1984,7757.55374836822
ITA,Italy,1983,7850.62789042275
ITA,Italy,1982,7573.93967597775
ITA,Italy,1981,7640.40241250516
ITA,Italy,1980,8476.41045000836
ITA,Italy,1979,7006.39699054556
ITA,Italy,1978,5623.42917622719
ITA,Italy,1977,4614.21004931651
ITA,Italy,1976,4042.39482463789
ITA,Italy,1975,4116.45964933054
ITA,Italy,1974,3629.49182319594
ITA,Italy,1973,3212.63949627574
ITA,Italy,1972,2677.29372999774
ITA,Italy,1971,2310.92376058816
ITA,Italy,1970,2111.71986404332
ITA,Italy,1969,1886.45002730465
ITA,Italy,1968,1718.49646427147
ITA,Italy,1967,1595.48578129215
ITA,Italy,1966,1458.94713889011
ITA,Italy,1965,1357.0106162201
ITA,Italy,1964,1271.80119301518
ITA,Italy,1963,1171.3869628098
ITA,Italy,1962,1030.15800343763
ITA,Italy,1961,923.08778375214
ITA,Italy,1960,836.905850281885
JAM,Jamaica,2025,8002.92104076242
JAM,Jamaica,2024,7753.8119527678
JAM,Jamaica,2023,7542.39855849054
JAM,Jamaica,2022,6626.47502388538
JAM,Jamaica,2021,5625.67806271236
JAM,Jamaica,2020,5299.04530804283
JAM,Jamaica,2019,6030.68896415921
JAM,Jamaica,2018,5976.90362644337
JAM,Jamaica,2017,5605.43541173019
JAM,Jamaica,2016,5302.29553353854
JAM,Jamaica,2015,5339.30718256806
JAM,Jamaica,2014,4975.11325459872
JAM,Jamaica,2013,5124.21301411137
JAM,Jamaica,2012,5340.83333232158
JAM,Jamaica,2011,5232.63644918132
JAM,Jamaica,2010,4809.977380312
JAM,Jamaica,2009,4428.38153333557
JAM,Jamaica,2008,5029.80095281745
JAM,Jamaica,2007,4716.48612542727
JAM,Jamaica,2006,4417.00127135363
JAM,Jamaica,2005,4184.43974867497
JAM,Jamaica,2004,3807.56293124552
JAM,Jamaica,2003,3549.70758394618
JAM,Jamaica,2002,3680.64551727724
JAM,Jamaica,2001,3503.55026688858
JAM,Jamaica,2000,3453.09252800226
JAM,Jamaica,1999,3431.56813468335
JAM,Jamaica,1998,3419.49352868739
JAM,Jamaica,1997,3296.91634805083
JAM,Jamaica,1996,2928.89692611996
JAM,Jamaica,1995,2630.84935382822
JAM,Jamaica,1994,2202.85831038471
JAM,Jamaica,1993,2220.51518327186
JAM,Jamaica,1992,1458.10146892635
JAM,Jamaica,1991,1710.30058243722
JAM,Jamaica,1990,1929.59891905857
JAM,Jamaica,1989,1864.98497550062
JAM,Jamaica,1988,1632.01481656159
JAM,Jamaica,1987,1410.84598702428
JAM,Jamaica,1986,1191.34976782142
JAM,Jamaica,1985,916.872292838674
JAM,Jamaica,1984,1048.13405395534
JAM,Jamaica,1983,1619.4784563122
JAM,Jamaica,1982,1494.40208283218
JAM,Jamaica,1981,1370.41277901541
JAM,Jamaica,1980,1248.74484727418
JAM,Jamaica,1979,1144.17562986584
JAM,Jamaica,1978,1262.40327239465
JAM,Jamaica,1977,1569.42127051131
JAM,Jamaica,1976,1449.977882067
JAM,Jamaica,1975,1416.77546764568
JAM,Jamaica,1974,1192.98569350958
JAM,Jamaica,1973,971.802513228502
JAM,Jamaica,1972,970.802906405502
JAM,Jamaica,1971,808.866506083755
JAM,Jamaica,1970,747.909399172491
JAM,Jamaica,1969,642.133421058915
JAM,Jamaica,1968,591.045817173244
JAM,Jamaica,1967,633.259680574944
JAM,Jamaica,1966,612.210363692586
JAM,Jamaica,1965,549.493560414107
JAM,Jamaica,1964,514.416511313452
JAM,Jamaica,1963,480.336499711715
JAM,Jamaica,1962,458.313997796567
JAM,Jamaica,1961,447.057273660594
JAM,Jamaica,1960,423.674098184095
JPN,Japan,2025,35951.0449549304
JPN,Japan,2024,33797.1014287876
JPN,Japan,2023,35215.003535366
JPN,Japan,2022,35548.2645222433
JPN,Japan,2021,41580.739040705
JPN,Japan,2020,41098.9739004553
JPN,Japan,2019,41424.8655601543
JPN,Japan,2018,40645.478086519
JPN,Japan,2017,39679.8635262948
JPN,Japan,2016,40214.9688631562
JPN,Japan,2015,35664.6446110613
JPN,Japan,2014,39172.8471161948
JPN,Japan,2013,41369.1948479498
JPN,Japan,2012,49626.6830327571
JPN,Japan,2011,49122.077634247
JPN,Japan,2010,45378.1378109399
JPN,Japan,2009,41678.1783063195
JPN,Japan,2008,40294.2081309702
JPN,Japan,2007,36129.9535132925
JPN,Japan,2006,36354.4271646349
JPN,Japan,2005,38158.6758263963
JPN,Japan,2004,38677.5708064787
JPN,Japan,2003,35808.6816792388
JPN,Japan,2002,33315.9165174962
JPN,Japan,2001,34910.166403687
JPN,Japan,2000,39752.937397755
JPN,Japan,1999,37028.7168989208
JPN,Japan,1998,32835.1192750829
JPN,Japan,1997,36331.0311480645
JPN,Japan,1996,39929.7185750327
JPN,Japan,1995,44947.4763611465
JPN,Japan,1994,40774.4450809919
JPN,Japan,1993,37110.6114371751
JPN,Japan,1992,32666.5024513195
JPN,Japan,1991,30048.1401766828
JPN,Japan,1990,26344.7273187725
JPN,Japan,1989,25798.0054757546
JPN,Japan,1988,26036.864097278
JPN,Japan,1987,21586.9260294922
JPN,Japan,1986,17819.3400779496
JPN,Japan,1985,12058.1469373485
JPN,Japan,1984,11443.4617086944
JPN,Japan,1983,10876.3275267125
JPN,Japan,1982,9985.92408278337
JPN,Japan,1981,10805.9900652449
JPN,Japan,1980,9872.35315959728
JPN,Japan,1979,9497.01423554433
JPN,Japan,1978,9201.91586719521
JPN,Japan,1977,6609.09338399173
JPN,Japan,1976,5422.25981204974
JPN,Japan,1975,4876.47163169944
JPN,Japan,1974,4541.99349265674
JPN,Japan,1973,4146.53123298424
JPN,Japan,1972,3095.27540388466
JPN,Japan,1971,2370.27536037237
JPN,Japan,1970,2144.98615266911
JPN,Japan,1969,1840.94789376713
JPN,Japan,1968,1585.98057427556
JPN,Japan,1967,1354.29188416199
JPN,Japan,1966,1167.69027982801
JPN,Japan,1965,1014.65899631996
JPN,Japan,1964,921.88053754104
JPN,Japan,1963,791.924737477456
JPN,Japan,1962,698.981262831415
JPN,Japan,1961,621.68620494448
JPN,Japan,1960,519.415170624485
JOR,Jordan,2025,5347.77731384797
JOR,Jordan,2024,5073.92103605892
JOR,Jordan,2023,4906.23543006639
JOR,Jordan,2022,4754.41362207378
JOR,Jordan,2021,4581.71967230365
JOR,Jordan,2020,4411.48321838396
JOR,Jordan,2019,4557.79334729121
JOR,Jordan,2018,4533.97658437205
JOR,Jordan,2017,4449.34618076611
JOR,Jordan,2016,4366.06999647268
JOR,Jordan,2015,4441.61896013754
JOR,Jordan,2014,4610.60460269382
JOR,Jordan,2013,4739.02253641778
JOR,Jordan,2012,4593.83609729005
JOR,Jordan,2011,4363.42800211536
JOR,Jordan,2010,4139.04283161368
JOR,Jordan,2009,3845.34388086274
JOR,Jordan,2008,3669.83012701745
JOR,Jordan,2007,2506.20599484139
JOR,Jordan,2006,2342.63459574933
JOR,Jordan,2005,2087.87079273635
JOR,Jordan,2004,1940.08641342805
JOR,Jordan,2003,1775.67625581432
JOR,Jordan,2002,1706.26744384401
JOR,Jordan,2001,1632.29454010563
JOR,Jordan,2000,1570.61002940477
JOR,Jordan,1999,1544.58750592979
JOR,Jordan,1998,1532.11380395602
JOR,Jordan,1997,1435.87593846863
JOR,Jordan,1996,1410.17424189419
JOR,Jordan,1995,1415.71151592128
JOR,Jordan,1994,1367.18721776691
JOR,Jordan,1993,1289.4145431007
JOR,Jordan,1992,1286.6347360596
JOR,Jordan,1991,1109.65564611997
JOR,Jordan,1990,1148.59005469899
JOR,Jordan,1989,1260.2518650001
JOR,Jordan,1988,1965.98031813995
JOR,Jordan,1987,2216.87045179385
JOR,Jordan,1986,2200.10278230881
JOR,Jordan,1985,1797.02877146361
JOR,Jordan,1984,1871.09074979987
JOR,Jordan,1983,1939.33654498872
JOR,Jordan,1982,1928.87589643338
JOR,Jordan,1981,1885.14842198943
JOR,Jordan,1980,1750.09801076564
JOR,Jordan,1979,1518.82451343828
JOR,Jordan,1978,1248.90326044987
JOR,Jordan,1977,1038.52230070493
JOR,Jordan,1976,872.506019353732
JOR,Jordan,1975,717.7640972871
JOR,Jordan,1974,651.095948462669
JOR,Jordan,1973,530.783996638002
JOR,Jordan,1972,459.874244108895
JOR,Jordan,1971,412.218818849468
JOR,Jordan,1970,408.596257509347
JOR,Jordan,1969,474.427887073594
JOR,Jordan,1968,408.842352820548
JOR,Jordan,1967,496.922746235673
JOR,Jordan,1966,558.402981092455
JOR,Jordan,1965,545.513861689675
KAZ,Kazakhstan,2025,14692.1331757237
KAZ,Kazakhstan,2024,14154.6324958076
KAZ,Kazakhstan,2023,12879.4275257974
KAZ,Kazakhstan,2022,11255.3396437881
KAZ,Kazakhstan,2021,9983.60103576902
KAZ,Kazakhstan,2020,8781.50797787648
KAZ,Kazakhstan,2019,9457.12614657136
KAZ,Kazakhstan,2018,9472.48527327758
KAZ,Kazakhstan,2017,8943.08416791984
KAZ,Kazakhstan,2016,7475.56688689424
KAZ,Kazakhstan,2015,10196.1226255982
KAZ,Kazakhstan,2014,12427.7094576939
KAZ,Kazakhstan,2013,13478.459627612
KAZ,Kazakhstan,2012,12018.7966527993
KAZ,Kazakhstan,2011,11287.1464926039
KAZ,Kazakhstan,2010,8793.07589980782
KAZ,Kazakhstan,2009,6938.01175663001
KAZ,Kazakhstan,2008,8123.54705891736
KAZ,Kazakhstan,2007,6449.43931096532
KAZ,Kazakhstan,2006,5030.13494711519
KAZ,Kazakhstan,2005,3577.35804001782
KAZ,Kazakhstan,2004,2722.47407755402
KAZ,Kazakhstan,2003,1958.02050246511
KAZ,Kazakhstan,2002,1573.55219932325
KAZ,Kazakhstan,2001,1422.27331810957
KAZ,Kazakhstan,2000,1180.0444563226
KAZ,Kazakhstan,1999,1091.54727722159
KAZ,Kazakhstan,1998,1414.59289652597
KAZ,Kazakhstan,1997,1381.63593295187
KAZ,Kazakhstan,1996,1281.39152895397
KAZ,Kazakhstan,1995,1217.79138769863
KAZ,Kazakhstan,1994,1246.83633018218
KAZ,Kazakhstan,1993,1355.13493859139
KAZ,Kazakhstan,1992,1437.59848100913
KAZ,Kazakhstan,1991,1442.42455540825
KAZ,Kazakhstan,1990,1570.00883112591
KEN,Kenya,2025,2362.86091198611
KEN,Kenya,2024,2133.46193404026
KEN,Kenya,2023,1942.58802756191
KEN,Kenya,2022,2109.56288513137
KEN,Kenya,2021,2061.35622089594
KEN,Kenya,2020,1927.66459027849
KEN,Kenya,2019,1960.40808854893
KEN,Kenya,2018,1836.45275528993
KEN,Kenya,2017,1667.48447230835
KEN,Kenya,2016,1554.12610314423
KEN,Kenya,2015,1489.11959777284
KEN,Kenya,2014,1482.81566253497
KEN,Kenya,2013,1370.87885214659
KEN,Kenya,2012,1285.00536171512
KEN,Kenya,2011,1096.14499807675
KEN,Kenya,2010,1091.51873101194
KEN,Kenya,2009,1047.9678324485
KEN,Kenya,2008,915.54435473604
KEN,Kenya,2007,840.201439476765
KEN,Kenya,2006,699.80237063381
KEN,Kenya,2005,523.456312433863
KEN,Kenya,2004,463.662781300121
KEN,Kenya,2003,442.898457253405
KEN,Kenya,2002,402.936385605382
KEN,Kenya,2001,410.700452474814
KEN,Kenya,2000,414.626365130846
KEN,Kenya,1999,433.721235701305
KEN,Kenya,1998,487.883239905452
KEN,Kenya,1997,466.723814611399
KEN,Kenya,1996,440.527078880876
KEN,Kenya,1995,340.064842175429
KEN,Kenya,1994,276.447871981244
KEN,Kenya,1993,228.998032843434
KEN,Kenya,1992,336.68139978696
KEN,Kenya,1991,344.722642127742
KEN,Kenya,1990,374.458992895562
KEN,Kenya,1989,374.489193682103
KEN,Kenya,1988,391.238771204282
KEN,Kenya,1987,386.630929992512
KEN,Kenya,1986,363.745117772717
KEN,Kenya,1985,319.503611010714
KEN,Kenya,1984,334.40283575753
KEN,Kenya,1983,335.037151735189
KEN,Kenya,1982,373.794835688888
KEN,Kenya,1981,412.883704225392
KEN,Kenya,1980,453.558973444809
KEN,Kenya,1979,403.242079834358
KEN,Kenya,1978,355.141982232607
KEN,Kenya,1977,311.48625291648
KEN,Kenya,1976,248.935108198575
KEN,Kenya,1975,241.224426147057
KEN,Kenya,1974,227.233442066411
KEN,Kenya,1973,198.578083872556
KEN,Kenya,1972,172.642044778441
KEN,Kenya,1971,150.852979093178
KEN,Kenya,1970,141.039390962597
KEN,Kenya,1969,133.310793093247
KEN,Kenya,1968,128.654646882243
KEN,Kenya,1967,121.90214207834
KEN,Kenya,1966,119.833476389359
KEN,Kenya,1965,106.865601340262
KEN,Kenya,1964,111.300544823892
KEN,Kenya,1963,107.393655978243
KEN,Kenya,1962,104.600455936259
KEN,Kenya,1961,99.2716957068382
KEN,Kenya,1960,102.824417465582
KIR,Kiribati,2025,2558.66636011102
KIR,Kiribati,2024,2550.98377226188
KIR,Kiribati,2023,2200.68918614289
KIR,Kiribati,2022,2078.7648751855
KIR,Kiribati,2021,2223.54147866465
KIR,Kiribati,2020,1751.87199542272
KIR,Kiribati,2019,1750.24040333237
KIR,Kiribati,2018,1915.56002581991
KIR,Kiribati,2017,1854.3326920967
KIR,Kiribati,2016,1742.66799324117
KIR,Kiribati,2015,1639.85274740652
KIR,Kiribati,2014,1736.70535682101
KIR,Kiribati,2013,1772.08718317132
KIR,Kiribati,2012,1843.55336349889
KIR,Kiribati,2011,1771.12926848792
KIR,Kiribati,2010,1522.10068744154
KIR,Kiribati,2009,1316.62753853678
KIR,Kiribati,2008,1410.62246914058
KIR,Kiribati,2007,1352.57814048911
KIR,Kiribati,2006,1123.19258990684
KIR,Kiribati,2005,1161.78341739977
KIR,Kiribati,2004,1083.2688987175
KIR,Kiribati,2003,1020.50033851394
KIR,Kiribati,2002,810.10870037444
KIR,Kiribati,2001,718.833787096781
KIR,Kiribati,2000,845.367240231973
KIR,Kiribati,1999,887.496019475758
KIR,Kiribati,1998,874.484349123221
KIR,Kiribati,1997,953.162998384941
KIR,Kiribati,1996,985.885941426854
KIR,Kiribati,1995,844.429605862723
KIR,Kiribati,1994,837.971706204
KIR,Kiribati,1993,747.75302075115
KIR,Kiribati,1992,791.99610105394
KIR,Kiribati,1991,540.125861123481
KIR,Kiribati,1990,488.067527876014
KIR,Kiribati,1989,514.652948165033
KIR,Kiribati,1988,535.915134580045
KIR,Kiribati,1987,423.822473332128
KIR,Kiribati,1986,381.918758641144
KIR,Kiribati,1985,392.905065394709
KIR,Kiribati,1984,527.291455228898
KIR,Kiribati,1983,483.107821082637
KIR,Kiribati,1982,518.62249584629
KIR,Kiribati,1981,567.722497103141
KIR,Kiribati,1980,542.253599617514
KIR,Kiribati,1979,572.794606018137
KIR,Kiribati,1978,610.783852582543
KIR,Kiribati,1977,519.943894734849
KIR,Kiribati,1976,548.075641711172
KIR,Kiribati,1975,730.441792552945
KIR,Kiribati,1974,1131.29075149996
KIR,Kiribati,1973,421.626997094822
KIR,Kiribati,1972,256.187000109277
KIR,Kiribati,1971,210.668594146279
KIR,Kiribati,1970,201.023774667798
KOR,"Korea, Rep.",2025,36226.9663637512
KOR,"Korea, Rep.",2024,36238.639908315
KOR,"Korea, Rep.",2023,35674.095995632
KOR,"Korea, Rep.",2022,34822.4048404971
KOR,"Korea, Rep.",2021,37518.4635305697
KOR,"Korea, Rep.",2020,33645.7719545073
KOR,"Korea, Rep.",2019,33826.9443301597
KOR,"Korea, Rep.",2018,35363.9508228687
KOR,"Korea, Rep.",2017,33296.9845439195
KOR,"Korea, Rep.",2016,30832.0628072516
KOR,"Korea, Rep.",2015,30171.7906545222
KOR,"Korea, Rep.",2014,30667.0912467447
KOR,"Korea, Rep.",2013,28449.3591104972
KOR,"Korea, Rep.",2012,26600.5477433903
KOR,"Korea, Rep.",2011,26175.2398553363
KOR,"Korea, Rep.",2010,24071.2620526362
KOR,"Korea, Rep.",2009,19937.3029137734
KOR,"Korea, Rep.",2008,22252.3125108061
KOR,"Korea, Rep.",2007,25078.4853957105
KOR,"Korea, Rep.",2006,22609.7059431449
KOR,"Korea, Rep.",2005,20167.0474902506
KOR,"Korea, Rep.",2004,17121.6301633201
KOR,"Korea, Rep.",2003,15211.5483770422
KOR,"Korea, Rep.",2002,13642.9424537101
KOR,"Korea, Rep.",2001,11981.4828218758
KOR,"Korea, Rep.",2000,12710.2995795579
KOR,"Korea, Rep.",1999,11062.5019301357
KOR,"Korea, Rep.",1998,8583.43557499234
KOR,"Korea, Rep.",1997,12821.6893313675
KOR,"Korea, Rep.",1996,13864.9376534518
KOR,"Korea, Rep.",1995,13001.7205867019
KOR,"Korea, Rep.",1994,10733.9888860657
KOR,"Korea, Rep.",1993,9179.96872485152
KOR,"Korea, Rep.",1992,8387.16308258471
KOR,"Korea, Rep.",1991,7872.65052449111
KOR,"Korea, Rep.",1990,6812.9019416767
KOR,"Korea, Rep.",1989,5989.2109474999
KOR,"Korea, Rep.",1988,4888.68509195605
KOR,"Korea, Rep.",1987,3657.71773432329
KOR,"Korea, Rep.",1986,2910.82908054352
KOR,"Korea, Rep.",1985,2542.88419005153
KOR,"Korea, Rep.",1984,2468.68667303898
KOR,"Korea, Rep.",1983,2245.56009425258
KOR,"Korea, Rep.",1982,2032.25817758667
KOR,"Korea, Rep.",1981,1918.41779613494
KOR,"Korea, Rep.",1980,1745.57662116658
KOR,"Korea, Rep.",1979,1813.9142168105
KOR,"Korea, Rep.",1978,1428.88714989064
KOR,"Korea, Rep.",1977,1072.85188247153
KOR,"Korea, Rep.",1976,847.205737881176
KOR,"Korea, Rep.",1975,627.142244323246
KOR,"Korea, Rep.",1974,572.488691764846
KOR,"Korea, Rep.",1973,412.499262547237
KOR,"Korea, Rep.",1972,328.021411521648
KOR,"Korea, Rep.",1971,304.271118680953
KOR,"Korea, Rep.",1970,281.785631415674
KOR,"Korea, Rep.",1969,245.494385222026
KOR,"Korea, Rep.",1968,199.982134957643
KOR,"Korea, Rep.",1967,162.459907730169
KOR,"Korea, Rep.",1966,134.431383763277
KOR,"Korea, Rep.",1965,109.429276511316
KOR,"Korea, Rep.",1964,124.24136735879
KOR,"Korea, Rep.",1963,147.00790480127
KOR,"Korea, Rep.",1962,106.623915747203
KOR,"Korea, Rep.",1961,94.2045938667769
KOR,"Korea, Rep.",1960,158.844150776359
XKX,Kosovo,2025,7899.41841135202
XKX,Kosovo,2024,7026.6988128325
XKX,Kosovo,2023,6220.33213919344
XKX,Kosovo,2022,5298.1473871027
XKX,Kosovo,2021,5269.69946181439
XKX,Kosovo,2020,4320.58382547288
XKX,Kosovo,2019,4415.6992744623
XKX,Kosovo,2018,4384.18796440547
XKX,Kosovo,2017,4009.32022064732
XKX,Kosovo,2016,3759.44777525332
XKX,Kosovo,2015,3520.62685324451
XKX,Kosovo,2014,3902.49322261901
XKX,Kosovo,2013,3704.55812411167
XKX,Kosovo,2012,3410.65497983011
XKX,Kosovo,2011,3538.94809762524
XKX,Kosovo,2010,2987.54523493128
XKX,Kosovo,2009,2805.94692985371
XKX,Kosovo,2008,2889.14677086951
KWT,Kuwait,2025,32312.3119953634
KWT,Kuwait,2024,32855.7209688827
KWT,Kuwait,2023,34091.9714813002
KWT,Kuwait,2022,39981.7691035833
KWT,Kuwait,2021,34018.6342592913
KWT,Kuwait,2020,25236.0755848941
KWT,Kuwait,2019,31707.8737443551
KWT,Kuwait,2018,32067.9623756889
KWT,Kuwait,2017,29047.6536135703
KWT,Kuwait,2016,27323.6890735517
KWT,Kuwait,2015,29882.2126495698
KWT,Kuwait,2014,44368.7813457751
KWT,Kuwait,2013,49651.0439275077
KWT,Kuwait,2012,52155.2225833921
KWT,Kuwait,2011,49169.6063813095
KWT,Kuwait,2010,39212.252220155
KWT,Kuwait,2009,37907.1001320042
KWT,Kuwait,2008,55585.1889344442
KWT,Kuwait,2007,45709.4132876371
KWT,Kuwait,2006,42946.6374104066
KWT,Kuwait,2005,36122.6142741227
KWT,Kuwait,2004,27552.2827399787
KWT,Kuwait,2003,22690.655175144
KWT,Kuwait,2002,18512.7523035862
KWT,Kuwait,2001,17374.2318664227
KWT,Kuwait,2000,19296.3471698729
KWT,Kuwait,1999,15853.6264423466
KWT,Kuwait,1998,14066.9509572183
KWT,Kuwait,1997,16977.3895620399
KWT,Kuwait,1996,18201.0958607918
KWT,Kuwait,1995,16168.165602374
KWT,Kuwait,1994,14929.7441110335
KWT,Kuwait,1993,14317.7209419057
KWT,Kuwait,1992,12146.19505586
KWT,Kuwait,1991,8147.10807329839
KWT,Kuwait,1990,10937.5415268808
KWT,Kuwait,1989,10964.6929080372
KWT,Kuwait,1988,9692.34754600725
KWT,Kuwait,1987,10895.6500280404
KWT,Kuwait,1986,9076.70885221848
KWT,Kuwait,1985,11321.663553949
KWT,Kuwait,1984,11918.6168925905
KWT,Kuwait,1983,11965.3390511088
KWT,Kuwait,1982,12978.8949980867
KWT,Kuwait,1981,15825.191918191
KWT,Kuwait,1980,19031.9051902
KWT,Kuwait,1979,17385.8942886966
KWT,Kuwait,1978,11567.0653748784
KWT,Kuwait,1977,11237.7967179507
KWT,Kuwait,1976,11141.1981409668
KWT,Kuwait,1975,10881.7216440289
KWT,Kuwait,1974,12526.6031710726
KWT,Kuwait,1973,5532.43234039128
KWT,Kuwait,1972,4835.69104574325
KWT,Kuwait,1971,4485.60842678202
KWT,Kuwait,1970,3551.58710706336
KWT,Kuwait,1969,3694.96497750415
KWT,Kuwait,1968,3871.94559219275
KWT,Kuwait,1967,3887.34562038245
KWT,Kuwait,1966,4176.11038180964
KWT,Kuwait,1965,4023.99037772478
KWT,Kuwait,1964,4378.78429775998
KWT,Kuwait,1963,4444.5230858112
KWT,Kuwait,1962,4748.39284354226
KGZ,Kyrgyz Republic,2025,3080.96893823359
KGZ,Kyrgyz Republic,2024,2514.81066933171
KGZ,Kyrgyz Republic,2023,2138.22210211478
KGZ,Kyrgyz Republic,2022,1739.72018344174
KGZ,Kyrgyz Republic,2021,1349.99730650542
KGZ,Kyrgyz Republic,2020,1229.51766602907
KGZ,Kyrgyz Republic,2019,1421.99927504102
KGZ,Kyrgyz Republic,2018,1283.5203037417
KGZ,Kyrgyz Republic,2017,1221.39046807082
KGZ,Kyrgyz Republic,2016,1103.27489428412
KGZ,Kyrgyz Republic,2015,1105.65193844261
KGZ,Kyrgyz Republic,2014,1264.52668823891
KGZ,Kyrgyz Republic,2013,1269.66303464348
KGZ,Kyrgyz Republic,2012,1168.62244675446
KGZ,Kyrgyz Republic,2011,1117.40174350185
KGZ,Kyrgyz Republic,2010,876.954476440354
KGZ,Kyrgyz Republic,2009,870.198894546917
KGZ,Kyrgyz Republic,2008,966.388569370494
KGZ,Kyrgyz Republic,2007,721.771577544361
KGZ,Kyrgyz Republic,2006,543.113512472219
KGZ,Kyrgyz Republic,2005,476.548193640077
KGZ,Kyrgyz Republic,2004,433.233873286
KGZ,Kyrgyz Republic,2003,380.505828812441
KGZ,Kyrgyz Republic,2002,321.726775366804
KGZ,Kyrgyz Republic,2001,308.41129550148
KGZ,Kyrgyz Republic,2000,279.621738464365
KGZ,Kyrgyz Republic,1999,258.048055936976
KGZ,Kyrgyz Republic,1998,345.137046084246
KGZ,Kyrgyz Republic,1997,376.427930059811
KGZ,Kyrgyz Republic,1996,394.856879614212
KGZ,Kyrgyz Republic,1995,364.250365258345
KGZ,Kyrgyz Republic,1994,372.481759948941
KGZ,Kyrgyz Republic,1993,448.554190878232
KGZ,Kyrgyz Republic,1992,512.766741120388
KGZ,Kyrgyz Republic,1991,569.548584035047
KGZ,Kyrgyz Republic,1990,605.798144966488
LAO,Lao PDR,2025,2324.76353098791
LAO,Lao PDR,2024,2123.97909415109
LAO,Lao PDR,2023,2066.94979776957
LAO,Lao PDR,2022,2046.40440255621
LAO,Lao PDR,2021,2526.05105018529
LAO,Lao PDR,2020,2583.77730696131
LAO,Lao PDR,2019,2589.32081035237
LAO,Lao PDR,2018,2545.1075420815
LAO,Lao PDR,2017,2432.43059478511
LAO,Lao PDR,2016,2303.22156035363
LAO,Lao PDR,2015,2121.01339097363
LAO,Lao PDR,2014,1981.03910900473
LAO,Lao PDR,2013,1812.51774424651
LAO,Lao PDR,2012,1563.5650771337
LAO,Lao PDR,2011,1361.54704394913
LAO,Lao PDR,2010,1125.91610151261
LAO,Lao PDR,2009,935.03237283283
LAO,Lao PDR,2008,885.747376088762
LAO,Lao PDR,2007,697.323013673925
LAO,Lao PDR,2006,579.391947440719
LAO,Lao PDR,2005,466.061506997741
LAO,Lao PDR,2004,409.296298284117
LAO,Lao PDR,2003,355.097216151461
LAO,Lao PDR,2002,313.350817148131
LAO,Lao PDR,2001,320.316005439568
LAO,Lao PDR,2000,318.749852236965
LAO,Lao PDR,1999,272.325307005412
LAO,Lao PDR,1998,243.923962451418
LAO,Lao PDR,1997,339.09319241187
LAO,Lao PDR,1996,371.341879197673
LAO,Lao PDR,1995,357.758162193406
LAO,Lao PDR,1994,320.968128951646
LAO,Lao PDR,1993,283.400573286349
LAO,Lao PDR,1992,247.345286150532
LAO,Lao PDR,1991,231.806227548139
LAO,Lao PDR,1990,200.7349054896
LAO,Lao PDR,1989,170.377296803511
LAO,Lao PDR,1988,147.070942942331
LAO,Lao PDR,1987,274.729585339944
LAO,Lao PDR,1986,461.911552367003
LAO,Lao PDR,1985,632.801098281291
LAO,Lao PDR,1984,483.017781668524
LVA,Latvia,2025,26311.9730706362
LVA,Latvia,2024,23578.9663562625
LVA,Latvia,2023,22710.2637544197
LVA,Latvia,2022,20221.103686109
LVA,Latvia,2021,20261.8887788916
LVA,Latvia,2020,17564.2321549354
LVA,Latvia,2019,17294.9751600969
LVA,Latvia,2018,17252.1710428626
LVA,Latvia,2017,15132.4958333982
LVA,Latvia,2016,13838.5266823272
LVA,Latvia,2015,13321.9753140616
LVA,Latvia,2014,15185.814581236
LVA,Latvia,2013,14484.4715282132
LVA,Latvia,2012,13329.3499931271
LVA,Latvia,2011,12902.574053337
LVA,Latvia,2010,11188.4191700977
LVA,Latvia,2009,11996.0322729773
LVA,Latvia,2008,15677.6080864506
LVA,Latvia,2007,13370.9789452508
LVA,Latvia,2006,9211.7374468148
LVA,Latvia,2005,7283.78738127622
LVA,Latvia,2004,6109.73265186817
LVA,Latvia,2003,4914.57992829302
LVA,Latvia,2002,4003.60935783538
LVA,Latvia,2001,3504.61829462397
LVA,Latvia,2000,3278.17896440803
LVA,Latvia,1999,3063.89794599707
LVA,Latvia,1998,2893.79998716563
LVA,Latvia,1997,2609.89308697195
LVA,Latvia,1996,2360.1714816213
LVA,Latvia,1995,2256.77360387054
LBN,Lebanon,2024,4473.27134441128
LBN,Lebanon,2023,3477.72489842684
LBN,Lebanon,2022,3654.35845534878
LBN,Lebanon,2021,4045.37391066234
LBN,Lebanon,2020,5561.19166950397
LBN,Lebanon,2019,8905.88005497437
LBN,Lebanon,2018,9174.53666204759
LBN,Lebanon,2017,8608.21084982387
LBN,Lebanon,2016,8089.012088155
LBN,Lebanon,2015,7714.1099998804
LBN,Lebanon,2014,7577.6413302369
LBN,Lebanon,2013,8162.37929361396
LBN,Lebanon,2012,8406.98405608118
LBN,Lebanon,2011,7834.96257108993
LBN,Lebanon,2010,7625.81051551165
LBN,Lebanon,2009,7090.85493856621
LBN,Lebanon,2008,5912.04532820842
LBN,Lebanon,2007,5125.25809960149
LBN,Lebanon,2006,4635.2514117486
LBN,Lebanon,2005,4602.19804637945
LBN,Lebanon,2004,4600.68371412993
LBN,Lebanon,2003,4437.71588507526
LBN,Lebanon,2002,4290.85283803266
LBN,Lebanon,2001,4009.55929751102
LBN,Lebanon,2000,3986.83513941026
LBN,Lebanon,1999,4086.93872789633
LBN,Lebanon,1998,4124.85527892575
LBN,Lebanon,1997,3834.0590787531
LBN,Lebanon,1996,3393.05090749359
LBN,Lebanon,1995,2958.74263957462
LBN,Lebanon,1994,2467.76942720577
LBN,Lebanon,1993,2078.63864215562
LBN,Lebanon,1992,1559.38100628446
LBN,Lebanon,1991,1278.42125745633
LBN,Lebanon,1990,789.526338484738
LBN,Lebanon,1989,771.001121245521
LBN,Lebanon,1988,959.153901867443
LSO,Lesotho,2025,1088.96276223185
LSO,Lesotho,2024,1023.04227681523
LSO,Lesotho,2023,921.435141557056
LSO,Lesotho,2022,1030.12582947757
LSO,Lesotho,2021,1066.58645143823
LSO,Lesotho,2020,918.582574704447
LSO,Lesotho,2019,1082.05706777516
LSO,Lesotho,2018,1170.65569702819
LSO,Lesotho,2017,1069.36673247542
LSO,Lesotho,2016,992.491840678465
LSO,Lesotho,2015,1121.19851342518
LSO,Lesotho,2014,1173.5377928819
LSO,Lesotho,2013,1151.03735837227
LSO,Lesotho,2012,1217.93071228944
LSO,Lesotho,2011,1280.73390931581
LSO,Lesotho,2010,1119.47557793042
LSO,Lesotho,2009,878.847950537772
LSO,Lesotho,2008,898.482517882593
LSO,Lesotho,2007,861.188420899563
LSO,Lesotho,2006,925.467485502842
LSO,Lesotho,2005,861.381496414995
LSO,Lesotho,2004,766.685820928242
LSO,Lesotho,2003,583.270036200288
LSO,Lesotho,2002,388.92334985135
LSO,Lesotho,2001,412.677473676821
LSO,Lesotho,2000,442.779545779081
LSO,Lesotho,1999,455.650054387377
LSO,Lesotho,1998,464.683745548265
LSO,Lesotho,1997,501.981388900965
LSO,Lesotho,1996,479.671394625707
LSO,Lesotho,1995,513.413448796175
LSO,Lesotho,1994,455.593586203956
LSO,Lesotho,1993,439.365410681482
LSO,Lesotho,1992,443.624297195576
LSO,Lesotho,1991,382.291247739142
LSO,Lesotho,1990,329.563785157203
LSO,Lesotho,1989,279.035252539421
LSO,Lesotho,1988,270.36712009929
LSO,Lesotho,1987,236.451032636079
LSO,Lesotho,1986,191.375758184053
LSO,Lesotho,1985,165.373921882027
LSO,Lesotho,1984,210.998495414288
LSO,Lesotho,1983,252.017748063376
LSO,Lesotho,1982,233.939892397725
LSO,Lesotho,1981,299.839326847018
LSO,Lesotho,1980,306.815565970065
LSO,Lesotho,1979,212.370938385373
LSO,Lesotho,1978,200.845413521682
LSO,Lesotho,1977,149.860460251124
LSO,Lesotho,1976,117.825077692245
LSO,Lesotho,1975,123.231375218727
LSO,Lesotho,1974,128.666618214693
LSO,Lesotho,1973,106.991292251913
LSO,Lesotho,1972,73.9566189783241
LSO,Lesotho,1971,72.4076446248424
LSO,Lesotho,1970,67.4401975761263
LSO,Lesotho,1969,67.0950360280091
LSO,Lesotho,1968,64.809251529746
LSO,Lesotho,1967,64.8393253862871
LSO,Lesotho,1966,64.2951651830872
LSO,Lesotho,1965,64.255497720391
LSO,Lesotho,1964,62.6207647163176
LSO,Lesotho,1963,58.4076957931387
LSO,Lesotho,1962,53.5421254364935
LSO,Lesotho,1961,47.0464636332084
LSO,Lesotho,1960,46.9517802688466
LBR,Liberia,2025,915.328972645548
LBR,Liberia,2024,851.497723870206
LBR,Liberia,2023,799.194470229642
LBR,Liberia,2022,744.617175237387
LBR,Liberia,2021,667.96610514319
LBR,Liberia,2020,616.787867006715
LBR,Liberia,2019,658.164180770507
LBR,Liberia,2018,692.203127129794
LBR,Liberia,2017,699.269095727404
LBR,Liberia,2016,714.613063145659
LBR,Liberia,2015,692.590082351257
LBR,Liberia,2014,706.714490064507
LBR,Liberia,2013,710.744570927863
LBR,Liberia,2012,638.368751462083
LBR,Liberia,2011,568.087865520004
LBR,Liberia,2010,492.252808033724
LBR,Liberia,2009,448.386367025545
LBR,Liberia,2008,451.713856283285
LBR,Liberia,2007,374.211308104278
LBR,Liberia,2006,320.55808618515
LBR,Liberia,2005,287.487333441381
LBR,Liberia,2004,284.140223992458
LBR,Liberia,2003,239.779556677091
LBR,Liberia,2002,299.536445539621
LBR,Liberia,2001,300.463828598983
LBR,Liberia,2000,298.485340578945
LBR,Liberia,1999,156.573166945696
LBR,Liberia,1998,134.675393352518
LBR,Liberia,1997,122.627993745516
LBR,Liberia,1996,71.4065248720036
LBR,Liberia,1995,62.1438140627579
LBR,Liberia,1994,61.490431307467
LBR,Liberia,1993,74.4272028642409
LBR,Liberia,1992,107.842801384441
LBR,Liberia,1991,177.867006590279
LBR,Liberia,1990,172.867610123278
LBR,Liberia,1989,312.289255390892
LBR,Liberia,1988,424.325719336919
LBR,Liberia,1987,409.215940071402
LBR,Liberia,1986,364.288669189794
LBR,Liberia,1985,379.951475961811
LBR,Liberia,1984,390.407957992226
LBR,Liberia,1983,390.759726697144
LBR,Liberia,1982,422.446142509338
LBR,Liberia,1981,426.054939761947
LBR,Liberia,1980,443.027171656595
LBR,Liberia,1979,434.69976445937
LBR,Liberia,1978,394.468078319392
LBR,Liberia,1977,381.089104930355
LBR,Liberia,1976,347.498456664298
LBR,Liberia,1975,345.648935641772
LBR,Liberia,1974,299.413660673331
LBR,Liberia,1973,244.361727924182
LBR,Liberia,1972,238.610979665126
LBR,Liberia,1971,227.078201448463
LBR,Liberia,1970,220.293848130057
LBR,Liberia,1969,214.717911590964
LBR,Liberia,1968,198.647104834485
LBR,Liberia,1967,192.150746999304
LBR,Liberia,1966,184.583689159405
LBR,Liberia,1965,177.562432424897
LBR,Liberia,1964,173.926490274043
LBR,Liberia,1963,163.131266223133
LBR,Liberia,1962,160.280325035358
LBR,Liberia,1961,157.504686495101
LBR,Liberia,1960,167.171498224694
LBY,Libya,2025,6448.82415074121
LBY,Libya,2024,6569.16408678648
LBY,Libya,2023,6026.51518708812
LBY,Libya,2022,5986.63694851258
LBY,Libya,2021,4935.82787349801
LBY,Libya,2020,6650.33810585348
LBY,Libya,2019,9963.19489084483
LBY,Libya,2018,11196.5854810844
LBY,Libya,2017,9965.83236729757
LBY,Libya,2016,7525.80299308216
LBY,Libya,2015,7458.48917756374
LBY,Libya,2014,8926.42074591474
LBY,Libya,2013,11951.7134126011
LBY,Libya,2012,14975.8902795144
LBY,Libya,2011,7593.8391525702
LBY,Libya,2010,11600.9068649472
LBY,Libya,2009,9551.05403869755
LBY,Libya,2008,13906.1407818125
LBY,Libya,2007,11144.9448413435
LBY,Libya,2006,10048.8480434289
LBY,Libya,2005,8079.24957329001
LBY,Libya,2004,5773.76333234281
LBY,Libya,2003,4674.09943200321
LBY,Libya,2002,3718.29434696755
LBY,Libya,2001,6312.80030498965
LBY,Libya,2000,7214.10040377084
LBY,Libya,1999,6894.51875534758
LBY,Libya,1998,5301.08354775559
LBY,Libya,1997,6061.81366033598
LBY,Libya,1996,5591.02027544558
LBY,Libya,1995,5205.25706378741
LBY,Libya,1994,5933.29121354077
LBY,Libya,1993,6477.87035840641
LBY,Libya,1992,7302.68908679226
LBY,Libya,1991,7039.83391970596
LBY,Libya,1990,6502.27886565421
LBY,Libya,1989,5792.5791631313
LBY,Libya,1988,5736.28243992278
LBY,Libya,1987,6464.7328401846
LBY,Libya,1986,6018.91345215523
LBY,Libya,1985,8087.36306792904
LBY,Libya,1984,7811.06937340039
LBY,Libya,1983,8927.36442785362
LBY,Libya,1982,9063.69851267735
LBY,Libya,1981,10044.0410042727
LBY,Libya,1980,11959.5222690783
LBY,Libya,1979,9442.75933267842
LBY,Libya,1978,7251.83754156259
LBY,Libya,1977,7783.46009141417
LBY,Libya,1976,7017.74340734557
LBY,Libya,1975,5720.62691135285
LBY,Libya,1974,6213.50027490617
LBY,Libya,1973,3727.38549878198
LBY,Libya,1972,2829.80145194559
LBY,Libya,1971,2442.58280826718
LBY,Libya,1970,2209.5811758058
LBY,Libya,1969,2174.95045716041
LBY,Libya,1968,1971.86632548697
LBY,Libya,1967,1436.61803256942
LBY,Libya,1966,1250.60018821673
LBY,Libya,1965,1000.53474079103
LBY,Libya,1964,764.898389420845
LBY,Libya,1963,527.861939504427
LBY,Libya,1962,382.084505727445
LBY,Libya,1961,285.341580882777
LBY,Libya,1960,269.038073094669
LIE,Liechtenstein,2024,220167.225473557
LIE,Liechtenstein,2023,206780.590353385
LIE,Liechtenstein,2022,188055.003235348
LIE,Liechtenstein,2021,201944.830335076
LIE,Liechtenstein,2020,164671.093553454
LIE,Liechtenstein,2019,166907.839305016
LIE,Liechtenstein,2018,174988.775083446
LIE,Liechtenstein,2017,170547.092298954
LIE,Liechtenstein,2016,165375.491396259
LIE,Liechtenstein,2015,167187.15730982
LIE,Liechtenstein,2014,178735.153020908
LIE,Liechtenstein,2013,172823.607794648
LIE,Liechtenstein,2012,148842.035144342
LIE,Liechtenstein,2011,158066.369379163
LIE,Liechtenstein,2010,141089.812849014
LIE,Liechtenstein,2009,126024.714567466
LIE,Liechtenstein,2008,143249.227302093
LIE,Liechtenstein,2007,130492.595349517
LIE,Liechtenstein,2006,114167.939211301
LIE,Liechtenstein,2005,105295.057027611
LIE,Liechtenstein,2004,100280.831356705
LIE,Liechtenstein,2003,90108.3673647008
LIE,Liechtenstein,2002,79795.1785891101
LIE,Liechtenstein,2001,75067.8001680043
LIE,Liechtenstein,2000,76087.911114202
LIE,Liechtenstein,1999,82682.284882177
LIE,Liechtenstein,1998,78302.9905905848
LIE,Liechtenstein,1997,73590.8620289713
LIE,Liechtenstein,1996,80688.7182490376
LIE,Liechtenstein,1995,78909.7043377718
LIE,Liechtenstein,1994,63935.9902445462
LIE,Liechtenstein,1993,55604.5479972049
LIE,Liechtenstein,1992,55057.1110625654
LIE,Liechtenstein,1991,50811.7464531317
LIE,Liechtenstein,1990,49457.5609343203
LIE,Liechtenstein,1989,39551.6404002324
LIE,Liechtenstein,1988,41568.5441182755
LIE,Liechtenstein,1987,38206.2269467289
LIE,Liechtenstein,1986,28612.8865004795
LIE,Liechtenstein,1985,19684.2626852288
LIE,Liechtenstein,1984,18898.3678693391
LIE,Liechtenstein,1983,19814.8538489961
LIE,Liechtenstein,1982,19885.6126562976
LIE,Liechtenstein,1981,19929.4102802351
LIE,Liechtenstein,1980,20958.7395302666
LIE,Liechtenstein,1979,19674.4126839447
LIE,Liechtenstein,1978,17456.9309487089
LIE,Liechtenstein,1977,12416.8693020523
LIE,Liechtenstein,1976,11326.3488431219
LIE,Liechtenstein,1975,10332.5128681378
LIE,Liechtenstein,1974,8271.73531542796
LIE,Liechtenstein,1973,7282.37355960148
LIE,Liechtenstein,1972,5645.23266418851
LIE,Liechtenstein,1971,4856.0090432336
LIE,Liechtenstein,1970,4262.03220640334
LTU,Lithuania,2025,32958.6706396386
LTU,Lithuania,2024,29603.7772588256
LTU,Lithuania,2023,27983.3658256887
LTU,Lithuania,2022,24946.5724005188
LTU,Lithuania,2021,23882.8668916753
LTU,Lithuania,2020,20428.6478157394
LTU,Lithuania,2019,19608.7943945553
LTU,Lithuania,2018,19247.2315367967
LTU,Lithuania,2017,16800.1510246099
LTU,Lithuania,2016,14934.2702840428
LTU,Lithuania,2015,14269.8039878287
LTU,Lithuania,2014,16446.1647181663
LTU,Lithuania,2013,15636.5252586048
LTU,Lithuania,2012,14288.1853493139
LTU,Lithuania,2011,14261.8433787325
LTU,Lithuania,2010,11829.122609457
LTU,Lithuania,2009,11854.3711053096
LTU,Lithuania,2008,14955.5345462921
LTU,Lithuania,2007,12295.1212779366
LTU,Lithuania,2006,9210.10118229413
LTU,Lithuania,2005,7857.03148786492
LTU,Lithuania,2004,6734.57487061946
LTU,Lithuania,2003,5507.47434187652
LTU,Lithuania,2002,4148.13091485015
LTU,Lithuania,2001,3532.52787363242
LTU,Lithuania,2000,3300.63634928559
LTU,Lithuania,1999,3127.51176667183
LTU,Lithuania,1998,3180.64498555255
LTU,Lithuania,1997,2844.16286797492
LTU,Lithuania,1996,2340.67545970008
LTU,Lithuania,1995,2182.69156931505
LUX,Luxembourg,2025,147252.179121515
LUX,Luxembourg,2024,137781.681659123
LUX,Luxembourg,2023,133230.619178899
LUX,Luxembourg,2022,123719.658915996
LUX,Luxembourg,2021,134965.815442152
LUX,Luxembourg,2020,116860.02817236
LUX,Luxembourg,2019,112696.649059674
LUX,Luxembourg,2018,116926.759593905
LUX,Luxembourg,2017,110193.213797228
LUX,Luxembourg,2016,106899.293549552
LUX,Luxembourg,2015,105462.012584423
LUX,Luxembourg,2014,123678.706919314
LUX,Luxembourg,2013,120000.140729859
LUX,Luxembourg,2012,112584.676270958
LUX,Luxembourg,2011,119025.057203467
LUX,Luxembourg,2010,110885.991378721
LUX,Luxembourg,2009,109419.746953106
LUX,Luxembourg,2008,120422.137934157
LUX,Luxembourg,2007,107475.320297978
LUX,Luxembourg,2006,90788.8164271049
LUX,Luxembourg,2005,80988.2044869403
LUX,Luxembourg,2004,76544.9170868473
LUX,Luxembourg,2003,65689.3214536911
LUX,Luxembourg,2002,53005.731801629
LUX,Luxembourg,2001,48440.1805564662
LUX,Luxembourg,2000,48659.6390968187
LUX,Luxembourg,1999,50872.4492684624
LUX,Luxembourg,1998,47445.3863148198
LUX,Luxembourg,1997,46641.6408754876
LUX,Luxembourg,1996,50444.3591236175
LUX,Luxembourg,1995,51032.349635318
LUX,Luxembourg,1994,43933.235442736
LUX,Luxembourg,1993,40066.7242518773
LUX,Luxembourg,1992,39570.8615665986
LUX,Luxembourg,1991,35747.3377992066
LUX,Luxembourg,1990,33465.478207919
LUX,Luxembourg,1989,26618.0695774968
LUX,Luxembourg,1988,25219.3542781732
LUX,Luxembourg,1987,22443.4314633012
LUX,Luxembourg,1986,18149.8692500239
LUX,Luxembourg,1985,12481.9658448559
LUX,Luxembourg,1984,12126.9391987909
LUX,Luxembourg,1983,12374.0304234408
LUX,Luxembourg,1982,12590.9767956204
LUX,Luxembourg,1981,13837.1299814617
LUX,Luxembourg,1980,16531.1148988397
LUX,Luxembourg,1979,15204.3308191994
LUX,Luxembourg,1978,13034.3882079614
LUX,Luxembourg,1977,10486.3357891095
LUX,Luxembourg,1976,9490.6903118849
LUX,Luxembourg,1975,8701.30473139249
LUX,Luxembourg,1974,8966.72895879047
LUX,Luxembourg,1973,7447.21301786664
LUX,Luxembourg,1972,5486.72062789089
LUX,Luxembourg,1971,4435.39800823681
LUX,Luxembourg,1970,4298.03389742102
LUX,Luxembourg,1969,3690.17182620062
LUX,Luxembourg,1968,3202.50594852825
LUX,Luxembourg,1967,2934.52832111007
LUX,Luxembourg,1966,2925.22204723477
LUX,Luxembourg,1965,2803.85304611765
LUX,Luxembourg,1964,2779.18439746326
LUX,Luxembourg,1963,2461.90112384487
LUX,Luxembourg,1962,2331.55685801925
LUX,Luxembourg,1961,2241.36003221423
LUX,Luxembourg,1960,2261.17741836594
MAC,"Macao SAR, China",2025,75901.7461294198
MAC,"Macao SAR, China",2024,72004.7437020733
MAC,"Macao SAR, China",2023,67216.3631112124
MAC,"Macao SAR, China",2022,36806.891255461
MAC,"Macao SAR, China",2021,44884.8961602393
MAC,"Macao SAR, China",2020,36883.6652578543
MAC,"Macao SAR, China",2019,81882.6964523869
MAC,"Macao SAR, China",2018,83588.2875009014
MAC,"Macao SAR, China",2017,77570.9876166977
MAC,"Macao SAR, China",2016,68911.6755919628
MAC,"Macao SAR, China",2015,69902.9605741233
MAC,"Macao SAR, China",2014,88355.3181764446
MAC,"Macao SAR, China",2013,87107.8313063626
MAC,"Macao SAR, China",2012,76058.0224963659
MAC,"Macao SAR, China",2011,67046.7284292101
MAC,"Macao SAR, China",2010,52596.2250160214
MAC,"Macao SAR, China",2009,40354.2810293673
MAC,"Macao SAR, China",2008,38888.5118044503
MAC,"Macao SAR, China",2007,35400.2334659409
MAC,"Macao SAR, China",2006,29813.7877167933
MAC,"Macao SAR, China",2005,25681.2167315221
MAC,"Macao SAR, China",2004,23407.1993692194
MAC,"Macao SAR, China",2003,18589.8998330534
MAC,"Macao SAR, China",2002,16814.9926424134
MAC,"Macao SAR, China",2001,15810.7227666562
MAC,"Macao SAR, China",2000,15731.4081633771
MAC,"Macao SAR, China",1999,15318.6006770368
MAC,"Macao SAR, China",1998,16094.9913844594
MAC,"Macao SAR, China",1997,17415.6982810978
MAC,"Macao SAR, China",1996,17289.5517956917
MAC,"Macao SAR, China",1995,17215.1178522275
MAC,"Macao SAR, China",1994,15905.2615421482
MAC,"Macao SAR, China",1993,14754.1825906333
MAC,"Macao SAR, China",1992,13249.8387410349
MAC,"Macao SAR, China",1991,10707.3786750774
MAC,"Macao SAR, China",1990,9692.43538809962
MAC,"Macao SAR, China",1989,8322.56380195863
MAC,"Macao SAR, China",1988,7242.91715984991
MAC,"Macao SAR, China",1987,6380.07114016362
MAC,"Macao SAR, China",1986,5175.15646068506
MAC,"Macao SAR, China",1985,4701.66434223387
MAC,"Macao SAR, China",1984,4611.49497355573
MAC,"Macao SAR, China",1983,4207.25300817099
MAC,"Macao SAR, China",1982,4486.541208636
MDG,Madagascar,2025,599.265294255357
MDG,Madagascar,2024,550.37875528856
MDG,Madagascar,2023,514.064076551927
MDG,Madagascar,2022,504.059106969168
MDG,Madagascar,2021,483.469463351195
MDG,Madagascar,2020,450.771615205157
MDG,Madagascar,2019,499.818837622534
MDG,Madagascar,2018,500.45718552916
MDG,Madagascar,2017,491.866848718929
MDG,Madagascar,2016,453.970714522463
MDG,Madagascar,2015,445.320069480568
MDG,Madagascar,2014,505.684922503435
MDG,Madagascar,2013,515.301589361832
MDG,Madagascar,2012,493.511162904211
MDG,Madagascar,2011,506.163691559309
MDG,Madagascar,2010,450.009391645726
MDG,Madagascar,2009,446.315238370592
MDG,Madagascar,2008,512.579800058444
MDG,Madagascar,2007,419.548001431865
MDG,Madagascar,2006,324.146874882604
MDG,Madagascar,2005,305.812074924388
MDG,Madagascar,2004,272.20074858856
MDG,Madagascar,2003,352.620095849925
MDG,Madagascar,2002,304.941777398445
MDG,Madagascar,2001,319.283278235657
MDG,Madagascar,2000,280.282905559649
MDG,Madagascar,1999,267.360530991414
MDG,Madagascar,1998,284.192923139852
MDG,Madagascar,1997,284.371843967244
MDG,Madagascar,1996,339.877283663608
MDG,Madagascar,1995,273.149653945976
MDG,Madagascar,1994,258.723806434505
MDG,Madagascar,1993,307.887603096441
MDG,Madagascar,1992,290.2120463948
MDG,Madagascar,1991,262.024402380479
MDG,Madagascar,1990,326.099253221978
MDG,Madagascar,1989,271.306183276982
MDG,Madagascar,1988,280.528398357653
MDG,Madagascar,1987,290.831531079348
MDG,Madagascar,1986,404.959271422966
MDG,Madagascar,1985,364.469101913106
MDG,Madagascar,1984,385.408181010621
MDG,Madagascar,1983,476.118671340584
MDG,Madagascar,1982,500.642606965445
MDG,Madagascar,1981,512.913929983213
MDG,Madagascar,1980,577.592700958515
MDG,Madagascar,1979,396.398711932997
MDG,Madagascar,1978,314.983241249429
MDG,Madagascar,1977,286.89632096228
MDG,Madagascar,1976,273.522678185535
MDG,Madagascar,1975,294.992905767807
MDG,Madagascar,1974,255.336638120604
MDG,Madagascar,1973,226.818255725382
MDG,Madagascar,1972,189.640262028465
MDG,Madagascar,1971,174.629594145065
MDG,Madagascar,1970,166.645544206518
MDG,Madagascar,1969,162.904752589963
MDG,Madagascar,1968,163.588485295319
MDG,Madagascar,1967,155.860688364854
MDG,Madagascar,1966,150.690080692721
MDG,Madagascar,1965,143.245722030305
MDG,Madagascar,1964,141.534669132002
MDG,Madagascar,1963,137.433563533649
MDG,Madagascar,1962,137.308007316434
MDG,Madagascar,1961,133.271232882825
MDG,Madagascar,1960,131.69201832961
MWI,Malawi,2025,671.506847203876
MWI,Malawi,2024,522.365366146003
MWI,Malawi,2023,633.214767978695
MWI,Malawi,2022,604.269740360317
MWI,Malawi,2021,617.446994451007
MWI,Malawi,2020,602.507478176106
MWI,Malawi,2019,580.889139762475
MWI,Malawi,2018,533.202567189331
MWI,Malawi,2017,495.769683367165
MWI,Malawi,2016,450.506105510719
MWI,Malawi,2015,539.605363240686
MWI,Malawi,2014,529.5133440206
MWI,Malawi,2013,496.947368267313
MWI,Malawi,2012,558.46208832772
MWI,Malawi,2011,763.061000394572
MWI,Malawi,2010,683.124694716799
MWI,Malawi,2009,625.869729869625
MWI,Malawi,2008,554.048820396119
MWI,Malawi,2007,475.180261659331
MWI,Malawi,2006,440.822149023873
MWI,Malawi,2005,414.361121984475
MWI,Malawi,2004,404.674248445428
MWI,Malawi,2003,383.348596852642
MWI,Malawi,2002,428.210439838398
MWI,Malawi,2001,215.474524898357
MWI,Malawi,2000,224.22415918428
MWI,Malawi,1999,233.935986197873
MWI,Malawi,1998,236.045479450504
MWI,Malawi,1997,366.954461274104
MWI,Malawi,1996,320.662735559137
MWI,Malawi,1995,200.362370007247
MWI,Malawi,1994,169.196526919639
MWI,Malawi,1993,293.016883079922
MWI,Malawi,1992,258.393430877557
MWI,Malawi,1991,325.75273105931
MWI,Malawi,1990,286.730598968269
MWI,Malawi,1989,252.19590741943
MWI,Malawi,1988,229.421843922728
MWI,Malawi,1987,207.605894737179
MWI,Malawi,1986,217.8701899466
MWI,Malawi,1985,216.054136140391
MWI,Malawi,1984,239.74828969103
MWI,Malawi,1983,252.442074600122
MWI,Malawi,1982,253.342697905133
MWI,Malawi,1981,276.407062724717
MWI,Malawi,1980,287.470822426729
MYS,Malaysia,2025,13124.5554178269
MYS,Malaysia,2024,11874.4273684245
MYS,Malaysia,2023,11386.0395636528
MYS,Malaysia,2022,11754.5678336248
MYS,Malaysia,2021,10903.1037480772
MYS,Malaysia,2020,9957.52626697613
MYS,Malaysia,2019,10920.191763972
MYS,Malaysia,2018,10901.8019954421
MYS,Malaysia,2017,9862.54806612235
MYS,Malaysia,2016,9476.53409809923
MYS,Malaysia,2015,9648.6797937523
MYS,Malaysia,2014,11013.3107334403
MYS,Malaysia,2013,10713.6407638899
MYS,Malaysia,2012,10600.5744240026
MYS,Malaysia,2011,10217.1068585031
MYS,Malaysia,2010,8899.34505544675
MYS,Malaysia,2009,7191.43287234626
MYS,Malaysia,2008,8371.82156086005
MYS,Malaysia,2007,7168.93031942508
MYS,Malaysia,2006,6158.40785533236
MYS,Malaysia,2005,5555.58179951206
MYS,Malaysia,2004,4939.24851854427
MYS,Malaysia,2003,4465.32194567208
MYS,Malaysia,2002,4184.03163773539
MYS,Malaysia,2001,3943.79943910239
MYS,Malaysia,2000,4083.52874483605
MYS,Malaysia,1999,3527.81581379249
MYS,Malaysia,1998,3294.30978444095
MYS,Malaysia,1997,4678.56390058182
MYS,Malaysia,1996,4837.16897250768
MYS,Malaysia,1995,4363.14458333034
MYS,Malaysia,1994,3757.65292858601
MYS,Malaysia,1993,3461.99504214189
MYS,Malaysia,1992,3141.43321987651
MYS,Malaysia,1991,2679.20101106745
MYS,Malaysia,1990,2468.69080320116
MYS,Malaysia,1989,2243.60219599914
MYS,Malaysia,1988,2099.95467656701
MYS,Malaysia,1987,1977.1290866202
MYS,Malaysia,1986,1759.73185736702
MYS,Malaysia,1985,2045.57471772113
MYS,Malaysia,1984,2299.80870816235
MYS,Malaysia,1983,2124.29229106221
MYS,Malaysia,1982,1937.74922725899
MYS,Malaysia,1981,1866.10246831744
MYS,Malaysia,1980,1886.12339323875
MYS,Malaysia,1979,1679.87779419937
MYS,Malaysia,1978,1326.88769798353
MYS,Malaysia,1977,1091.70837095855
MYS,Malaysia,1976,940.437734141673
MYS,Malaysia,1975,810.570999701272
MYS,Malaysia,1974,847.806802570239
MYS,Malaysia,1973,700.728626010603
MYS,Malaysia,1972,472.363509449959
MYS,Malaysia,1971,407.19672797331
MYS,Malaysia,1970,379.626764270849
MYS,Malaysia,1969,368.385655484736
MYS,Malaysia,1968,342.444763417284
MYS,Malaysia,1967,335.425630582949
MYS,Malaysia,1966,338.570121454412
MYS,Malaysia,1965,326.436007443045
MYS,Malaysia,1964,302.933952345239
MYS,Malaysia,1963,291.800006993807
MYS,Malaysia,1962,238.836339180717
MYS,Malaysia,1961,232.943768818315
MYS,Malaysia,1960,240.847414554537
MDV,Maldives,2025,14614.7208116541
MDV,Maldives,2024,13379.3513577224
MDV,Maldives,2023,12587.6126038651
MDV,Maldives,2022,11786.0191492983
MDV,Maldives,2021,10176.143882547
MDV,Maldives,2020,7393.8886543933
MDV,Maldives,2019,11740.2724029785
MDV,Maldives,2018,11423.2838427029
MDV,Maldives,2017,10509.628805812
MDV,Maldives,2016,9947.80744731739
MDV,Maldives,2015,9644.90655028145
MDV,Maldives,2014,8939.07416571472
MDV,Maldives,2013,8236.08177944126
MDV,Maldives,2012,7461.29703686309
MDV,Maldives,2011,7424.520410971
MDV,Maldives,2010,7173.59601844692
MDV,Maldives,2009,6734.03165601895
MDV,Maldives,2008,6757.43280929292
MDV,Maldives,2007,5758.10286933053
MDV,Maldives,2006,5018.94335409159
MDV,Maldives,2005,3796.51546524644
MDV,Maldives,2004,4070.2609459446
MDV,Maldives,2003,3548.5767011056
MDV,Maldives,2002,3076.07007160101
MDV,Maldives,2001,3033.93234507036
MDV,Maldives,2000,2213.81235053178
MDV,Maldives,1999,2124.06007530631
MDV,Maldives,1998,1980.38448396751
MDV,Maldives,1997,1898.43225010526
MDV,Maldives,1996,1716.74281753716
MDV,Maldives,1995,1554.60942754604
MDV,Maldives,1994,1419.39276513408
MDV,Maldives,1993,1316.614548774
MDV,Maldives,1992,1194.2325242813
MDV,Maldives,1991,1054.33413828759
MDV,Maldives,1990,956.763019768672
MDV,Maldives,1989,870.378318180563
MDV,Maldives,1988,799.082501719284
MDV,Maldives,1987,692.459838892363
MDV,Maldives,1986,720.452201133255
MDV,Maldives,1985,668.830135090308
MDV,Maldives,1984,594.488246882652
MDV,Maldives,1983,322.84057899403
MDV,Maldives,1982,274.826568598483
MDV,Maldives,1981,264.147517599287
MDV,Maldives,1980,257.612619643525
MDV,Maldives,1979,240.230509391253
MDV,Maldives,1978,156.053183880423
MDV,Maldives,1977,137.259189834243
MDV,Maldives,1976,151.835059178195
MDV,Maldives,1975,171.425121922398
MDV,Maldives,1974,281.484632436928
MDV,Maldives,1973,228.689027239389
MDV,Maldives,1972,192.238848639394
MDV,Maldives,1971,169.767418561131
MDV,Maldives,1970,156.859236934154
MLI,Mali,2025,1193.27601004701
MLI,Mali,2024,1093.2523323649
MLI,Mali,2023,1042.44223444837
MLI,Mali,2022,976.914116406452
MLI,Mali,2021,1027.27345365357
MLI,Mali,2020,953.242943290974
MLI,Mali,2019,971.949318638092
MLI,Mali,2018,996.379292136901
MLI,Mali,2017,924.057531692284
MLI,Mali,2016,872.468587171653
MLI,Mali,2015,838.11986940103
MLI,Mali,2014,947.915033293219
MLI,Mali,2013,901.920957649814
MLI,Mali,2012,872.506092463946
MLI,Mali,2011,938.292902579598
MLI,Mali,2010,797.151541141189
MLI,Mali,2009,787.48256428259
MLI,Mali,2008,767.194838946144
MLI,Mali,2007,670.853394978069
MLI,Mali,2006,586.985415512593
MLI,Mali,2005,548.730382848879
MLI,Mali,2004,495.006294675661
MLI,Mali,2003,441.910358475171
MLI,Mali,2002,378.191678628068
MLI,Mali,2001,346.224554248587
MLI,Mali,2000,304.652870189314
MLI,Mali,1999,364.415678421892
MLI,Mali,1998,356.64704402466
MLI,Mali,1997,320.751522972854
MLI,Mali,1996,359.662096056414
MLI,Mali,1995,331.193112418678
MLI,Mali,1994,266.455340175594
MLI,Mali,1993,372.412257638931
MLI,Mali,1992,385.278654501558
MLI,Mali,1991,381.993534663018
MLI,Mali,1990,353.903252431339
MLI,Mali,1989,313.871327696511
MLI,Mali,1988,307.019371606958
MLI,Mali,1987,280.723262413678
MLI,Mali,1986,250.013920202755
MLI,Mali,1985,190.377454158271
MLI,Mali,1984,169.067780598011
MLI,Mali,1983,186.276028899026
MLI,Mali,1982,213.773956907607
MLI,Mali,1981,290.478605534961
MLI,Mali,1980,359.12056332085
MLI,Mali,1979,216.320734146311
MLI,Mali,1978,169.123319071279
MLI,Mali,1977,148.052694572807
MLI,Mali,1976,134.927575165475
MLI,Mali,1975,121.497572665422
MLI,Mali,1974,80.2252214087116
MLI,Mali,1973,85.4440876506614
MLI,Mali,1972,75.0521043387011
MLI,Mali,1971,61.966462690907
MLI,Mali,1970,57.3207870762744
MLI,Mali,1969,55.0226859514125
MLI,Mali,1968,56.5137530466331
MLI,Mali,1967,45.9854448702914
MLT,Malta,2025,47906.9000057635
MLT,Malta,2024,44023.6341078148
MLT,Malta,2023,40932.5238774461
MLT,Malta,2022,35658.8318250199
MLT,Malta,2021,38078.0064279067
MLT,Malta,2020,31823.422001724
MLT,Malta,2019,32421.9087471186
MLT,Malta,2018,33382.280781103
MLT,Malta,2017,30317.2611769875
MLT,Malta,2016,26459.0644285369
MLT,Malta,2015,25529.6693210673
MLT,Malta,2014,27424.5693619702
MLT,Malta,2013,25415.5525389054
MLT,Malta,2012,22878.3095862582
MLT,Malta,2011,23516.972445816
MLT,Malta,2010,21946.6073066905
MLT,Malta,2009,21261.5428699817
MLT,Malta,2008,22405.6426266551
MLT,Malta,2007,19444.1743635565
MLT,Malta,2006,16653.6038312389
MLT,Malta,2005,15831.3439802756
MLT,Malta,2004,15212.1312964883
MLT,Malta,2003,13593.9787182902
MLT,Malta,2002,11251.2024877398
MLT,Malta,2001,10357.7026407269
MLT,Malta,2000,10348.485765125
MLT,Malta,1999,10609.1105181418
MLT,Malta,1998,10408.1156430599
MLT,Malta,1997,9893.18885431564
MLT,Malta,1996,10061.8500714248
MLT,Malta,1995,9828.32366424667
MLT,Malta,1994,8000.3453286604
MLT,Malta,1993,7296.35111127489
MLT,Malta,1992,8220.33403924666
MLT,Malta,1991,7558.75921583164
MLT,Malta,1990,7192.38994693962
MLT,Malta,1989,6040.84054229986
MLT,Malta,1988,5814.44775940093
MLT,Malta,1987,5083.80179308013
MLT,Malta,1986,4194.53480236296
MLT,Malta,1985,3322.30879632858
MLT,Malta,1984,3332.82018387922
MLT,Malta,1983,3526.91395139354
MLT,Malta,1982,3787.91647703123
MLT,Malta,1981,3898.36853997864
MLT,Malta,1980,3948.26572689504
MLT,Malta,1979,3195.51431611516
MLT,Malta,1978,2558.73455468428
MLT,Malta,1977,2037.8641908695
MLT,Malta,1976,1726.55944845303
MLT,Malta,1975,1560.10519115107
MLT,Malta,1974,1245.31823028606
MLT,Malta,1973,1143.66679643467
MLT,Malta,1972,975.720378043786
MLT,Malta,1971,874.061727024101
MLT,Malta,1970,828.44472588263
MHL,Marshall Islands,2025,8489.05793506422
MHL,Marshall Islands,2024,7590.28443592202
MHL,Marshall Islands,2023,6799.39217554794
MHL,Marshall Islands,2022,6455.6603538189
MHL,Marshall Islands,2021,6315.31172190393
MHL,Marshall Islands,2020,5661.96787336674
MHL,Marshall Islands,2019,5292.33985502306
MHL,Marshall Islands,2018,4858.12079054875
MHL,Marshall Islands,2017,4592.83457628576
MHL,Marshall Islands,2016,4229.80988911945
MHL,Marshall Islands,2015,3764.34426229508
MHL,Marshall Islands,2014,3735.23977829545
MHL,Marshall Islands,2013,3677.90690791421
MHL,Marshall Islands,2012,3514.26515490383
MHL,Marshall Islands,2011,3319.39815439151
MHL,Marshall Islands,2010,3095.45768964722
MHL,Marshall Islands,2009,2906.63026970914
MHL,Marshall Islands,2008,2817.60522775322
MHL,Marshall Islands,2007,2892.28403958874
MHL,Marshall Islands,2006,2754.26988767503
MHL,Marshall Islands,2005,2658.65217893885
MHL,Marshall Islands,2004,2566.08291015814
MHL,Marshall Islands,2003,2539.3307383954
MHL,Marshall Islands,2002,2566.06708799222
MHL,Marshall Islands,2001,2394.34501105178
MHL,Marshall Islands,2000,2264.79114897645
MHL,Marshall Islands,1999,2257.92000318712
MHL,Marshall Islands,1998,2254.16054870567
MHL,Marshall Islands,1997,2230.75377088451
MHL,Marshall Islands,1996,2272.84469502819
MHL,Marshall Islands,1995,2490.98744457796
MHL,Marshall Islands,1994,2265.0695841717
MHL,Marshall Islands,1993,2112.01240099378
MHL,Marshall Islands,1992,1963.07234629646
MHL,Marshall Islands,1991,1810.63465589888
MHL,Marshall Islands,1990,1758.40820990836
MHL,Marshall Islands,1989,1670.21520671775
MHL,Marshall Islands,1988,1670.28189314997
MHL,Marshall Islands,1987,1542.64230430097
MHL,Marshall Islands,1986,1425.16418062414
MHL,Marshall Islands,1985,1162.01901432695
MHL,Marshall Islands,1984,1244.87094639312
MHL,Marshall Islands,1983,1199.30481744276
MHL,Marshall Islands,1982,1045.54301284547
MHL,Marshall Islands,1981,968.86029296936
MHL,Marshall Islands,1980,867.961688438292
MHL,Marshall Islands,1979,859.013585311722
MHL,Marshall Islands,1978,770.91776875282
MHL,Marshall Islands,1977,724.219486848706
MHL,Marshall Islands,1976,671.834758151068
MHL,Marshall Islands,1975,638.193048864418
MHL,Marshall Islands,1974,601.578589500316
MHL,Marshall Islands,1973,472.208860502014
MHL,Marshall Islands,1972,415.707402467489
MHL,Marshall Islands,1971,390.174184712831
MHL,Marshall Islands,1970,373.212871726587
MRT,Mauritania,2025,2197.51046251309
MRT,Mauritania,2024,2104.54260769051
MRT,Mauritania,2023,2127.9576285973
MRT,Mauritania,2022,1961.28166648869
MRT,Mauritania,2021,1947.47413907209
MRT,Mauritania,2020,1795.72437324423
MRT,Mauritania,2019,1767.072710621
MRT,Mauritania,2018,1723.37809442655
MRT,Mauritania,2017,1617.93401542267
MRT,Mauritania,2016,1568.00551190332
MRT,Mauritania,2015,1558.84205473416
MRT,Mauritania,2014,1718.97089374709
MRT,Mauritania,2013,1936.26950446101
MRT,Mauritania,2012,1859.11733247641
MRT,Mauritania,2011,1931.19975525465
MRT,Mauritania,2010,1659.96369705455
MRT,Mauritania,2009,1435.43010811893
MRT,Mauritania,2008,1635.5630623124
MRT,Mauritania,2007,1405.15016203368
MRT,Mauritania,2006,1300.60367988659
MRT,Mauritania,2005,998.96583416747
MRT,Mauritania,2004,823.554457141893
MRT,Mauritania,2003,732.017820812675
MRT,Mauritania,2002,648.879643934862
MRT,Mauritania,2001,651.817840199777
MRT,Mauritania,2000,680.911061879778
MRT,Mauritania,1999,781.337033563197
MRT,Mauritania,1998,821.266378551937
MRT,Mauritania,1997,859.28395817576
MRT,Mauritania,1996,904.120879798142
MRT,Mauritania,1995,904.719170071042
MRT,Mauritania,1994,864.599478365453
MRT,Mauritania,1993,849.620301696661
MRT,Mauritania,1992,1036.47437808576
MRT,Mauritania,1991,1061.67704285264
MRT,Mauritania,1990,772.033092140219
MRT,Mauritania,1989,762.275580637475
MRT,Mauritania,1988,762.423918016846
MRT,Mauritania,1987,745.787178962507
MRT,Mauritania,1986,677.363323878901
MRT,Mauritania,1985,593.219654421302
MRT,Mauritania,1984,649.681186509673
MRT,Mauritania,1983,725.174522510668
MRT,Mauritania,1982,710.21886884239
MRT,Mauritania,1981,728.796521822095
MRT,Mauritania,1980,710.918952530534
MRT,Mauritania,1979,664.383619042778
MRT,Mauritania,1978,577.742777476832
MRT,Mauritania,1977,590.226698413217
MRT,Mauritania,1976,589.237667658903
MRT,Mauritania,1975,550.66258324178
MRT,Mauritania,1974,494.288408290337
MRT,Mauritania,1973,409.721138785311
MRT,Mauritania,1972,335.23154288786
MRT,Mauritania,1971,295.993927021331
MRT,Mauritania,1970,281.327175871626
MRT,Mauritania,1969,276.598267711858
MRT,Mauritania,1968,300.94152952866
MRT,Mauritania,1967,281.533377446756
MRT,Mauritania,1966,273.604362731912
MRT,Mauritania,1965,269.962165823141
MRT,Mauritania,1964,244.294599697524
MRT,Mauritania,1963,188.249348047987
MRT,Mauritania,1962,188.995146612769
MRT,Mauritania,1961,188.158401597739
MUS,Mauritius,2025,12991.2935987166
MUS,Mauritius,2024,11990.9355434317
MUS,Mauritius,2023,11269.9684462139
MUS,Mauritius,2022,10246.5017455553
MUS,Mauritius,2021,9177.71195973013
MUS,Mauritius,2020,9135.84773751062
MUS,Mauritius,2019,11568.2533399824
MUS,Mauritius,2018,11818.7480619272
MUS,Mauritius,2017,10986.7034093005
MUS,Mauritius,2016,10095.1225574156
MUS,Mauritius,2015,9630.5437837507
MUS,Mauritius,2014,10490.3315563853
MUS,Mauritius,2013,9877.13865958834
MUS,Mauritius,2012,9421.52514098225
MUS,Mauritius,2011,9324.24232310496
MUS,Mauritius,2010,8113.17670740212
MUS,Mauritius,2009,7426.86137313939
MUS,Mauritius,2008,8140.47983639243
MUS,Mauritius,2007,6677.37538616398
MUS,Mauritius,2006,5784.22491883026
MUS,Mauritius,2005,5354.02974260642
MUS,Mauritius,2004,5460.60800184198
MUS,Mauritius,2003,4858.26575549747
MUS,Mauritius,2002,4073.06053055903
MUS,Mauritius,2001,3908.55694927435
MUS,Mauritius,2000,3981.98343249582
MUS,Mauritius,1999,3745.69625069831
MUS,Mauritius,1998,3641.62142564086
MUS,Mauritius,1997,3695.73668844327
MUS,Mauritius,1996,3951.94494649336
MUS,Mauritius,1995,3648.01649622256
MUS,Mauritius,1994,3240.38624662702
MUS,Mauritius,1993,3013.83313790492
MUS,Mauritius,1992,3013.23706337167
MUS,Mauritius,1991,2705.26648158805
MUS,Mauritius,1990,2539.92846467452
MUS,Mauritius,1989,2103.48802694458
MUS,Mauritius,1988,2073.59238787189
MUS,Mauritius,1987,1839.79109565422
MUS,Mauritius,1986,1441.71452837714
MUS,Mauritius,1985,1068.67359316099
MUS,Mauritius,1984,1041.83252378016
MUS,Mauritius,1983,1103.09124580137
MUS,Mauritius,1982,1101.15920527391
MUS,Mauritius,1981,1180.84070937438
MUS,Mauritius,1980,1187.35157080412
MUS,Mauritius,1979,1292.2014302482
MUS,Mauritius,1978,1102.34753691974
MUS,Mauritius,1977,905.949638747869
MUS,Mauritius,1976,787.098225962589
MUS,Mauritius,1975,754.833281472402
MUS,Mauritius,1974,762.940758670279
MUS,Mauritius,1973,467.480218496262
MUS,Mauritius,1972,373.996570209941
MUS,Mauritius,1971,299.604801832026
MUS,Mauritius,1970,271.338746980393
MUS,Mauritius,1969,272.713256163629
MUS,Mauritius,1968,258.734051896237
MUS,Mauritius,1967,304.163949585507
MUS,Mauritius,1966,295.955041673441
MUS,Mauritius,1965,305.47697280765
MUS,Mauritius,1964,297.284380211561
MUS,Mauritius,1963,353.11354761151
MUS,Mauritius,1962,282.342386236302
MUS,Mauritius,1961,281.683081448637
MUS,Mauritius,1960,238.251033437494
MEX,Mexico,2025,13889.2339628708
MEX,Mexico,2024,13988.0423745241
MEX,Mexico,2023,13830.843848864
MEX,Mexico,2022,11405.7940469896
MEX,Mexico,2021,10314.0506733708
MEX,Mexico,2020,8841.27074929751
MEX,Mexico,2019,10369.5553593527
MEX,Mexico,2018,10084.7937570364
MEX,Mexico,2017,9649.27816729586
MEX,Mexico,2016,9097.92397674769
MEX,Mexico,2015,10021.2386113616
MEX,Mexico,2014,11391.3773503964
MEX,Mexico,2013,11216.800851866
MEX,Mexico,2012,10744.1335236186
MEX,Mexico,2011,10664.4944032313
MEX,Mexico,2010,9728.80078307432
MEX,Mexico,2009,8423.56933148639
MEX,Mexico,2008,10523.7685427665
MEX,Mexico,2007,10134.3327129706
MEX,Mexico,2006,9512.63575346699
MEX,Mexico,2005,8671.75891798441
MEX,Mexico,2004,7849.66759649565
MEX,Mexico,2003,7434.07465031562
MEX,Mexico,2002,7983.03398381759
MEX,Mexico,2001,7952.76479510706
MEX,Mexico,2000,7524.0271380091
MEX,Mexico,1999,6499.97182950425
MEX,Mexico,1998,5832.69342004468
MEX,Mexico,1997,5567.35599516667
MEX,Mexico,1996,4674.36792733681
MEX,Mexico,1995,4183.87847727479
MEX,Mexico,1994,6202.36588372862
MEX,Mexico,1993,6048.34840388099
MEX,Mexico,1992,4220.56643677057
MEX,Mexico,1991,3708.8420548157
MEX,Mexico,1990,3154.46920349038
MEX,Mexico,1989,2725.05572275442
MEX,Mexico,1988,2278.81222720992
MEX,Mexico,1987,1888.2631431041
MEX,Mexico,1986,1756.93563367491
MEX,Mexico,1985,2601.70825226684
MEX,Mexico,1984,2506.30742754755
MEX,Mexico,1983,2169.85285279223
MEX,Mexico,1982,2620.95793392947
MEX,Mexico,1981,3829.14437544129
MEX,Mexico,1980,3054.62162291784
MEX,Mexico,1979,2049.26468871816
MEX,Mexico,1978,1604.40920452482
MEX,Mexico,1977,1314.62044481645
MEX,Mexico,1976,1465.49877862474
MEX,Mexico,1975,1491.97048611111
MEX,Mexico,1974,1256.10280601329
MEX,Mexico,1973,993.042879548426
MEX,Mexico,1972,836.569673446138
MEX,Mexico,1971,747.912361003254
MEX,Mexico,1970,699.006845485029
MEX,Mexico,1969,659.71750685117
MEX,Mexico,1968,615.922912128842
MEX,Mexico,1967,575.769037534418
MEX,Mexico,1966,544.935854193449
MEX,Mexico,1965,505.854419498816
MEX,Mexico,1964,480.704214437745
MEX,Mexico,1963,419.552066324849
MEX,Mexico,1962,388.456702411498
MEX,Mexico,1961,373.712216995471
MEX,Mexico,1960,355.075199563018
FSM,"Micronesia, Fed. Sts.",2025,4414.00737137479
FSM,"Micronesia, Fed. Sts.",2024,4251.69052668788
FSM,"Micronesia, Fed. Sts.",2023,3933.01607031874
FSM,"Micronesia, Fed. Sts.",2022,3703.66680343222
FSM,"Micronesia, Fed. Sts.",2021,3508.22314197664
FSM,"Micronesia, Fed. Sts.",2020,3362.02802120524
FSM,"Micronesia, Fed. Sts.",2019,3581.72684572278
FSM,"Micronesia, Fed. Sts.",2018,3584.78377566896
FSM,"Micronesia, Fed. Sts.",2017,3297.37580036719
FSM,"Micronesia, Fed. Sts.",2016,2997.93719917488
FSM,"Micronesia, Fed. Sts.",2015,2869.86276169101
FSM,"Micronesia, Fed. Sts.",2014,2915.23672460238
FSM,"Micronesia, Fed. Sts.",2013,2904.1536796737
FSM,"Micronesia, Fed. Sts.",2012,3003.05867086848
FSM,"Micronesia, Fed. Sts.",2011,2859.8488365615
FSM,"Micronesia, Fed. Sts.",2010,2715.26873721406
FSM,"Micronesia, Fed. Sts.",2009,2565.83639782506
FSM,"Micronesia, Fed. Sts.",2008,2395.90218109716
FSM,"Micronesia, Fed. Sts.",2007,2302.51183108846
FSM,"Micronesia, Fed. Sts.",2006,2257.76445195026
FSM,"Micronesia, Fed. Sts.",2005,2216.9963738197
FSM,"Micronesia, Fed. Sts.",2004,2104.42796515524
FSM,"Micronesia, Fed. Sts.",2003,2145.87789998664
FSM,"Micronesia, Fed. Sts.",2002,2113.45955463859
FSM,"Micronesia, Fed. Sts.",2001,2103.74849819784
FSM,"Micronesia, Fed. Sts.",2000,2049.34490021777
FSM,"Micronesia, Fed. Sts.",1999,1944.83255730659
FSM,"Micronesia, Fed. Sts.",1998,1944.03332824551
FSM,"Micronesia, Fed. Sts.",1997,1840.2391263246
FSM,"Micronesia, Fed. Sts.",1996,1955.97507000271
FSM,"Micronesia, Fed. Sts.",1995,1995.19187154132
FSM,"Micronesia, Fed. Sts.",1994,1856.5207426083
FSM,"Micronesia, Fed. Sts.",1993,1853.06259690284
FSM,"Micronesia, Fed. Sts.",1992,1699.3301910196
FSM,"Micronesia, Fed. Sts.",1991,1617.45528154622
FSM,"Micronesia, Fed. Sts.",1990,1459.04369201491
FSM,"Micronesia, Fed. Sts.",1989,1365.61518337828
FSM,"Micronesia, Fed. Sts.",1988,1284.2827275817
FSM,"Micronesia, Fed. Sts.",1987,1230.44156720509
FSM,"Micronesia, Fed. Sts.",1986,1216.15763119676
FSM,"Micronesia, Fed. Sts.",1985,1136.27633295061
FSM,"Micronesia, Fed. Sts.",1984,971.323735890612
FSM,"Micronesia, Fed. Sts.",1983,993.272945205479
FSM,"Micronesia, Fed. Sts.",1982,973.688636446563
FSM,"Micronesia, Fed. Sts.",1981,958.37442664862
FSM,"Micronesia, Fed. Sts.",1980,829.209813066002
FSM,"Micronesia, Fed. Sts.",1979,803.032190156421
FSM,"Micronesia, Fed. Sts.",1978,737.510432416087
FSM,"Micronesia, Fed. Sts.",1977,668.601472729072
FSM,"Micronesia, Fed. Sts.",1976,677.970615070457
FSM,"Micronesia, Fed. Sts.",1975,683.97674556564
FSM,"Micronesia, Fed. Sts.",1974,701.077963162938
FSM,"Micronesia, Fed. Sts.",1973,544.204466602069
FSM,"Micronesia, Fed. Sts.",1972,403.046469058094
FSM,"Micronesia, Fed. Sts.",1971,359.244640147767
FSM,"Micronesia, Fed. Sts.",1970,337.4957740742
MDA,Moldova,2025,8621.71721623786
MDA,Moldova,2024,7578.90216348853
MDA,Moldova,2023,6799.58594644576
MDA,Moldova,2022,5744.29618434435
MDA,Moldova,2021,5274.60582195352
MDA,Moldova,2020,4375.7788930524
MDA,Moldova,2019,4405.33418162155
MDA,Moldova,2018,4156.44981956646
MDA,Moldova,2017,3453.26727720294
MDA,Moldova,2016,2847.08794770479
MDA,Moldova,2015,2749.55137054338
MDA,Moldova,2014,3289.95758568777
MDA,Moldova,2013,3321.04397795719
MDA,Moldova,2012,3044.8084324815
MDA,Moldova,2011,2941.36224066021
MDA,Moldova,2010,2436.79935102421
MDA,Moldova,2009,1898.43975710988
MDA,Moldova,2008,2110.55305353857
MDA,Moldova,2007,1531.21618590748
MDA,Moldova,2006,1183.02481442894
MDA,Moldova,2005,1034.39197746993
MDA,Moldova,2004,897.178494749468
MDA,Moldova,2003,682.319095965299
MDA,Moldova,2002,570.799866188293
MDA,Moldova,2001,507.404076252819
MDA,Moldova,2000,440.538683980372
MDA,Moldova,1999,399.499818596336
MDA,Moldova,1998,578.734627562193
MDA,Moldova,1997,657.29213459795
MDA,Moldova,1996,575.145455139019
MDA,Moldova,1995,593.593177049161
MDA,Moldova,1994,573.798647201304
MDA,Moldova,1993,796.989388848336
MDA,Moldova,1992,778.017667420102
MDA,Moldova,1991,1037.89950336245
MDA,Moldova,1990,1206.50208704977
MCO,Monaco,2024,288001.574856495
MCO,Monaco,2023,256799.911212051
MCO,Monaco,2022,226052.060664649
MCO,Monaco,2021,223823.327192464
MCO,Monaco,2020,176891.806328966
MCO,Monaco,2019,193746.729890885
MCO,Monaco,2018,188298.389694191
MCO,Monaco,2017,170663.470051177
MCO,Monaco,2016,173604.669723126
MCO,Monaco,2015,170437.021128628
MCO,Monaco,2014,195693.519540544
MCO,Monaco,2013,184940.633666281
MCO,Monaco,2012,165444.625782803
MCO,Monaco,2011,179364.009524397
MCO,Monaco,2010,161853.922745228
MCO,Monaco,2009,169150.337647299
MCO,Monaco,2008,204263.893236529
MCO,Monaco,2007,184558.455423983
MCO,Monaco,2006,143083.509443656
MCO,Monaco,2005,130538.711379722
MCO,Monaco,2004,125160.282928751
MCO,Monaco,2003,111110.460463916
MCO,Monaco,2002,90051.4463079416
MCO,Monaco,2001,82402.7746362391
MCO,Monaco,2000,81789.014508777
MCO,Monaco,1999,89698.1924366737
MCO,Monaco,1998,90947.2051224438
MCO,Monaco,1997,88581.7044683607
MCO,Monaco,1996,98561.0137425657
MCO,Monaco,1995,99032.2375054091
MCO,Monaco,1994,86703.8130529474
MCO,Monaco,1993,82685.4559266948
MCO,Monaco,1992,88614.926367223
MCO,Monaco,1991,80997.2520924871
MCO,Monaco,1990,81734.8664968011
MCO,Monaco,1989,66815.7104498273
MCO,Monaco,1988,67180.5763713568
MCO,Monaco,1987,62456.0708848997
MCO,Monaco,1986,52082.4508807502
MCO,Monaco,1985,37689.8648613491
MCO,Monaco,1984,36582.3672009832
MCO,Monaco,1983,39075.8356409009
MCO,Monaco,1982,41479.49844229
MCO,Monaco,1981,44157.4267369518
MCO,Monaco,1980,50813.9342272643
MCO,Monaco,1979,44989.9653239249
MCO,Monaco,1978,37607.7886875432
MCO,Monaco,1977,30875.4764291964
MCO,Monaco,1976,28396.3794040315
MCO,Monaco,1975,27920.7436036735
MCO,Monaco,1974,22347.8999054501
MCO,Monaco,1973,20882.02134665
MCO,Monaco,1972,16187.4306500397
MCO,Monaco,1971,13334.3998386726
MCO,Monaco,1970,12098.2018753587
MNG,Mongolia,2025,7108.22743246244
MNG,Mongolia,2024,6750.6301157724
MNG,Mongolia,2023,5838.63108083902
MNG,Mongolia,2022,4993.51487463495
MNG,Mongolia,2021,4517.61578018785
MNG,Mongolia,2020,4001.25193077703
MNG,Mongolia,2019,4347.54610314873
MNG,Mongolia,2018,4107.64288528468
MNG,Mongolia,2017,3645.96708669551
MNG,Mongolia,2016,3619.90026383792
MNG,Mongolia,2015,3838.92126989984
MNG,Mongolia,2014,4126.23975800524
MNG,Mongolia,2013,4340.14310544449
MNG,Mongolia,2012,4328.89001905655
MNG,Mongolia,2011,3736.04201455077
MNG,Mongolia,2010,2625.21881402433
MNG,Mongolia,2009,1703.32756790019
MNG,Mongolia,2008,2127.42678594737
MNG,Mongolia,2007,1627.68787743359
MNG,Mongolia,2006,1329.89179579053
MNG,Mongolia,2005,994.90010913241
MNG,Mongolia,2004,794.154552001815
MNG,Mongolia,2003,643.168068921658
MNG,Mongolia,2002,570.249213248399
MNG,Mongolia,2001,524.453483552485
MNG,Mongolia,2000,476.02755082717
MNG,Mongolia,1999,448.660368337533
MNG,Mongolia,1998,483.878066074871
MNG,Mongolia,1997,515.298004947316
MNG,Mongolia,1996,595.5810149554
MNG,Mongolia,1995,652.67456284915
MNG,Mongolia,1994,422.864349383041
MNG,Mongolia,1993,354.898613087701
MNG,Mongolia,1992,607.813424662797
MNG,Mongolia,1991,1098.68017445549
MNG,Mongolia,1990,1220.17127664137
MNG,Mongolia,1989,1683.92432862486
MNG,Mongolia,1988,1543.33555521093
MNG,Mongolia,1987,1493.28238085822
MNG,Mongolia,1986,1469.42176378914
MNG,Mongolia,1985,1137.90764730312
MNG,Mongolia,1984,1119.71388466075
MNG,Mongolia,1983,1490.21297634746
MNG,Mongolia,1982,1429.62551800828
MNG,Mongolia,1981,1325.46680536613
MNG,Mongolia,1980,1235.14422497627
MNE,Montenegro,2025,14816.8380299947
MNE,Montenegro,2024,13270.1824401005
MNE,Montenegro,2023,12258.1600477339
MNE,Montenegro,2022,10038.1849482517
MNE,Montenegro,2021,9315.86435643142
MNE,Montenegro,2020,7555.48699036321
MNE,Montenegro,2019,8749.25629734676
MNE,Montenegro,2018,8673.59469069858
MNE,Montenegro,2017,7674.2856571219
MNE,Montenegro,2016,6968.01202883651
MNE,Montenegro,2015,6421.00005731419
MNE,Montenegro,2014,7342.17147363741
MNE,Montenegro,2013,7102.7776714702
MNE,Montenegro,2012,6552.47970337373
MNE,Montenegro,2011,7265.51771176628
MNE,Montenegro,2010,6678.63939560908
MNE,Montenegro,2009,6726.67589734408
MNE,Montenegro,2008,7390.01481290503
MNE,Montenegro,2007,5979.43813180981
MNE,Montenegro,2006,4422.55172559508
MNE,Montenegro,2005,3675.98851272723
MNE,Montenegro,2004,3386.38099417981
MNE,Montenegro,2003,2789.95435110345
MNE,Montenegro,2002,2109.30631947331
MNE,Montenegro,2001,1909.59870186179
MNE,Montenegro,2000,1627.06511911987
MNE,Montenegro,1999,1367.90257335097
MNE,Montenegro,1998,1405.81632669854
MNE,Montenegro,1997,1375.32616813442
MAR,Morocco,2025,4672.46826171875
MAR,Morocco,2024,4153.1943359375
MAR,Morocco,2023,3813.72607421875
MAR,Morocco,2022,3463.1376953125
MAR,Morocco,2021,3785.93627929688
MAR,Morocco,2020,3268.0302734375
MAR,Morocco,2019,3508.09765625
MAR,Morocco,2018,3501.69799804688
MAR,Morocco,2017,3296.52661132813
MAR,Morocco,2016,3140.85546875
MAR,Morocco,2015,3146.24780273438
MAR,Morocco,2014,3435.40698242188
MAR,Morocco,2013,3379.7431640625
MAR,Morocco,2012,3164.17724609375
MAR,Morocco,2011,3301.98876953125
MAR,Morocco,2010,3067.9853515625
MAR,Morocco,2009,3119.58862304688
MAR,Morocco,2008,3183.20043945313
MAR,Morocco,2007,2755.5859375
MAR,Morocco,2006,2438.12646484375
MAR,Morocco,2005,2242.98828125
MAR,Morocco,2004,2183.55541992188
MAR,Morocco,2003,1941.87255859375
MAR,Morocco,2002,1596.02062988281
MAR,Morocco,2001,1506.24523925781
MAR,Morocco,2000,1499.107421875
MAR,Morocco,1999,1635.65673828125
MAR,Morocco,1998,1668.49755859375
MAR,Morocco,1997,1426.30114746094
MAR,Morocco,1996,1596.83239746094
MAR,Morocco,1995,1466.78820800781
MAR,Morocco,1994,1358.79443359375
MAR,Morocco,1993,1226.43054199219
MAR,Morocco,1992,1327.02954101563
MAR,Morocco,1991,1292.23376464844
MAR,Morocco,1990,1229.07104492188
MAR,Morocco,1989,1091.27624511719
MAR,Morocco,1988,1086.03527832031
MAR,Morocco,1987,937.457153320313
MAR,Morocco,1986,855.169311523438
MAR,Morocco,1985,673.2900390625
MAR,Morocco,1984,681.909729003906
MAR,Morocco,1983,766.529602050781
MAR,Morocco,1982,856.569763183594
MAR,Morocco,1981,884.443237304688
MAR,Morocco,1980,1109.88220214844
MAR,Morocco,1979,834.812133789063
MAR,Morocco,1978,712.879638671875
MAR,Morocco,1977,610.750366210938
MAR,Morocco,1976,543.368469238281
MAR,Morocco,1975,521.838928222656
MAR,Morocco,1974,456.592529296875
MAR,Morocco,1973,380.527801513672
MAR,Morocco,1972,317.074066162109
MAR,Morocco,1971,279.167236328125
MAR,Morocco,1970,260.26513671875
MAR,Morocco,1969,246.799652099609
MAR,Morocco,1968,227.120864868164
MAR,Morocco,1967,217.304306030273
MAR,Morocco,1966,210.824432373047
MAR,Morocco,1965,221.967697143555
MAR,Morocco,1964,216.263046264648
MAR,Morocco,1963,210.635650634766
MAR,Morocco,1962,193.647811889648
MAR,Morocco,1961,169.318435668945
MAR,Morocco,1960,174.784133911133
MOZ,Mozambique,2025,626.914419215727
MOZ,Mozambique,2024,656.976148587772
MOZ,Mozambique,2023,622.191133245967
MOZ,Mozambique,2022,578.273222184503
MOZ,Mozambique,2021,509.907829475551
MOZ,Mozambique,2020,462.433876479921
MOZ,Mozambique,2019,519.09255091362
MOZ,Mozambique,2018,517.507260258101
MOZ,Mozambique,2017,470.93856305196
MOZ,Mozambique,2016,441.489734819071
MOZ,Mozambique,2015,610.563774706589
MOZ,Mozambique,2014,697.142680444123
MOZ,Mozambique,2013,686.505672517351
MOZ,Mozambique,2012,685.685748199513
MOZ,Mozambique,2011,618.17649286789
MOZ,Mozambique,2010,496.185839392659
MOZ,Mozambique,2009,547.697144193651
MOZ,Mozambique,2008,592.159111184122
MOZ,Mozambique,2007,507.874923914304
MOZ,Mozambique,2006,457.487647833183
MOZ,Mozambique,2005,436.773856167384
MOZ,Mozambique,2004,400.056973161545
MOZ,Mozambique,2003,339.488737800648
MOZ,Mozambique,2002,313.886661721198
MOZ,Mozambique,2001,304.792138621913
MOZ,Mozambique,2000,327.12623979157
MOZ,Mozambique,1999,354.406245723711
MOZ,Mozambique,1998,320.125121723292
MOZ,Mozambique,1997,287.532091475389
MOZ,Mozambique,1996,244.362651012498
MOZ,Mozambique,1995,191.826096861406
MOZ,Mozambique,1994,196.763143175646
MOZ,Mozambique,1993,205.189844208699
MOZ,Mozambique,1992,205.585216062094
MOZ,Mozambique,1991,288.708092484444
MMR,Myanmar,2025,1488.87527836542
MMR,Myanmar,2024,1359.05001560107
MMR,Myanmar,2023,1233.19666209269
MMR,Myanmar,2022,1158.05005034332
MMR,Myanmar,2021,1242.72134419599
MMR,Myanmar,2020,1490.21683548367
MMR,Myanmar,2019,1425.98954211903
MMR,Myanmar,2018,1298.21310320785
MMR,Myanmar,2017,1272.82241830603
MMR,Myanmar,2016,1229.19713515893
MMR,Myanmar,2015,1166.73305546337
MMR,Myanmar,2014,1293.00042298688
MMR,Myanmar,2013,1199.09561597055
MMR,Myanmar,2012,1202.6658960055
MMR,Myanmar,2011,1213.62898703376
MMR,Myanmar,2010,1010.53417343401
MMR,Myanmar,2009,758.442935789255
MMR,Myanmar,2008,658.442487229705
MMR,Myanmar,2007,419.375780725042
MMR,Myanmar,2006,303.495087119254
MMR,Myanmar,2005,252.685193060728
MMR,Myanmar,2004,224.508811413327
MMR,Myanmar,2003,224.292688912409
MMR,Myanmar,2002,146.598390364449
MMR,Myanmar,2001,141.525660705722
MMR,Myanmar,2000,196.619580625284
MMR,Myanmar,1999,189.490155849067
MMR,Myanmar,1998,145.950830383757
MMR,Myanmar,1997,108.039770292032
MMR,Myanmar,1996,141.897267580367
MMR,Myanmar,1995,124.14348039051
MMR,Myanmar,1994,105.391561114159
MMR,Myanmar,1993,76.212889482598
MMR,Myanmar,1992,58.8896739558883
MMR,Myanmar,1991,51.2408970610106
MMR,Myanmar,1990,53.1225401094506
MMR,Myanmar,1989,51.3443285034615
MMR,Myanmar,1988,39.9236088878004
MMR,Myanmar,1987,41.1478137224602
MMR,Myanmar,1986,42.4193735892874
MMR,Myanmar,1985,40.3821412603663
MMR,Myanmar,1984,36.3255768443636
MMR,Myanmar,1983,39.2908686161265
MMR,Myanmar,1982,42.9535414901862
MMR,Myanmar,1981,32.8127790443581
MMR,Myanmar,1980,31.2462392881093
MMR,Myanmar,1979,29.2136757858848
MMR,Myanmar,1978,29.2562311044151
MMR,Myanmar,1977,27.8600867193791
MMR,Myanmar,1976,39.1660083715823
MMR,Myanmar,1975,35.163291569876
MMR,Myanmar,1974,41.4076276435663
MMR,Myanmar,1973,24.7965628847435
MMR,Myanmar,1972,23.2941302744944
MMR,Myanmar,1971,21.1257517513266
MMR,Myanmar,1970,20.7242782768026
MMR,Myanmar,1969,21.5103180527937
MMR,Myanmar,1968,21.5453410007264
MMR,Myanmar,1967,16.5453805372426
MMR,Myanmar,1966,11.8013216738981
MMR,Myanmar,1965,15.1178632326484
MMR,Myanmar,1964,17.3322006236435
MMR,Myanmar,1963,25.8039844353997
MMR,Myanmar,1962,27.9470039695431
MMR,Myanmar,1961,27.2654541223873
MMR,Myanmar,1960,25.0847757223623
NAM,Namibia,2025,4875.92558158247
NAM,Namibia,2024,4501.84849548225
NAM,Namibia,2023,4225.99102418102
NAM,Namibia,2022,4349.79908493314
NAM,Namibia,2021,4412.8355693052
NAM,Namibia,2020,3878.58982993966
NAM,Namibia,2019,4731.9210318831
NAM,Namibia,2018,5308.60813408705
NAM,Namibia,2017,5143.96072323076
NAM,Namibia,2016,4395.68776162376
NAM,Namibia,2015,4774.10650865775
NAM,Namibia,2014,5378.32326241205
NAM,Namibia,2013,5346.62131149967
NAM,Namibia,2012,5942.64680978673
NAM,Namibia,2011,5834.7917675794
NAM,Namibia,2010,5418.21633365814
NAM,Namibia,2009,4302.91374148376
NAM,Namibia,2008,4204.78555422749
NAM,Namibia,2007,4379.04313682732
NAM,Namibia,2006,4017.1834716928
NAM,Namibia,2005,3685.77299991587
NAM,Namibia,2004,3403.15496192955
NAM,Namibia,2003,2569.24739317883
NAM,Namibia,2002,1772.07565537493
NAM,Namibia,2001,1915.58926594875
NAM,Namibia,2000,2156.67590512714
NAM,Namibia,1999,2177.78733370092
NAM,Namibia,1998,2235.24515468625
NAM,Namibia,1997,2459.64511763936
NAM,Namibia,1996,2423.3982907313
NAM,Namibia,1995,2483.20353415161
NAM,Namibia,1994,2355.90445673153
NAM,Namibia,1993,2154.96473655435
NAM,Namibia,1992,2346.86242963741
NAM,Namibia,1991,2116.90552516214
NAM,Namibia,1990,2037.47589359778
NAM,Namibia,1989,1966.82702819252
NAM,Namibia,1988,2062.57997582884
NAM,Namibia,1987,1969.42364982372
NAM,Namibia,1986,1599.39785666132
NAM,Namibia,1985,1466.17924353732
NAM,Namibia,1984,1830.46920554097
NAM,Namibia,1983,2214.33863115715
NAM,Namibia,1982,2097.09340946461
NAM,Namibia,1981,2266.91040607673
NAM,Namibia,1980,2467.80765504439
NRU,Naoero,2025,14639.5046929186
NRU,Naoero,2024,14048.163961344
NRU,Naoero,2023,13602.6372112893
NRU,Naoero,2022,15309.8345351924
NRU,Naoero,2021,12748.1701249353
NRU,Naoero,2020,10709.068810538
NRU,Naoero,2019,10801.7705659635
NRU,Naoero,2018,11413.7463016389
NRU,Naoero,2017,9656.97976571484
NRU,Naoero,2016,8748.15632605428
NRU,Naoero,2015,7747.25584993607
NRU,Naoero,2014,9230.05440328927
NRU,Naoero,2013,8974.51886874433
NRU,Naoero,2012,9842.77032731856
NRU,Naoero,2011,6444.03642094634
NRU,Naoero,2010,4735.92000502092
NRU,Naoero,2009,4410.56764668962
NRU,Naoero,2008,3756.84531228766
NRU,Naoero,2007,2272.15291307045
NRU,Naoero,2006,2910.14145794684
NRU,Naoero,2005,2992.40382776926
NRU,Naoero,2004,3040.51349889
NRU,Naoero,2003,2463.28259078079
NRU,Naoero,2002,2084.64824520971
NRU,Naoero,2001,2232.30874026726
NRU,Naoero,2000,2648.60152860938
NRU,Naoero,1999,2682.69486680046
NRU,Naoero,1998,2908.84986525428
NRU,Naoero,1997,3661.02846701327
NRU,Naoero,1996,3678.56242894634
NRU,Naoero,1995,3932.0910939209
NRU,Naoero,1994,3920.53972987914
NRU,Naoero,1993,4310.24433298623
NRU,Naoero,1992,5102.59685913907
NRU,Naoero,1991,5333.37954889626
NRU,Naoero,1990,5775.55347423089
NRU,Naoero,1989,5722.7674219742
NRU,Naoero,1988,5011.58031484611
NRU,Naoero,1987,4484.50814586951
NRU,Naoero,1986,4568.67887653491
NRU,Naoero,1985,4858.93351745825
NRU,Naoero,1984,5653.96100020028
NRU,Naoero,1983,5895.70266811075
NRU,Naoero,1982,6576.83364047027
NRU,Naoero,1981,6593.90695188717
NRU,Naoero,1980,6137.68129611495
NRU,Naoero,1979,5949.5621623368
NRU,Naoero,1978,5721.31368927221
NRU,Naoero,1977,5646.3355809661
NRU,Naoero,1976,5703.20317140765
NRU,Naoero,1975,5740.19978696317
NRU,Naoero,1974,5199.26497504766
NRU,Naoero,1973,3863.94069095729
NRU,Naoero,1972,3190.58553898837
NRU,Naoero,1971,2811.2146269153
NRU,Naoero,1970,2618.53445937725
NPL,Nepal,2025,1535.87781246307
NPL,Nepal,2024,1460.28237984149
NPL,Nepal,2023,1382.38300895424
NPL,Nepal,2022,1385.91066002922
NPL,Nepal,2021,1252.75076731986
NPL,Nepal,2020,1154.21517578318
NPL,Nepal,2019,1203.14294706401
NPL,Nepal,2018,1179.19843190389
NPL,Nepal,2017,1034.28374906846
NPL,Nepal,2016,877.256454696737
NPL,Nepal,2015,875.543635474862
NPL,Nepal,2014,821.455224911731
NPL,Nepal,2013,803.269595420477
NPL,Nepal,2012,788.202937148377
NPL,Nepal,2011,785.518656222132
NPL,Nepal,2010,585.278491984574
NPL,Nepal,2009,473.078751198621
NPL,Nepal,2008,464.817391891529
NPL,Nepal,2007,385.449767660642
NPL,Nepal,2006,340.431796437968
NPL,Nepal,2005,309.024168339372
NPL,Nepal,2004,279.587750044428
NPL,Nepal,2003,246.429706587633
NPL,Nepal,2002,238.89140296106
NPL,Nepal,2001,240.795114544664
NPL,Nepal,2000,223.830289183078
NPL,Nepal,1999,208.646667913743
NPL,Nepal,1998,205.075246306069
NPL,Nepal,1997,211.834869589153
NPL,Nepal,1996,198.821907435345
NPL,Nepal,1995,197.843001330326
NPL,Nepal,1994,187.258176246151
NPL,Nepal,1993,172.805202579767
NPL,Nepal,1992,165.02959412726
NPL,Nepal,1991,195.716621410462
NPL,Nepal,1990,185.794600449903
NPL,Nepal,1989,184.975416457251
NPL,Nepal,1988,187.084777621975
NPL,Nepal,1987,162.036906898913
NPL,Nepal,1986,159.545682806044
NPL,Nepal,1985,149.900453418882
NPL,Nepal,1984,151.078187115939
NPL,Nepal,1983,146.632953086254
NPL,Nepal,1982,146.976662933749
NPL,Nepal,1981,142.916898807843
NPL,Nepal,1980,125.114347478097
NPL,Nepal,1979,121.86820974915
NPL,Nepal,1978,108.099425052837
NPL,Nepal,1977,95.3433557426543
NPL,Nepal,1976,102.470373251774
NPL,Nepal,1975,113.605645172746
NPL,Nepal,1974,89.7637455591626
NPL,Nepal,1973,73.2266835267801
NPL,Nepal,1972,78.842912842237
NPL,Nepal,1971,69.4540704096493
NPL,Nepal,1970,69.6334897297304
NPL,Nepal,1969,64.8179199463286
NPL,Nepal,1968,64.8592419247839
NPL,Nepal,1967,72.255603368576
NPL,Nepal,1966,79.484178651631
NPL,Nepal,1965,65.8050690424137
NPL,Nepal,1964,45.320757315163
NPL,Nepal,1963,46.3146629740628
NPL,Nepal,1962,54.565608932967
NPL,Nepal,1961,51.5544820747585
NPL,Nepal,1960,50.2125233749587
NLD,Netherlands,2025,73683.917132794
NLD,Netherlands,2024,67465.3208126875
NLD,Netherlands,2023,63515.6030780019
NLD,Netherlands,2022,59123.318556487
NLD,Netherlands,2021,60141.9880911492
NLD,Netherlands,2020,53467.9277413737
NLD,Netherlands,2019,53554.9007491475
NLD,Netherlands,2018,53955.0770024266
NLD,Netherlands,2017,49513.6817346384
NLD,Netherlands,2016,46808.5291492503
NLD,Netherlands,2015,45793.8135434697
NLD,Netherlands,2014,53457.2234864322
NLD,Netherlands,2013,52602.2860520766
NLD,Netherlands,2012,50473.9442002689
NLD,Netherlands,2011,54701.7728030611
NLD,Netherlands,2010,51305.7338533973
NLD,Netherlands,2009,53172.0261581418
NLD,Netherlands,2008,58246.7026905874
NLD,Netherlands,2007,52100.7996285947
NLD,Netherlands,2006,45123.5432406426
NLD,Netherlands,2005,42165.396168388
NLD,Netherlands,2004,40611.3414353091
NLD,Netherlands,2003,35896.7504630706
NLD,Netherlands,2002,29446.5330872868
NLD,Netherlands,2001,26955.7128032278
NLD,Netherlands,2000,26225.1697734149
NLD,Netherlands,1999,28318.7466538357
NLD,Netherlands,1998,27924.281808994
NLD,Netherlands,1997,26744.9601318097
NLD,Netherlands,1996,29063.6236532536
NLD,Netherlands,1995,29301.1940492376
NLD,Netherlands,1994,24682.5866742863
NLD,Netherlands,1993,23156.4404444568
NLD,Netherlands,1992,23939.2173482108
NLD,Netherlands,1991,21764.2144987258
NLD,Netherlands,1990,21322.1944802703
NLD,Netherlands,1989,17423.2961585523
NLD,Netherlands,1988,17770.6162376388
NLD,Netherlands,1987,16734.1514052316
NLD,Netherlands,1986,13804.1360603265
NLD,Netherlands,1985,9940.73843593795
NLD,Netherlands,1984,9991.84377655651
NLD,Netherlands,1983,10696.0774958682
NLD,Netherlands,1982,11088.9543150885
NLD,Netherlands,1981,11537.4026865092
NLD,Netherlands,1980,13812.1600098191
NLD,Netherlands,1979,12817.3790153401
NLD,Netherlands,1978,11195.8424872959
NLD,Netherlands,1977,9180.29918461772
NLD,Netherlands,1976,7937.35246713998
NLD,Netherlands,1975,7346.3047476862
NLD,Netherlands,1974,6450.45770236493
NLD,Netherlands,1973,5353.44265154981
NLD,Netherlands,1972,4110.49164551948
NLD,Netherlands,1971,3383.58715579996
NLD,Netherlands,1970,2931.38078026525
NLD,Netherlands,1969,2646.84581766825
NLD,Netherlands,1968,2364.3594192663
NLD,Netherlands,1967,2154.57969743046
NLD,Netherlands,1966,1986.2702443166
NLD,Netherlands,1965,1848.09801532427
NLD,Netherlands,1964,1668.33086114697
NLD,Netherlands,1963,1436.88726083934
NLD,Netherlands,1962,1342.36827187015
NLD,Netherlands,1961,1254.42028262131
NLD,Netherlands,1960,1156.38597727767
NCL,New Caledonia,2024,29213.1923192946
NCL,New Caledonia,2023,33701.8923322781
NCL,New Caledonia,2022,33516.363085906
NCL,New Caledonia,2021,35311.5543551452
NCL,New Caledonia,2020,33270.330597637
NCL,New Caledonia,2019,33411.3358835672
NCL,New Caledonia,2018,34902.8968780031
NCL,New Caledonia,2017,32354.7102832901
NCL,New Caledonia,2016,30782.8544433514
NCL,New Caledonia,2015,30858.7237060533
NCL,New Caledonia,2014,37816.9558599295
NCL,New Caledonia,2013,36671.1566752621
NCL,New Caledonia,2012,35559.5672006157
NCL,New Caledonia,2011,38835.9401851385
NCL,New Caledonia,2010,35798.9084757829
NCL,New Caledonia,2009,33836.494080472
NCL,New Caledonia,2008,35723.9033194947
NCL,New Caledonia,2007,35177.6535261448
NCL,New Caledonia,2006,28193.2537573387
NCL,New Caledonia,2005,25528.2918353444
NCL,New Caledonia,2004,24475.6488547037
NCL,New Caledonia,2003,20768.1061488848
NCL,New Caledonia,2002,16104.5520406819
NCL,New Caledonia,2001,14482.3606263602
NCL,New Caledonia,2000,15329.7297200058
NCL,New Caledonia,1999,16692.6835119189
NCL,New Caledonia,1998,16614.5978812179
NCL,New Caledonia,1997,15704.9593483537
NCL,New Caledonia,1996,17592.0502745845
NCL,New Caledonia,1995,18107.8880778022
NCL,New Caledonia,1994,15534.3093278924
NCL,New Caledonia,1993,14787.2165075183
NCL,New Caledonia,1992,15713.7198562158
NCL,New Caledonia,1991,14642.5179713722
NCL,New Caledonia,1990,14334.6807372176
NCL,New Caledonia,1989,12701.8289877333
NCL,New Caledonia,1988,12301.1923190702
NCL,New Caledonia,1987,8983.35708724875
NCL,New Caledonia,1986,7374.68547045802
NCL,New Caledonia,1985,5334.82839832455
NCL,New Caledonia,1984,5051.72635841793
NCL,New Caledonia,1983,5315.10934087161
NCL,New Caledonia,1982,5912.37880618972
NCL,New Caledonia,1981,6422.06638106676
NCL,New Caledonia,1980,7892.72212911846
NCL,New Caledonia,1979,7069.54421444295
NCL,New Caledonia,1978,5779.03633913119
NCL,New Caledonia,1977,5792.71036838794
NCL,New Caledonia,1976,5618.32573273327
NCL,New Caledonia,1975,5940.93032547352
NCL,New Caledonia,1974,4848.9446983879
NCL,New Caledonia,1973,4318.13831160265
NCL,New Caledonia,1972,4225.83816273241
NCL,New Caledonia,1971,3615.1542919613
NCL,New Caledonia,1970,3281.71069593272
NCL,New Caledonia,1969,2509.40725556196
NCL,New Caledonia,1968,2124.4581832684
NCL,New Caledonia,1967,1826.17147949386
NCL,New Caledonia,1966,1713.69793827137
NCL,New Caledonia,1965,1713.14089313598
NZL,New Zealand,2025,49591.0405731713
NZL,New Zealand,2024,49432.3626396797
NZL,New Zealand,2023,49302.341876493
NZL,New Zealand,2022,49141.6316294227
NZL,New Zealand,2021,49902.154346032
NZL,New Zealand,2020,42054.6743136586
NZL,New Zealand,2019,42872.2681243427
NZL,New Zealand,2018,43204.1305124872
NZL,New Zealand,2017,42912.1537002148
NZL,New Zealand,2016,40088.3205470499
NZL,New Zealand,2015,38648.7302562109
NZL,New Zealand,2014,44599.8992733675
NZL,New Zealand,2013,42984.9571801167
NZL,New Zealand,2012,40041.7524816244
NZL,New Zealand,2011,38425.829997974
NZL,New Zealand,2010,33761.9009639947
NZL,New Zealand,2009,28276.7255416225
NZL,New Zealand,2008,31324.7397977102
NZL,New Zealand,2007,32479.9817381467
NZL,New Zealand,2006,26654.5932018985
NZL,New Zealand,2005,27751.0654708859
NZL,New Zealand,2004,25420.234882944
NZL,New Zealand,2003,21913.7081719961
NZL,New Zealand,2002,16874.1874918196
NZL,New Zealand,2001,13882.8568268586
NZL,New Zealand,2000,13641.1027183822
NZL,New Zealand,1999,15322.2238340267
NZL,New Zealand,1998,14738.4455703918
NZL,New Zealand,1997,17474.187029724
NZL,New Zealand,1996,18794.436039393
NZL,New Zealand,1995,17400.4201848172
NZL,New Zealand,1994,15280.3127842922
NZL,New Zealand,1993,13094.3454502639
NZL,New Zealand,1992,11793.1392416214
NZL,New Zealand,1991,12230.0734548834
NZL,New Zealand,1990,13663.0216184298
NZL,New Zealand,1989,13312.3855858113
NZL,New Zealand,1988,13759.1556295922
NZL,New Zealand,1987,12330.9168305483
NZL,New Zealand,1986,9427.55394035348
NZL,New Zealand,1985,7600.56524172937
NZL,New Zealand,1984,6713.76013104154
NZL,New Zealand,1983,7598.31203875006
NZL,New Zealand,1982,7656.47573238963
NZL,New Zealand,1981,7813.88754336067
NZL,New Zealand,1980,7467.16803773805
NZL,New Zealand,1979,6668.1386662247
NZL,New Zealand,1978,5936.98526036423
NZL,New Zealand,1977,4950.58820538927
NZL,New Zealand,1976,4373.84099791231
NZL,New Zealand,1975,4171.76973967475
NZL,New Zealand,1974,4610.57042634013
NZL,New Zealand,1973,4323.19653458655
NZL,New Zealand,1972,3294.64894268304
NZL,New Zealand,1971,2772.9185969396
NZL,New Zealand,1970,2311.02761979013
NZL,New Zealand,1969,2096.92646729301
NZL,New Zealand,1968,1902.42182426883
NZL,New Zealand,1967,2208.44213762022
NZL,New Zealand,1966,2211.38222406465
NZL,New Zealand,1965,2170.99809777651
NZL,New Zealand,1964,2839.31554692453
NZL,New Zealand,1963,2646.23652937762
NZL,New Zealand,1962,2471.05500895111
NZL,New Zealand,1961,2364.75383900097
NZL,New Zealand,1960,2334.1337214332
NIC,Nicaragua,2025,3173.33724815085
NIC,Nicaragua,2024,2847.87639497305
NIC,Nicaragua,2023,2609.44491147975
NIC,Nicaragua,2022,2322.89069619459
NIC,Nicaragua,2021,2138.38573878237
NIC,Nicaragua,2020,1938.44704754382
NIC,Nicaragua,2019,1958.62051528095
NIC,Nicaragua,2018,2035.16549390507
NIC,Nicaragua,2017,2182.61380995674
NIC,Nicaragua,2016,2131.68704828322
NIC,Nicaragua,2015,2074.45620634731
NIC,Nicaragua,2014,1958.37047579547
NIC,Nicaragua,2013,1835.43996363715
NIC,Nicaragua,2012,1784.69836017555
NIC,Nicaragua,2011,1679.71192084633
NIC,Nicaragua,2010,1526.56706951408
NIC,Nicaragua,2009,1467.08288052845
NIC,Nicaragua,2008,1523.68437086409
NIC,Nicaragua,2007,1350.38145753377
NIC,Nicaragua,2006,1248.17371577788
NIC,Nicaragua,2005,1183.30214010175
NIC,Nicaragua,2004,1098.62118662335
NIC,Nicaragua,2003,1021.35216668794
NIC,Nicaragua,2002,1014.3339042591
NIC,Nicaragua,2001,1051.874235891
NIC,Nicaragua,2000,1017.3124434882
NIC,Nicaragua,1999,980.219744675246
NIC,Nicaragua,1998,949.155373494771
NIC,Nicaragua,1997,912.757429788533
NIC,Nicaragua,1996,910.861645917295
NIC,Nicaragua,1995,891.779352309996
NIC,Nicaragua,1994,849.179331364895
NIC,Nicaragua,1993,394.378074021071
NIC,Nicaragua,1992,411.473330661786
NIC,Nicaragua,1991,349.514318640612
NIC,Nicaragua,1990,242.508390600822
NIC,Nicaragua,1989,249.155474069011
NIC,Nicaragua,1988,662.308196621167
NIC,Nicaragua,1987,992.024066415935
NIC,Nicaragua,1986,760.59055909276
NIC,Nicaragua,1985,724.056425347288
NIC,Nicaragua,1984,861.428649767358
NIC,Nicaragua,1983,779.852730684977
NIC,Nicaragua,1982,713.777809066357
NIC,Nicaragua,1981,739.671655710215
NIC,Nicaragua,1980,659.297143121648
NIC,Nicaragua,1979,495.366597419221
NIC,Nicaragua,1978,690.741261696299
NIC,Nicaragua,1977,744.185320440322
NIC,Nicaragua,1976,632.573778388006
NIC,Nicaragua,1975,561.459695350208
NIC,Nicaragua,1974,556.866122465391
NIC,Nicaragua,1973,412.527494204714
NIC,Nicaragua,1972,341.380772391976
NIC,Nicaragua,1971,331.451182972568
NIC,Nicaragua,1970,321.316159006971
NIC,Nicaragua,1969,319.366650327118
NIC,Nicaragua,1968,304.441965331491
NIC,Nicaragua,1967,297.946065908473
NIC,Nicaragua,1966,283.999593265889
NIC,Nicaragua,1965,272.251263163163
NIC,Nicaragua,1964,172.68135633824
NIC,Nicaragua,1963,152.461498316554
NIC,Nicaragua,1962,142.303523551421
NIC,Nicaragua,1961,132.943507152279
NIC,Nicaragua,1960,127.483812082529
NER,Niger,2025,775.353622143879
NER,Niger,2024,729.856664168989
NER,Niger,2023,647.930108509567
NER,Niger,2022,613.614736429298
NER,Niger,2021,609.585703670137
NER,Niger,2020,575.451340306915
NER,Niger,2019,541.265819870273
NER,Niger,2018,576.927536415462
NER,Niger,2017,529.929418934868
NER,Niger,2016,499.910520068193
NER,Niger,2015,485.662574175279
NER,Niger,2014,565.30989731175
NER,Niger,2013,552.103334363117
NER,Niger,2012,528.510104469655
NER,Niger,2011,510.75956176268
NER,Niger,2010,474.425692340831
NER,Niger,2009,461.131533961487
NER,Niger,2008,475.044955398162
NER,Niger,2007,387.168065883301
NER,Niger,2006,333.345078419447
NER,Niger,2005,318.643121918273
NER,Niger,2004,283.468281798296
NER,Niger,2003,265.225363452469
NER,Niger,2002,225.294391147438
NER,Niger,2001,205.417936120931
NER,Niger,2000,194.771959898935
NER,Niger,1999,228.271656116064
NER,Niger,1998,246.090855923026
NER,Niger,1997,220.562957209
NER,Niger,1996,239.494513213973
NER,Niger,1995,237.01998956862
NER,Niger,1994,206.214617135856
NER,Niger,1993,335.429581902384
NER,Niger,1992,384.029657304316
NER,Niger,1991,384.44311679922
NER,Niger,1990,423.887460599302
NER,Niger,1989,271.266557931133
NER,Niger,1988,292.587878484489
NER,Niger,1987,295.326253933298
NER,Niger,1986,259.561894151866
NER,Niger,1985,202.372740665362
NER,Niger,1984,211.468807340699
NER,Niger,1983,268.772580748131
NER,Niger,1982,309.795062345471
NER,Niger,1981,343.386800706738
NER,Niger,1980,408.822779755471
NER,Niger,1979,354.169730869649
NER,Niger,1978,306.828022482047
NER,Niger,1977,229.808417625006
NER,Niger,1976,194.789570593583
NER,Niger,1975,197.232873008404
NER,Niger,1974,198.28916531089
NER,Niger,1973,187.854399670045
NER,Niger,1972,151.437947747318
NER,Niger,1971,145.213783611591
NER,Niger,1970,139.75875001865
NER,Niger,1969,138.291209756182
NER,Niger,1968,145.610145933803
NER,Niger,1967,155.380620524944
NER,Niger,1966,168.596485499415
NER,Niger,1965,166.280055859235
NER,Niger,1964,148.080269139855
NER,Niger,1963,153.324882584919
NER,Niger,1962,143.150824130834
NER,Niger,1961,134.635094261008
NER,Niger,1960,128.251201351162
NGA,Nigeria,2025,1224.25410237743
NGA,Nigeria,2024,1084.16041805058
NGA,Nigeria,2023,2138.76383718757
NGA,Nigeria,2022,2899.16047469267
NGA,Nigeria,2021,2787.48779220991
NGA,Nigeria,2020,2797.184580679
NGA,Nigeria,2019,3189.81286496183
NGA,Nigeria,2018,2057.87944554011
NGA,Nigeria,2017,1876.34027111773
NGA,Nigeria,2016,2070.4127339595
NGA,Nigeria,2015,2585.73360671797
NGA,Nigeria,2014,3088.72131316169
NGA,Nigeria,2013,2872.79083379398
NGA,Nigeria,2012,2633.19734671361
NGA,Nigeria,2011,2418.41316975875
NGA,Nigeria,2010,2202.25672957344
NGA,Nigeria,2009,1820.48633854782
NGA,Nigeria,2008,2154.10543545364
NGA,Nigeria,2007,1815.52697545827
NGA,Nigeria,2006,1599.53891556365
NGA,Nigeria,2005,1211.37703504386
NGA,Nigeria,2004,962.48104194733
NGA,Nigeria,2003,763.388745367223
NGA,Nigeria,2002,712.164852077686
NGA,Nigeria,2001,566.428231812933
NGA,Nigeria,2000,547.318298903379
NGA,Nigeria,1999,480.669363941805
NGA,Nigeria,1998,1822.46998452473
NGA,Nigeria,1997,1720.27540949396
NGA,Nigeria,1996,1632.72469370276
NGA,Nigeria,1995,1271.61617353199
NGA,Nigeria,1994,744.884247151377
NGA,Nigeria,1993,539.573202297542
NGA,Nigeria,1992,508.515905682785
NGA,Nigeria,1991,596.938795710722
NGA,Nigeria,1990,556.376449130902
NGA,Nigeria,1989,465.488089532188
NGA,Nigeria,1988,539.539468397166
NGA,Nigeria,1987,587.956613434089
NGA,Nigeria,1986,628.248453718536
NGA,Nigeria,1985,868.640540548893
NGA,Nigeria,1984,890.434106332302
NGA,Nigeria,1983,1207.07374565349
NGA,Nigeria,1982,1821.53265482387
NGA,Nigeria,1981,2162.20995436075
NGA,Nigeria,1980,870.359934682057
NGA,Nigeria,1979,660.994040864293
NGA,Nigeria,1978,526.895852928476
NGA,Nigeria,1977,535.965307817329
NGA,Nigeria,1976,556.389687719878
NGA,Nigeria,1975,438.078813916795
NGA,Nigeria,1974,402.836999782685
NGA,Nigeria,1973,252.369032452868
NGA,Nigeria,1972,209.454776294345
NGA,Nigeria,1971,160.479255841113
NGA,Nigeria,1970,224.46293599595
NGA,Nigeria,1969,121.436663307697
NGA,Nigeria,1968,97.3372081255964
NGA,Nigeria,1967,99.5014906604697
NGA,Nigeria,1966,124.382440176253
NGA,Nigeria,1965,117.287226824734
NGA,Nigeria,1964,113.297345671875
NGA,Nigeria,1963,107.675741358944
NGA,Nigeria,1962,104.532495533943
NGA,Nigeria,1961,97.1375281143562
NGA,Nigeria,1960,93.1370090424417
MKD,North Macedonia,2025,10489.9255355525
MKD,North Macedonia,2024,9291.8566035502
MKD,North Macedonia,2023,8674.35846327485
MKD,North Macedonia,2022,7606.2375253797
MKD,North Macedonia,2021,7620.80296977508
MKD,North Macedonia,2020,6659.59651070776
MKD,North Macedonia,2019,6718.85826635458
MKD,North Macedonia,2018,6713.98925398989
MKD,North Macedonia,2017,5955.2973863451
MKD,North Macedonia,2016,5598.48622617967
MKD,North Macedonia,2015,5262.68671928674
MKD,North Macedonia,2014,5925.38592218015
MKD,North Macedonia,2013,5626.26115664893
MKD,North Macedonia,2012,5049.8265386157
MKD,North Macedonia,2011,5416.86672931659
MKD,North Macedonia,2010,4833.36586759968
MKD,North Macedonia,2009,4799.78722768888
MKD,North Macedonia,2008,5026.4202989873
MKD,North Macedonia,2007,4204.11328760452
MKD,North Macedonia,2006,3440.4411057968
MKD,North Macedonia,2005,3120.98401394233
MKD,North Macedonia,2004,2818.5814561242
MKD,North Macedonia,2003,2445.36286400013
MKD,North Macedonia,2002,1989.13537265159
MKD,North Macedonia,2001,1823.02267682636
MKD,North Macedonia,2000,1861.89899780644
MKD,North Macedonia,1999,1915.39281060996
MKD,North Macedonia,1998,1875.81662735988
MKD,North Macedonia,1997,1959.56073782188
MKD,North Macedonia,1996,2306.53366957635
MKD,North Macedonia,1995,2355.24705371138
MKD,North Macedonia,1994,1786.35488334914
MKD,North Macedonia,1993,1336.64775641463
MKD,North Macedonia,1992,1198.92829846257
MKD,North Macedonia,1991,2402.13517656378
MKD,North Macedonia,1990,2277.30372314314
MNP,Northern Mariana Islands,2022,23785.754590043
MNP,Northern Mariana Islands,2021,19455.50139424
MNP,Northern Mariana Islands,2020,18220.8382427201
MNP,Northern Mariana Islands,2019,24496.6652122421
MNP,Northern Mariana Islands,2018,26509.3628379893
MNP,Northern Mariana Islands,2017,31225.6049960968
MNP,Northern Mariana Islands,2016,24225.474169342
MNP,Northern Mariana Islands,2015,17665.1007493109
MNP,Northern Mariana Islands,2014,15945.417608954
MNP,Northern Mariana Islands,2013,14632.8518897608
MNP,Northern Mariana Islands,2012,14013.6003306158
MNP,Northern Mariana Islands,2011,13598.7166094613
MNP,Northern Mariana Islands,2010,14771.4037455399
MNP,Northern Mariana Islands,2009,14369.6339810212
MNP,Northern Mariana Islands,2008,16430.4461942257
MNP,Northern Mariana Islands,2007,15914.2193040498
MNP,Northern Mariana Islands,2006,16314.5578590027
MNP,Northern Mariana Islands,2005,17015.7487891715
MNP,Northern Mariana Islands,2004,18924.5831899653
MNP,Northern Mariana Islands,2003,18938.8728389967
MNP,Northern Mariana Islands,2002,19227.8894246608
NOR,Norway,2025,94594.1929573987
NOR,Norway,2024,89888.9535204758
NOR,Norway,2023,90984.4087141111
NOR,Norway,2022,113122.130765691
NOR,Norway,2021,96442.5552173002
NOR,Norway,2020,71057.5879471399
NOR,Norway,2019,79329.3075190012
NOR,Norway,2018,85579.0776455494
NOR,Norway,2017,78771.2151264554
NOR,Norway,2016,73222.4006864905
NOR,Norway,2015,77220.9524311414
NOR,Norway,2014,100410.020200979
NOR,Norway,2013,106333.138368566
NOR,Norway,2012,104627.93694681
NOR,Norway,2011,103545.218988177
NOR,Norway,2010,90020.342257973
NOR,Norway,2009,81939.726548458
NOR,Norway,2008,99001.5300678626
NOR,Norway,2007,86600.2387607877
NOR,Norway,2006,75047.741700385
NOR,Norway,2005,67358.3615969796
NOR,Norway,2004,57854.5698169407
NOR,Norway,2003,50208.0960234078
NOR,Norway,2002,43048.288735011
NOR,Norway,2001,38458.2530907659
NOR,Norway,2000,37991.8907576589
NOR,Norway,1999,36151.4491624485
NOR,Norway,1998,34515.8977194734
NOR,Norway,1997,36324.1473513598
NOR,Norway,1996,37072.6000316602
NOR,Norway,1995,34658.6948344762
NOR,Norway,1994,29129.7350937014
NOR,Norway,1993,27792.6599198329
NOR,Norway,1992,30328.210916818
NOR,Norway,1991,28427.2524217324
NOR,Norway,1990,28137.4837293741
NOR,Norway,1989,24184.8126093052
NOR,Norway,1988,24111.6310594146
NOR,Norway,1987,22430.2488269377
NOR,Norway,1986,18822.0644903098
NOR,Norway,1985,15704.0849927239
NOR,Norway,1984,14943.1398958054
NOR,Norway,1983,14876.7583997781
NOR,Norway,1982,15177.7873936039
NOR,Norway,1981,15462.7834538319
NOR,Norway,1980,15707.9683777553
NOR,Norway,1979,12998.2915999562
NOR,Norway,1978,11421.4699303169
NOR,Norway,1977,10230.160816144
NOR,Norway,1976,8895.7022645797
NOR,Norway,1975,8170.69776714575
NOR,Norway,1974,6783.35338935005
NOR,Norway,1973,5664.19042060684
NOR,Norway,1972,4394.5879226684
NOR,Norway,1971,3721.02526677458
NOR,Norway,1970,3290.57877867639
NOR,Norway,1969,2880.54823198589
NOR,Norway,1968,2667.03611449992
NOR,Norway,1967,2518.68880884488
NOR,Norway,1966,2321.47621551643
NOR,Norway,1965,2168.46797295547
NOR,Norway,1964,1941.46511840231
NOR,Norway,1963,1778.86328512139
NOR,Norway,1962,1670.32789543337
NOR,Norway,1961,1563.20784301582
NOR,Norway,1960,1444.41949906697
OMN,Oman,2025,19947.3966227092
OMN,Oman,2024,20285.2272765262
OMN,Oman,2023,21027.7384572657
OMN,Oman,2022,23223.5829405935
OMN,Oman,2021,19403.4600160211
OMN,Oman,2020,16784.8630630058
OMN,Oman,2019,19180.1864152801
OMN,Oman,2018,19901.7615642016
OMN,Oman,2017,17820.0661809335
OMN,Oman,2016,17110.1897460545
OMN,Oman,2015,18808.3077921839
OMN,Oman,2014,23160.6502252547
OMN,Oman,2013,23458.0233840053
OMN,Oman,2012,24642.2978768596
OMN,Oman,2011,25188.0074151885
OMN,Oman,2010,23570.1798147325
OMN,Oman,2009,20655.9180249218
OMN,Oman,2008,26576.779241509
OMN,Oman,2007,18792.653772482
OMN,Oman,2006,16930.8565071853
OMN,Oman,2005,14434.8577924647
OMN,Oman,2004,11800.8507411171
OMN,Oman,2003,10463.5425832141
OMN,Oman,2002,9869.13050219438
OMN,Oman,2001,9611.96360191054
OMN,Oman,2000,9753.84755185404
OMN,Oman,1999,7915.44169380534
OMN,Oman,1998,7219.02932432025
OMN,Oman,1997,8234.64063759005
OMN,Oman,1996,8068.00076784612
OMN,Oman,1995,7414.30279204109
OMN,Oman,1994,7068.38996979073
OMN,Oman,1993,7038.9301587736
OMN,Oman,1992,7317.78815838166
OMN,Oman,1991,6977.3285922345
OMN,Oman,1990,7545.70305230441
OMN,Oman,1989,5591.22723847558
OMN,Oman,1988,5279.10411437183
OMN,Oman,1987,5203.99994065839
OMN,Oman,1986,5181.87980290561
OMN,Oman,1985,7548.69588410284
OMN,Oman,1984,7070.07295804885
OMN,Oman,1983,6714.19125910699
OMN,Oman,1982,6759.29870293907
OMN,Oman,1981,6865.58482819779
OMN,Oman,1980,5974.30434611467
OMN,Oman,1979,3933.50510857105
OMN,Oman,1978,3043.75121036129
OMN,Oman,1977,3204.86972958061
OMN,Oman,1976,3142.52717836645
OMN,Oman,1975,2691.99653514052
OMN,Oman,1974,2203.40591346986
OMN,Oman,1973,669.829529995212
OMN,Oman,1972,523.675726630998
OMN,Oman,1971,441.935384423256
OMN,Oman,1970,386.792712839023
OMN,Oman,1969,371.945677290612
OMN,Oman,1968,300.382394498902
OMN,Oman,1967,174.708442422448
OMN,Oman,1966,113.158851470616
OMN,Oman,1965,108.127276326149
OMN,Oman,1964,108.059747071369
OMN,Oman,1963,106.829311959455
OMN,Oman,1962,102.325889863048
OMN,Oman,1961,84.5311646369716
OMN,Oman,1960,83.3853105243323
PAK,Pakistan,2025,1595.90912252837
PAK,Pakistan,2024,1479.47755241191
PAK,Pakistan,2023,1360.32417758419
PAK,Pakistan,2022,1538.3228133171
PAK,Pakistan,2021,1455.31922370186
PAK,Pakistan,2020,1278.39735206896
PAK,Pakistan,2019,1390.41690981745
PAK,Pakistan,2018,1569.33814626355
PAK,Pakistan,2017,1519.23459514248
PAK,Pakistan,2016,1424.69161195897
PAK,Pakistan,2015,1380.47020838317
PAK,Pakistan,2014,1266.61340849959
PAK,Pakistan,2013,1225.4340119198
PAK,Pakistan,2012,1204.36475491585
PAK,Pakistan,2011,1131.73513834324
PAK,Pakistan,2010,987.304571124485
PAK,Pakistan,2009,963.788066395225
PAK,Pakistan,2008,1067.04324565284
PAK,Pakistan,2007,998.090114197524
PAK,Pakistan,2006,900.873564984808
PAK,Pakistan,2005,827.619861189926
PAK,Pakistan,2004,771.902247348954
PAK,Pakistan,2003,672.44178669894
PAK,Pakistan,2002,599.937345723927
PAK,Pakistan,2001,609.939506905073
PAK,Pakistan,2000,642.338346499898
PAK,Pakistan,1999,418.249257055367
PAK,Pakistan,1998,424.453697798497
PAK,Pakistan,1997,438.030942680153
PAK,Pakistan,1996,456.996961832943
PAK,Pakistan,1995,450.550279346206
PAK,Pakistan,1994,399.955927561352
PAK,Pakistan,1993,407.888140688466
PAK,Pakistan,1992,395.67720859593
PAK,Pakistan,1991,380.019843346229
PAK,Pakistan,1990,344.45547384189
PAK,Pakistan,1989,357.595796105007
PAK,Pakistan,1988,353.85454278549
PAK,Pakistan,1987,317.23867416111
PAK,Pakistan,1986,313.946324043906
PAK,Pakistan,1985,317.063499386432
PAK,Pakistan,1984,327.345625152291
PAK,Pakistan,1983,311.098361356703
PAK,Pakistan,1982,344.889792466995
PAK,Pakistan,1981,327.505069961745
PAK,Pakistan,1980,287.448707270022
PAK,Pakistan,1979,249.229389957057
PAK,Pakistan,1978,233.41799161409
PAK,Pakistan,1977,204.677762649367
PAK,Pakistan,1976,183.859733422347
PAK,Pakistan,1975,161.681774899518
PAK,Pakistan,1974,132.005156607293
PAK,Pakistan,1973,97.5136425928243
PAK,Pakistan,1972,148.073976270617
PAK,Pakistan,1971,172.453662202274
PAK,Pakistan,1970,166.662061958389
PAK,Pakistan,1969,148.528512990071
PAK,Pakistan,1968,141.558306459346
PAK,Pakistan,1967,135.190474942968
PAK,Pakistan,1966,122.229353754713
PAK,Pakistan,1965,113.567206414596
PAK,Pakistan,1964,102.45976384531
PAK,Pakistan,1963,93.6508728613463
PAK,Pakistan,1962,89.5039525753413
PAK,Pakistan,1961,87.7778246966181
PAK,Pakistan,1960,82.0241000071912
PLW,Palau,2025,19532.3557719527
PLW,Palau,2024,18169.0767165866
PLW,Palau,2023,15578.3497630733
PLW,Palau,2022,13934.951996171
PLW,Palau,2021,13267.4877340719
PLW,Palau,2020,14556.30954221
PLW,Palau,2019,15841.8923474548
PLW,Palau,2018,16179.877834849
PLW,Palau,2017,16280.241199753
PLW,Palau,2016,17043.6660673147
PLW,Palau,2015,15938.3652222848
PLW,Palau,2014,13854.730278013
PLW,Palau,2013,12820.5931621147
PLW,Palau,2012,12098.4124331551
PLW,Palau,2011,10795.639900708
PLW,Palau,2010,10018.065238367
PLW,Palau,2009,9837.49883077663
PLW,Palau,2008,10471.1510008417
PLW,Palau,2007,10155.0470806134
PLW,Palau,2006,9737.01943934058
PLW,Palau,2005,9367.68615343862
PLW,Palau,2004,8393.73029137235
PLW,Palau,2003,7862.39286077623
PLW,Palau,2002,8340.18965031021
PLW,Palau,2001,8239.26386807565
PLW,Palau,2000,7798.07510558974
PLW,Palau,1999,7629.56986402836
PLW,Palau,1998,8047.91621679983
PLW,Palau,1997,7944.59907223327
PLW,Palau,1996,7788.29726974057
PLW,Palau,1995,7038.00523407967
PLW,Palau,1994,6329.06976744186
PLW,Palau,1993,5891.50378695334
PLW,Palau,1992,6552.7112389768
PLW,Palau,1991,6824.34353785065
PLW,Palau,1990,6402.929615309
PLW,Palau,1989,5741.0868517899
PLW,Palau,1988,5145.00614544213
PLW,Palau,1987,4616.29028882378
PLW,Palau,1986,4143.56203650884
PLW,Palau,1985,3728.1295295149
PLW,Palau,1984,3360.14538501912
PLW,Palau,1983,3049.47947101338
PLW,Palau,1982,2838.1584213014
PLW,Palau,1981,2638.81583615546
PLW,Palau,1980,2422.62684377801
PLW,Palau,1979,2188.88311583043
PLW,Palau,1978,1971.86615755627
PLW,Palau,1977,1781.08614770459
PLW,Palau,1976,1616.48039371329
PLW,Palau,1975,1463.541050968
PLW,Palau,1974,1328.03334121542
PLW,Palau,1973,1221.46980560867
PLW,Palau,1972,1144.53616532721
PLW,Palau,1971,1080.60838506676
PLW,Palau,1970,1017.15701970443
PAN,Panama,2025,19789.7308555826
PAN,Panama,2024,19161.218843129
PAN,Panama,2023,18797.1933894611
PAN,Panama,2022,17378.6070083597
PAN,Panama,2021,15509.8069109784
PAN,Panama,2020,13290.5608347594
PAN,Panama,2019,16477.9066285687
PAN,Panama,2018,16151.3273478476
PAN,Panama,2017,15694.6297454295
PAN,Panama,2016,14832.3611608191
PAN,Panama,2015,14082.6548502728
PAN,Panama,2014,13213.1989637473
PAN,Panama,2013,12273.3225037637
PAN,Panama,2012,11064.8063606203
PAN,Panama,2011,9662.29592216607
PAN,Panama,2010,8331.46421351868
PAN,Panama,2009,7796.92617035048
PAN,Panama,2008,7347.59050324397
PAN,Panama,2007,6317.81730274124
PAN,Panama,2006,5528.76705469354
PAN,Panama,2005,5017.7410922824
PAN,Panama,2004,4644.56582353041
PAN,Panama,2003,4264.66428846636
PAN,Panama,2002,4090.58617397129
PAN,Panama,2001,3991.7767076924
PAN,Panama,2000,3975.09308659503
PAN,Panama,1999,3950.34145012809
PAN,Panama,1998,3807.83869182014
PAN,Panama,1997,3545.97670881078
PAN,Panama,1996,3308.18429574276
PAN,Panama,1995,3513.89737854631
PAN,Panama,1994,3508.19570069218
PAN,Panama,1993,3358.41411740053
PAN,Panama,1992,3139.89952899581
PAN,Panama,1991,2820.54547665418
PAN,Panama,1990,2620.13827266274
PAN,Panama,1989,2462.11022455924
PAN,Panama,1988,2508.78229277879
PAN,Panama,1987,2966.00967866653
PAN,Panama,1986,3019.48150533575
PAN,Panama,1985,2972.18070666064
PAN,Panama,1984,2874.94832112227
PAN,Panama,1983,2819.35128451397
PAN,Panama,1982,2811.40643706411
PAN,Panama,1981,2605.45529924397
PAN,Panama,1980,2357.09131999751
PAN,Panama,1979,1937.98107506361
PAN,Panama,1978,1738.48763684081
PAN,Panama,1977,1503.26503409472
PAN,Panama,1976,1456.50009707727
PAN,Panama,1975,1405.74899748267
PAN,Panama,1974,1296.44759308169
PAN,Panama,1973,1164.32745834068
PAN,Panama,1972,1046.06341222824
PAN,Panama,1971,979.3302533737
PAN,Panama,1970,892.890877487492
PAN,Panama,1969,830.319752856442
PAN,Panama,1968,778.476641666323
PAN,Panama,1967,744.890928311974
PAN,Panama,1966,688.846978762789
PAN,Panama,1965,651.331374848625
PAN,Panama,1964,611.100612960754
PAN,Panama,1963,586.61668793076
PAN,Panama,1962,545.570446272529
PAN,Panama,1961,516.459861881073
PAN,Panama,1960,477.037935000289
PNG,Papua New Guinea,2025,3019.5309140573
PNG,Papua New Guinea,2024,2912.4914068385
PNG,Papua New Guinea,2023,2966.06455045333
PNG,Papua New Guinea,2022,3102.29409730005
PNG,Papua New Guinea,2021,2607.97769973161
PNG,Papua New Guinea,2020,2429.61134585269
PNG,Papua New Guinea,2019,2575.77274140393
PNG,Papua New Guinea,2018,2566.36833735041
PNG,Papua New Guinea,2017,2477.76530986323
PNG,Papua New Guinea,2016,2316.39479758492
PNG,Papua New Guinea,2015,2484.5963398603
PNG,Papua New Guinea,2014,2723.17529825196
PNG,Papua New Guinea,2013,2560.77458976327
PNG,Papua New Guinea,2012,2635.0873631547
PNG,Papua New Guinea,2011,2288.37591141234
PNG,Papua New Guinea,2010,1866.86889851208
PNG,Papua New Guinea,2009,1568.83193368607
PNG,Papua New Guinea,2008,1624.79319935188
PNG,Papua New Guinea,2007,1370.753415829
PNG,Papua New Guinea,2006,1238.18282926706
PNG,Papua New Guinea,2005,744.486489977433
PNG,Papua New Guinea,2004,620.596147680561
PNG,Papua New Guinea,2003,577.467922387259
PNG,Papua New Guinea,2002,506.331789534482
PNG,Papua New Guinea,2001,537.847459634131
PNG,Papua New Guinea,2000,635.957919047725
PNG,Papua New Guinea,1999,649.994719718763
PNG,Papua New Guinea,1998,733.479860137662
PNG,Papua New Guinea,1997,989.721550965343
PNG,Papua New Guinea,1996,1071.04185150251
PNG,Papua New Guinea,1995,998.229967376131
PNG,Papua New Guinea,1994,1228.24343638772
PNG,Papua New Guinea,1993,1151.28388116601
PNG,Papua New Guinea,1992,1050.7071689258
PNG,Papua New Guinea,1991,941.707721616563
PNG,Papua New Guinea,1990,826.317152082832
PNG,Papua New Guinea,1989,934.246494854331
PNG,Papua New Guinea,1988,984.993556016427
PNG,Papua New Guinea,1987,865.468569563314
PNG,Papua New Guinea,1986,744.908522742949
PNG,Papua New Guinea,1985,696.574806636325
PNG,Papua New Guinea,1984,749.637059926778
PNG,Papua New Guinea,1983,768.636364904269
PNG,Papua New Guinea,1982,725.645992789394
PNG,Papua New Guinea,1981,781.41257446286
PNG,Papua New Guinea,1980,812.964617578981
PNG,Papua New Guinea,1979,747.800949082904
PNG,Papua New Guinea,1978,648.490112781654
PNG,Papua New Guinea,1977,558.015016249782
PNG,Papua New Guinea,1976,525.433235600649
PNG,Papua New Guinea,1975,481.950394020557
PNG,Papua New Guinea,1974,533.088651774956
PNG,Papua New Guinea,1973,482.816252421415
PNG,Papua New Guinea,1972,326.720237042343
PNG,Papua New Guinea,1971,279.669733884528
PNG,Papua New Guinea,1970,257.647270580834
PNG,Papua New Guinea,1969,225.288234672395
PNG,Papua New Guinea,1968,202.937753394767
PNG,Papua New Guinea,1967,188.972036608059
PNG,Papua New Guinea,1966,171.054558569102
PNG,Papua New Guinea,1965,153.93728254876
PNG,Papua New Guinea,1964,139.518603886501
PNG,Papua New Guinea,1963,128.874165095194
PNG,Papua New Guinea,1962,124.734548848091
PNG,Papua New Guinea,1961,119.656325913849
PNG,Papua New Guinea,1960,115.530490488928
PRY,Paraguay,2025,7026.61906146401
PRY,Paraguay,2024,6456.60723068562
PRY,Paraguay,2023,6303.26495017292
PRY,Paraguay,2022,6189.10205375331
PRY,Paraguay,2021,5974.9057185863
PRY,Paraguay,2020,5365.47220721191
PRY,Paraguay,2019,5821.18199548637
PRY,Paraguay,2018,6258.44991640954
PRY,Paraguay,2017,6152.26711537703
PRY,Paraguay,2016,5775.1596339946
PRY,Paraguay,2015,5879.33792308671
PRY,Paraguay,2014,6652.25478942291
PRY,Paraguay,2013,6435.68342733182
PRY,Paraguay,2012,5642.1699167298
PRY,Paraguay,2011,5805.40154543044
PRY,Paraguay,2010,4750.96273669322
PRY,Paraguay,2009,3941.84815479271
PRY,Paraguay,2008,4384.9546943793
PRY,Paraguay,2007,3211.93621659546
PRY,Paraguay,2006,2439.43124694576
PRY,Paraguay,2005,1970.87169852378
PRY,Paraguay,2004,1786.21533938543
PRY,Paraguay,2003,1443.99885236205
PRY,Paraguay,2002,1367.76506935997
PRY,Paraguay,2001,1637.68615122932
PRY,Paraguay,2000,1736.11729210765
PRY,Paraguay,1999,1766.30657288259
PRY,Paraguay,1998,1889.88455618586
PRY,Paraguay,1997,2078.50841313824
PRY,Paraguay,1996,2088.17109102236
PRY,Paraguay,1995,1978.71514099575
PRY,Paraguay,1994,1760.28807083292
PRY,Paraguay,1993,1661.70955306218
PRY,Paraguay,1992,1682.67444777611
PRY,Paraguay,1991,1685.26890082621
PRY,Paraguay,1990,1440.15829610029
PRY,Paraguay,1989,1211.29634333964
PRY,Paraguay,1988,1113.89406863138
PRY,Paraguay,1987,1068.95380287336
PRY,Paraguay,1986,1031.15623781062
PRY,Paraguay,1985,934.991981806694
PRY,Paraguay,1984,1319.23446766653
PRY,Paraguay,1983,1709.80484009501
PRY,Paraguay,1982,1679.81843739033
PRY,Paraguay,1981,1792.61496129399
PRY,Paraguay,1980,1456.84406918803
PRY,Paraguay,1979,1148.89527317637
PRY,Paraguay,1978,882.931919341442
PRY,Paraguay,1977,739.83449409653
PRY,Paraguay,1976,615.825049934218
PRY,Paraguay,1975,561.522396286823
PRY,Paraguay,1974,507.87047971714
PRY,Paraguay,1973,388.712259813059
PRY,Paraguay,1972,307.630516228445
PRY,Paraguay,1971,272.082440745597
PRY,Paraguay,1970,248.996708209079
PRY,Paraguay,1969,238.242208450243
PRY,Paraguay,1968,226.80197812329
PRY,Paraguay,1967,220.930909757875
PRY,Paraguay,1966,213.947608399441
PRY,Paraguay,1965,208.729579506696
PRY,Paraguay,1964,196.973355774177
PRY,Paraguay,1963,189.872423489268
PRY,Paraguay,1962,182.805194132375
PRY,Paraguay,1961,167.092827495951
PRY,Paraguay,1960,153.375216758109
PER,Peru,2025,9684.41170314988
PER,Peru,2024,8526.29665719783
PER,Peru,2023,7919.04634828547
PER,Peru,2022,7353.74598721667
PER,Peru,2021,6828.53422535638
PER,Peru,2020,6133.32552410183
PER,Peru,2019,7037.00803692604
PER,Peru,2018,6978.49121548627
PER,Peru,2017,6736.16693725487
PER,Peru,2016,6217.03599995447
PER,Peru,2015,6231.71150338894
PER,Peru,2014,6667.13410360861
PER,Peru,2013,6746.80025696601
PER,Peru,2012,6519.37852981527
PER,Peru,2011,5861.35793645245
PER,Peru,2010,5072.11494019615
PER,Peru,2009,4181.18755462253
PER,Peru,2008,4197.58444634142
PER,Peru,2007,3581.0893081917
PER,Peru,2006,3129.55996496982
PER,Peru,2005,2706.66947297608
PER,Peru,2004,2397.25147277714
PER,Peru,2003,2129.44114197634
PER,Peru,2002,2007.37019626753
PER,Peru,2001,1929.57273038846
PER,Peru,2000,1945.41338451698
PER,Peru,1999,1916.53397367908
PER,Peru,1998,2156.39377651613
PER,Peru,1997,2300.67200774461
PER,Peru,1996,2226.91682429265
PER,Peru,1995,2189.53431515311
PER,Peru,1994,1879.36657757919
PER,Peru,1993,1487.67404314175
PER,Peru,1992,1567.40910765128
PER,Peru,1991,1527.38879472866
PER,Peru,1990,1199.66666756615
PER,Peru,1989,1044.90725784847
PER,Peru,1988,733.299784874657
PER,Peru,1987,1792.30070238361
PER,Peru,1986,1086.60913755382
PER,Peru,1985,767.43588754407
PER,Peru,1984,917.896274683145
PER,Peru,1983,927.258656933852
PER,Peru,1982,1194.45000618562
PER,Peru,1981,1216.27350223135
PER,Peru,1980,1044.69165468575
PER,Peru,1979,942.176901705359
PER,Peru,1978,756.347306761911
PER,Peru,1977,902.860901025509
PER,Peru,1976,1026.41438542928
PER,Peru,1975,1104.16133001287
PER,Peru,1974,926.57995047717
PER,Peru,1973,753.924581161999
PER,Peru,1972,646.679686654992
PER,Peru,1971,599.041967615617
PER,Peru,1970,550.484609442545
PER,Peru,1969,487.660318575547
PER,Peru,1968,447.99179719095
PER,Peru,1967,497.58475625699
PER,Peru,1966,504.825948542419
PER,Peru,1965,438.990796969303
PER,Peru,1964,380.965457465866
PER,Peru,1963,324.107404672837
PER,Peru,1962,304.537817519843
PER,Peru,1961,276.641400132003
PER,Peru,1960,252.796782675034
PHL,Philippines,2025,4170.72347271451
PHL,Philippines,2024,3985.29464669706
PHL,Philippines,2023,3804.08274131718
PHL,Philippines,2022,3548.06930572116
PHL,Philippines,2021,3484.38593882819
PHL,Philippines,2020,3227.57910235199
PHL,Philippines,2019,3400.78949767074
PHL,Philippines,2018,3168.51036609727
PHL,Philippines,2017,3038.12124959289
PHL,Philippines,2016,2985.19564024046
PHL,Philippines,2015,2909.85818010301
PHL,Philippines,2014,2866.83803761407
PHL,Philippines,2013,2781.27957677397
PHL,Philippines,2012,2614.61644401308
PHL,Philippines,2011,2383.91892522087
PHL,Philippines,2010,2162.91375885614
PHL,Philippines,2009,1864.45043406471
PHL,Philippines,2008,1959.29233534978
PHL,Philippines,2007,1712.65543282793
PHL,Philippines,2006,1426.14649179546
PHL,Philippines,2005,1220.46018559867
PHL,Philippines,2004,1099.63013023758
PHL,Philippines,2003,1027.2301192843
PHL,Philippines,2002,1014.90879320106
PHL,Philippines,2001,969.530611744453
PHL,Philippines,2000,1050.79273107952
PHL,Philippines,1999,1101.43515975318
PHL,Philippines,1998,982.865943728564
PHL,Philippines,1997,1273.27604875636
PHL,Philippines,1996,1311.09249403865
PHL,Philippines,1995,1199.84171414993
PHL,Philippines,1994,1059.9838951587
PHL,Philippines,1993,918.642953796961
PHL,Philippines,1992,916.515694532029
PHL,Philippines,1991,804.323330530547
PHL,Philippines,1990,803.572588255813
PHL,Philippines,1989,791.864324425833
PHL,Philippines,1988,722.343718454247
PHL,Philippines,1987,649.812857590607
PHL,Philippines,1986,600.002843935462
PHL,Philippines,1985,633.211065310196
PHL,Philippines,1984,665.042349344043
PHL,Philippines,1983,723.430497138016
PHL,Philippines,1982,832.536200258054
PHL,Philippines,1981,821.293256858092
PHL,Philippines,1980,766.969451146209
PHL,Philippines,1979,666.956386771672
PHL,Philippines,1978,565.267487053598
PHL,Philippines,1977,502.23424288346
PHL,Philippines,1976,448.620084504484
PHL,Philippines,1975,400.638883090952
PHL,Philippines,1974,379.068181207602
PHL,Philippines,1973,283.228592733126
PHL,Philippines,1972,230.097611314044
PHL,Philippines,1971,217.429055093343
PHL,Philippines,1970,200.921655645037
PHL,Philippines,1969,261.090890369413
PHL,Philippines,1968,242.232067627814
PHL,Philippines,1967,223.124766332659
PHL,Philippines,1966,213.849586020843
PHL,Philippines,1965,199.763575376063
PHL,Philippines,1964,188.153783582113
PHL,Philippines,1963,179.464434045296
PHL,Philippines,1962,166.689221357377
PHL,Philippines,1961,283.794741192369
PHL,Philippines,1960,269.465146474794
POL,Poland,2025,28419.5777395638
POL,Poland,2024,25103.565661423
POL,Poland,2023,22145.2660647429
POL,Poland,2022,18891.2121169279
POL,Poland,2021,18635.5104895754
POL,Poland,2020,16150.9304813473
POL,Poland,2019,15874.5220531254
POL,Poland,2018,15658.210586693
POL,Poland,2017,13913.3415190124
POL,Poland,2016,12464.0121044827
POL,Poland,2015,12637.5220324406
POL,Poland,2014,14262.2841914116
POL,Poland,2013,13621.9023794031
POL,Poland,2012,13087.420943321
POL,Poland,2011,13867.6669408192
POL,Poland,2010,12567.7317676382
POL,Poland,2009,11556.3026866026
POL,Poland,2008,14048.5604672654
POL,Poland,2007,11272.5293683383
POL,Poland,2006,9068.85528307627
POL,Poland,2005,8043.92332253757
POL,Poland,2004,6711.72715262967
POL,Poland,2003,5720.81366178104
POL,Poland,2002,5223.45178967082
POL,Poland,2001,5015.23790036613
POL,Poland,2000,4520.64100449111
POL,Poland,1999,4415.50067547826
POL,Poland,1998,4533.5356551781
POL,Poland,1997,4137.00831823145
POL,Poland,1996,4163.51195431959
POL,Poland,1995,3700.95956775144
POL,Poland,1994,2874.83163555069
POL,Poland,1993,2497.13055936127
POL,Poland,1992,2459.02068468253
POL,Poland,1991,2235.54108862522
POL,Poland,1990,1731.2095094382
PRT,Portugal,2025,32081.8106150292
PRT,Portugal,2024,29328.3067415343
PRT,Portugal,2023,27634.6183139773
PRT,Portugal,2022,24620.5197587181
PRT,Portugal,2021,24711.4510062111
PRT,Portugal,2020,22299.4044062173
PRT,Portugal,2019,23343.3628970034
PRT,Portugal,2018,23541.1401075289
PRT,Portugal,2017,21442.3842768879
PRT,Portugal,2016,19980.2808866516
PRT,Portugal,2015,19215.7813014347
PRT,Portugal,2014,22120.6850127107
PRT,Portugal,2013,21676.4859642714
PRT,Portugal,2012,20593.4274224109
PRT,Portugal,2011,23246.5425416481
PRT,Portugal,2010,22551.935098809
PRT,Portugal,2009,23151.2154130712
PRT,Portugal,2008,24949.0413566739
PRT,Portugal,2007,22811.0564844365
PRT,Portugal,2006,19839.4540499032
PRT,Portugal,2005,18780.12751241
PRT,Portugal,2004,18064.1580932987
PRT,Portugal,2003,15797.7821340276
PRT,Portugal,2002,12936.6928204482
PRT,Portugal,2001,11734.7649743954
PRT,Portugal,2000,11526.3720667968
PRT,Portugal,1999,12475.2917701476
PRT,Portugal,1998,12199.206385024
PRT,Portugal,1997,11575.5071124358
PRT,Portugal,1996,12185.0914010629
PRT,Portugal,1995,11781.3618502221
PRT,Portugal,1994,9977.31990905771
PRT,Portugal,1993,9534.6563637308
PRT,Portugal,1992,10810.5665079626
PRT,Portugal,1991,8958.9853330247
PRT,Portugal,1990,7884.61798756332
PRT,Portugal,1989,6056.38102771889
PRT,Portugal,1988,5623.69699982123
PRT,Portugal,1987,4803.86609546941
PRT,Portugal,1986,3861.9484333688
PRT,Portugal,1985,2705.19300197317
PRT,Portugal,1984,2522.74747620658
PRT,Portugal,1983,2735.49106580047
PRT,Portugal,1982,3079.94956634271
PRT,Portugal,1981,3245.97521367748
PRT,Portugal,1980,3368.36666940279
PRT,Portugal,1979,2755.6246177008
PRT,Portugal,1978,2457.31321644599
PRT,Portugal,1977,2267.37100319478
PRT,Portugal,1976,2173.28393425975
PRT,Portugal,1975,2127.6375072593
PRT,Portugal,1974,2000.41824574682
PRT,Portugal,1973,1747.98904060266
PRT,Portugal,1972,1302.2662677393
PRT,Portugal,1971,1064.53771257341
PRT,Portugal,1970,934.082156096117
PRT,Portugal,1969,832.130682107245
PRT,Portugal,1968,751.947085624465
PRT,Portugal,1967,676.386669887118
PRT,Portugal,1966,601.289222261876
PRT,Portugal,1965,544.71961987576
PRT,Portugal,1964,490.207385856289
PRT,Portugal,1963,452.280291618213
PRT,Portugal,1962,426.49433629823
PRT,Portugal,1961,400.223162057827
PRT,Portugal,1960,376.976430250874
PRI,Puerto Rico (US),2025,40620.1526923687
PRI,Puerto Rico (US),2024,39353.2242360643
PRI,Puerto Rico (US),2023,36980.7653928068
PRI,Puerto Rico (US),2022,35353.5613891039
PRI,Puerto Rico (US),2021,32618.8705106244
PRI,Puerto Rico (US),2020,31427.1034994916
PRI,Puerto Rico (US),2019,31830.5284993358
PRI,Puerto Rico (US),2018,30679.9181934488
PRI,Puerto Rico (US),2017,30328.479490518
PRI,Puerto Rico (US),2016,29978.0889268918
PRI,Puerto Rico (US),2015,29242.041465085
PRI,Puerto Rico (US),2014,28576.0988023209
PRI,Puerto Rico (US),2013,28212.0499737431
PRI,Puerto Rico (US),2012,27742.024476618
PRI,Puerto Rico (US),2011,27170.0766543278
PRI,Puerto Rico (US),2010,26414.8810634548
PRI,Puerto Rico (US),2009,25768.7258883384
PRI,Puerto Rico (US),2008,24898.3345857045
PRI,Puerto Rico (US),2007,23664.8823485096
PRI,Puerto Rico (US),2006,22935.9411586313
PRI,Puerto Rico (US),2005,21959.322696986
PRI,Puerto Rico (US),2004,20988.9923326534
PRI,Puerto Rico (US),2003,19557.1202492358
PRI,Puerto Rico (US),2002,18731.4593897378
PRI,Puerto Rico (US),2001,18123.1987019918
PRI,Puerto Rico (US),2000,16192.1269719638
PRI,Puerto Rico (US),1999,15220.9913420267
PRI,Puerto Rico (US),1998,14304.4049868015
PRI,Puerto Rico (US),1997,12817.6449621352
PRI,Puerto Rico (US),1996,12173.163688986
PRI,Puerto Rico (US),1995,11579.1849969985
PRI,Puerto Rico (US),1994,10876.4188239898
PRI,Puerto Rico (US),1993,10212.2767630564
PRI,Puerto Rico (US),1992,9659.33889995916
PRI,Puerto Rico (US),1991,9064.01851711486
PRI,Puerto Rico (US),1990,8652.50749222505
PRI,Puerto Rico (US),1989,8033.08944133042
PRI,Puerto Rico (US),1988,7595.44465611829
PRI,Puerto Rico (US),1987,6980.49014338219
PRI,Puerto Rico (US),1986,6455.18446107614
PRI,Puerto Rico (US),1985,6008.05448623038
PRI,Puerto Rico (US),1984,5730.11700890201
PRI,Puerto Rico (US),1983,5217.72272856039
PRI,Puerto Rico (US),1982,5115.00851423346
PRI,Puerto Rico (US),1981,4920.72293674859
PRI,Puerto Rico (US),1980,4502.8384279476
PRI,Puerto Rico (US),1979,4024.50942019287
PRI,Puerto Rico (US),1978,3567.7526290007
PRI,Puerto Rico (US),1977,3208.77135614128
PRI,Puerto Rico (US),1976,2946.46195251152
PRI,Puerto Rico (US),1975,2738.24315297261
PRI,Puerto Rico (US),1974,2614.50094053038
PRI,Puerto Rico (US),1973,2432.41421904928
PRI,Puerto Rico (US),1972,2246.4767135113
PRI,Puerto Rico (US),1971,2044.31990558216
PRI,Puerto Rico (US),1970,1852.35467255335
PRI,Puerto Rico (US),1969,1661.86688523369
PRI,Puerto Rico (US),1968,1480.69317642251
PRI,Puerto Rico (US),1967,1335.27411162524
PRI,Puerto Rico (US),1966,1207.81182440348
PRI,Puerto Rico (US),1965,1110.83269082498
PRI,Puerto Rico (US),1964,1006.43444609497
PRI,Puerto Rico (US),1963,931.751665981242
PRI,Puerto Rico (US),1962,854.74480496849
PRI,Puerto Rico (US),1961,777.215027407341
PRI,Puerto Rico (US),1960,717.514843087362
QAT,Qatar,2025,72524.9066385222
QAT,Qatar,2024,75685.0865779973
QAT,Qatar,2023,80195.8746508549
QAT,Qatar,2022,88701.463352273
QAT,Qatar,2021,71751.8831257169
QAT,Qatar,2020,51683.5054376677
QAT,Qatar,2019,66841.3013484919
QAT,Qatar,2018,71039.8490579352
QAT,Qatar,2017,63279.8556949332
QAT,Qatar,2016,61253.6375482797
QAT,Qatar,2015,68985.2946961507
QAT,Qatar,2014,95840.6310094498
QAT,Qatar,2013,103697.008372373
QAT,Qatar,2012,108470.378825036
QAT,Qatar,2011,103261.510293068
QAT,Qatar,2010,77387.2936379616
QAT,Qatar,2009,60785.7351551657
QAT,Qatar,2008,80781.2113909506
QAT,Qatar,2007,65954.1146428814
QAT,Qatar,2006,62582.4453138755
QAT,Qatar,2005,53949.6764091147
QAT,Qatar,2004,41035.5008380177
QAT,Qatar,2003,31602.470865136
QAT,Qatar,2002,27226.6593510117
QAT,Qatar,2001,25870.7991864314
QAT,Qatar,2000,27535.182940934
QAT,Qatar,1999,20233.6846826643
QAT,Qatar,1998,17665.4399446972
QAT,Qatar,1997,20522.801449232
QAT,Qatar,1996,17124.7926054464
QAT,Qatar,1995,15822.5092848142
QAT,Qatar,1994,14764.8766954856
QAT,Qatar,1993,14769.718821974
QAT,Qatar,1992,16280.293589053
QAT,Qatar,1991,15133.4969397069
QAT,Qatar,1990,16721.6210835226
QAT,Qatar,1989,15242.5068904961
QAT,Qatar,1988,14682.0213127986
QAT,Qatar,1987,13718.7908752499
QAT,Qatar,1986,13213.2094336152
QAT,Qatar,1985,16815.0426389482
QAT,Qatar,1984,19749.2502266015
QAT,Qatar,1983,19668.5262152083
QAT,Qatar,1982,24431.3315473402
QAT,Qatar,1981,29543.3106543877
QAT,Qatar,1980,28407.2006612113
QAT,Qatar,1979,21776.6381753833
QAT,Qatar,1978,16757.0982461328
QAT,Qatar,1977,16057.7252719384
QAT,Qatar,1976,15710.3208135683
QAT,Qatar,1975,13013.6838099496
QAT,Qatar,1974,13539.5587974924
QAT,Qatar,1973,4905.34265094329
QAT,Qatar,1972,3482.877835561
QAT,Qatar,1971,2951.769414533
QAT,Qatar,1970,2593.82296339752
ROU,Romania,2025,22537.9532108047
ROU,Romania,2024,20080.2096215595
ROU,Romania,2023,18244.4186876321
ROU,Romania,2022,15503.4691366242
ROU,Romania,2021,14908.0412813921
ROU,Romania,2020,13009.1525348396
ROU,Romania,2019,12909.6104013244
ROU,Romania,2018,12416.134317959
ROU,Romania,2017,10727.9822007426
ROU,Romania,2016,9404.54005870715
ROU,Romania,2015,8977.01748158196
ROU,Romania,2014,10031.7710755404
ROU,Romania,2013,9497.67411615237
ROU,Romania,2012,8929.95366231474
ROU,Romania,2011,9560.6755277458
ROU,Romania,2010,8399.5374234284
ROU,Romania,2009,8548.4543409242
ROU,Romania,2008,10435.1561230787
ROU,Romania,2007,8360.33775916596
ROU,Romania,2006,5757.53127301178
ROU,Romania,2005,4618.00350802913
ROU,Romania,2004,3494.99056448955
ROU,Romania,2003,2679.40626016154
ROU,Romania,2002,2119.85509684554
ROU,Romania,2001,1825.19299373184
ROU,Romania,2000,1659.92904910528
ROU,Romania,1999,1599.90622808339
ROU,Romania,1998,1852.5549693339
ROU,Romania,1997,1577.33656023974
ROU,Romania,1996,1633.01064354117
ROU,Romania,1995,1650.04922365201
ROU,Romania,1994,1323.03237766927
ROU,Romania,1993,1158.05632799712
ROU,Romania,1992,1102.10378473246
ROU,Romania,1991,1254.3124421298
ROU,Romania,1990,1648.48522974542
ROU,Romania,1989,1789.64455528113
ROU,Romania,1988,1753.19285632198
ROU,Romania,1987,1658.75873899995
RUS,Russian Federation,2025,17546.609375
RUS,Russian Federation,2024,14961.8974609375
RUS,Russian Federation,2023,13986.9951171875
RUS,Russian Federation,2022,15625.6328125
RUS,Russian Federation,2021,12425.029296875
RUS,Russian Federation,2020,10108.3271484375
RUS,Russian Federation,2019,11447.701171875
RUS,Russian Federation,2018,11211.8876953125
RUS,Russian Federation,2017,10658.9130859375
RUS,Russian Federation,2016,8663.158203125
RUS,Russian Federation,2015,9277.7138671875
RUS,Russian Federation,2014,14055.47265625
RUS,Russian Federation,2013,15941.4482421875
RUS,Russian Federation,2012,15401.8515625
RUS,Russian Federation,2011,14305.33203125
RUS,Russian Federation,2010,10674.990234375
RUS,Russian Federation,2009,8562.82421875
RUS,Russian Federation,2008,11635.2841796875
RUS,Russian Federation,2007,9101.2392578125
RUS,Russian Federation,2006,6920.19970703125
RUS,Russian Federation,2005,5323.455078125
RUS,Russian Federation,2004,4102.36474609375
RUS,Russian Federation,2003,2975.123046875
RUS,Russian Federation,2002,2377.52954101563
RUS,Russian Federation,2001,2100.3525390625
RUS,Russian Federation,2000,1771.59411621094
RUS,Russian Federation,1999,1330.75720214844
RUS,Russian Federation,1998,1834.86181640625
RUS,Russian Federation,1997,2737.57202148438
RUS,Russian Federation,1996,2643.92919921875
RUS,Russian Federation,1995,2665.77978515625
RUS,Russian Federation,1994,2662.10400390625
RUS,Russian Federation,1993,2930.67016601563
RUS,Russian Federation,1992,3098.802734375
RUS,Russian Federation,1991,3490.45239257813
RUS,Russian Federation,1990,3494.06323242188
RUS,Russian Federation,1989,3429.64990234375
RUS,Russian Federation,1988,3778.01977539063
RWA,Rwanda,2025,1123.73874633225
RWA,Rwanda,2024,1059.93709298801
RWA,Rwanda,2023,1061.05788154076
RWA,Rwanda,2022,1007.05989322914
RWA,Rwanda,2021,842.581492947672
RWA,Rwanda,2020,802.638686936204
RWA,Rwanda,2019,823.355304065304
RWA,Rwanda,2018,772.754982959354
RWA,Rwanda,2017,751.049039527547
RWA,Rwanda,2016,721.258515833094
RWA,Rwanda,2015,725.691418696952
RWA,Rwanda,2014,715.36808783393
RWA,Rwanda,2013,695.397140963607
RWA,Rwanda,2012,697.760143509565
RWA,Rwanda,2011,643.356138618166
RWA,Rwanda,2010,586.599950359877
RWA,Rwanda,2009,556.97399621739
RWA,Rwanda,2008,522.288339420679
RWA,Rwanda,2007,420.733580702508
RWA,Rwanda,2006,352.093916578347
RWA,Rwanda,2005,324.016863847189
RWA,Rwanda,2004,269.540446333402
RWA,Rwanda,2003,249.012274982252
RWA,Rwanda,2002,234.043016755733
RWA,Rwanda,2001,237.308846200901
RWA,Rwanda,2000,251.86926386091
RWA,Rwanda,1999,264.74368682977
RWA,Rwanda,1998,246.154673288384
RWA,Rwanda,1997,238.749371368214
RWA,Rwanda,1996,206.04911417485
RWA,Rwanda,1995,227.971147849318
RWA,Rwanda,1994,110.953668251372
RWA,Rwanda,1993,247.023318476014
RWA,Rwanda,1992,264.083914517464
RWA,Rwanda,1991,253.966902025944
RWA,Rwanda,1990,345.773495139137
RWA,Rwanda,1989,334.741963426594
RWA,Rwanda,1988,343.781325823561
RWA,Rwanda,1987,319.643663256479
RWA,Rwanda,1986,297.725981826167
RWA,Rwanda,1985,271.578979042227
RWA,Rwanda,1984,259.906684534137
RWA,Rwanda,1983,250.568951738884
RWA,Rwanda,1982,246.385549572059
RWA,Rwanda,1981,254.569201378167
RWA,Rwanda,1980,234.392851445713
RWA,Rwanda,1979,213.765751338516
RWA,Rwanda,1978,179.876527814998
RWA,Rwanda,1977,152.744262361192
RWA,Rwanda,1976,134.378431213996
RWA,Rwanda,1975,124.109648020906
RWA,Rwanda,1974,68.9411498895124
RWA,Rwanda,1973,66.9143871515521
RWA,Rwanda,1972,58.3976955241411
RWA,Rwanda,1971,54.378076042345
RWA,Rwanda,1970,55.24197214158
RWA,Rwanda,1969,48.8699283221628
RWA,Rwanda,1968,45.9934717060673
RWA,Rwanda,1967,43.9610505582521
RWA,Rwanda,1966,35.3602860890843
RWA,Rwanda,1965,43.4679672009398
RWA,Rwanda,1964,38.9824483022799
RWA,Rwanda,1963,39.2771771988804
RWA,Rwanda,1962,39.2338440538353
RWA,Rwanda,1961,39.2689714979989
RWA,Rwanda,1960,39.3740728074578
WSM,Samoa,2025,5872.78333308796
WSM,Samoa,2024,5392.87761915762
WSM,Samoa,2023,4822.74084650019
WSM,Samoa,2022,4132.44717734444
WSM,Samoa,2021,4021.55934894283
WSM,Samoa,2020,4099.59660548583
WSM,Samoa,2019,4351.94234943706
WSM,Samoa,2018,4231.81409469194
WSM,Samoa,2017,4307.59381964907
WSM,Samoa,2016,4147.07097674888
WSM,Samoa,2015,4084.36083819933
WSM,Samoa,2014,3982.68080202084
WSM,Samoa,2013,4023.5254013825
WSM,Samoa,2012,3934.60320799981
WSM,Samoa,2011,3821.50678264479
WSM,Samoa,2010,3524.2479246203
WSM,Samoa,2009,3279.18269477295
WSM,Samoa,2008,3373.60639884263
WSM,Samoa,2007,3038.61904093377
WSM,Samoa,2006,2663.29135939532
WSM,Samoa,2005,2550.04221437511
WSM,Samoa,2004,2189.26042607992
WSM,Samoa,2003,1798.12429714048
WSM,Samoa,2002,1527.55790455937
WSM,Samoa,2001,1453.87021324606
WSM,Samoa,2000,1424.75240002471
WSM,Samoa,1999,1416.76915966987
WSM,Samoa,1998,1506.30359215846
WSM,Samoa,1997,1607.88744330521
WSM,Samoa,1996,1419.35849045228
WSM,Samoa,1995,1288.10473321401
WSM,Samoa,1994,1276.85021574897
WSM,Samoa,1993,774.988631552282
WSM,Samoa,1992,776.740824409711
WSM,Samoa,1991,741.563963808482
WSM,Samoa,1990,743.994213008355
WSM,Samoa,1989,728.151128858805
WSM,Samoa,1988,790.134992313838
WSM,Samoa,1987,666.308337309081
WSM,Samoa,1986,604.257418815764
WSM,Samoa,1985,572.806387713236
WSM,Samoa,1984,654.697560664036
WSM,Samoa,1983,670.98638131758
WSM,Samoa,1982,728.127937935873
WSM,Samoa,1981,713.375672542904
WSM,Samoa,1980,765.24773288828
WSM,Samoa,1979,750.588726090539
WSM,Samoa,1978,670.633271871531
WSM,Samoa,1977,615.297809957995
WSM,Samoa,1976,541.03147223181
WSM,Samoa,1975,609.670300459943
WSM,Samoa,1974,626.0388469155
WSM,Samoa,1973,562.757551160649
WSM,Samoa,1972,432.869670090088
WSM,Samoa,1971,376.971495094961
WSM,Samoa,1970,321.996706619559
SMR,San Marino,2023,59871.3288101478
SMR,San Marino,2022,54264.5837022908
SMR,San Marino,2021,54168.9744311193
SMR,San Marino,2020,44426.6259613672
SMR,San Marino,2019,46626.9998571568
SMR,San Marino,2018,47950.7076296808
SMR,San Marino,2017,45192.0530047599
SMR,San Marino,2016,44359.4574206971
SMR,San Marino,2015,43146.8035302005
SMR,San Marino,2014,51260.4804236805
SMR,San Marino,2013,50807.8206340193
SMR,San Marino,2012,47945.8917557105
SMR,San Marino,2011,55601.4008139955
SMR,San Marino,2010,56543.190562068
SMR,San Marino,2009,62429.0202738462
SMR,San Marino,2008,75902.1677701187
SMR,San Marino,2007,70124.4249984768
SMR,San Marino,2006,63270.7994496499
SMR,San Marino,2005,59877.7862692185
SMR,San Marino,2004,58232.0431338765
SMR,San Marino,2003,52529.9136967576
SMR,San Marino,2002,41790.8434204136
SMR,San Marino,2001,39035.1004348216
SMR,San Marino,2000,37600.7049136309
SMR,San Marino,1999,41931.7919135033
SMR,San Marino,1998,40126.93686908
SMR,San Marino,1997,37852.9810311
STP,Sao Tome and Principe,2025,4084.40062145233
STP,Sao Tome and Principe,2024,3502.6176807171
STP,Sao Tome and Principe,2023,2990.6606143535
STP,Sao Tome and Principe,2022,2389.73729784737
STP,Sao Tome and Principe,2021,2362.58827248102
STP,Sao Tome and Principe,2020,2167.22001796925
STP,Sao Tome and Principe,2019,1935.2931816596
STP,Sao Tome and Principe,2018,1825.59971753966
STP,Sao Tome and Principe,2017,1555.79477812888
STP,Sao Tome and Principe,2016,1434.87018050521
STP,Sao Tome and Principe,2015,1298.10946596396
STP,Sao Tome and Principe,2014,1489.67633417608
STP,Sao Tome and Principe,2013,1382.5757842916
STP,Sao Tome and Principe,2012,1210.7926479817
STP,Sao Tome and Principe,2011,1219.80189089671
STP,Sao Tome and Principe,2010,1045.20958234528
STP,Sao Tome and Principe,2009,1128.28046213305
STP,Sao Tome and Principe,2008,1081.8684584729
STP,Sao Tome and Principe,2007,878.885791918745
STP,Sao Tome and Principe,2006,861.970707697664
STP,Sao Tome and Principe,2005,844.169181884274
STP,Sao Tome and Principe,2004,726.560882130444
STP,Sao Tome and Principe,2003,663.696211810494
STP,Sao Tome and Principe,2002,568.10257252271
STP,Sao Tome and Principe,2001,518.88050130005
STP,Sao Tome and Principe,2000,529.089383412262
STP,Sao Tome and Principe,1999,542.692548018387
STP,Sao Tome and Principe,1998,513.569380269738
STP,Sao Tome and Principe,1997,661.668232822488
STP,Sao Tome and Principe,1996,987.048712395264
STP,Sao Tome and Principe,1995,768.710751184259
STP,Sao Tome and Principe,1994,989.500757799244
STP,Sao Tome and Principe,1993,963.785698734091
STP,Sao Tome and Principe,1992,740.471318576498
STP,Sao Tome and Principe,1991,855.105075821698
STP,Sao Tome and Principe,1990,970.059625606155
STP,Sao Tome and Principe,1989,821.355129173615
STP,Sao Tome and Principe,1988,846.60177007008
STP,Sao Tome and Principe,1987,1017.85413731046
STP,Sao Tome and Principe,1986,1042.99511241999
STP,Sao Tome and Principe,1985,761.407990592529
STP,Sao Tome and Principe,1984,735.13352186245
STP,Sao Tome and Principe,1983,719.585065944304
STP,Sao Tome and Principe,1982,783.429221364288
STP,Sao Tome and Principe,1981,829.888818772033
STP,Sao Tome and Principe,1980,828.688007722406
STP,Sao Tome and Principe,1979,683.1642785186
STP,Sao Tome and Principe,1978,586.866567172971
STP,Sao Tome and Principe,1977,538.961153996478
STP,Sao Tome and Principe,1976,585.225491976985
STP,Sao Tome and Principe,1975,693.150687886501
STP,Sao Tome and Principe,1974,682.841924804006
STP,Sao Tome and Principe,1973,676.480648564475
STP,Sao Tome and Principe,1972,511.225883278212
STP,Sao Tome and Principe,1971,470.047210516664
STP,Sao Tome and Principe,1970,479.373226585893
SAU,Saudi Arabia,2025,34536.6555456551
SAU,Saudi Arabia,2024,35527.786181866
SAU,Saudi Arabia,2023,36156.8562500172
SAU,Saudi Arabia,2022,38510.2276211037
SAU,Saudi Arabia,2021,31920.7653655643
SAU,Saudi Arabia,2020,24338.8307301067
SAU,Saudi Arabia,2019,29566.7933827436
SAU,Saudi Arabia,2018,29360.0658968566
SAU,Saudi Arabia,2017,23929.2907135982
SAU,Saudi Arabia,2016,22267.7217050387
SAU,Saudi Arabia,2015,23256.1549553531
SAU,Saudi Arabia,2014,27805.4850319422
SAU,Saudi Arabia,2013,27865.465604962
SAU,Saudi Arabia,2012,28733.4375513452
SAU,Saudi Arabia,2011,27126.7498747702
SAU,Saudi Arabia,2010,22028.3901426586
SAU,Saudi Arabia,2009,17718.3911648365
SAU,Saudi Arabia,2008,22320.4888964331
SAU,Saudi Arabia,2007,18596.1502627898
SAU,Saudi Arabia,2006,17563.6145370639
SAU,Saudi Arabia,2005,15975.7473782258
SAU,Saudi Arabia,2004,13154.4978989446
SAU,Saudi Arabia,2003,11487.220410693
SAU,Saudi Arabia,2002,10586.0543471363
SAU,Saudi Arabia,2001,10805.311325122
SAU,Saudi Arabia,2000,11714.5623675159
SAU,Saudi Arabia,1999,10452.1899400479
SAU,Saudi Arabia,1998,9836.05729768574
SAU,Saudi Arabia,1997,11545.3455998551
SAU,Saudi Arabia,1996,11471.5045960191
SAU,Saudi Arabia,1995,10786.4008952769
SAU,Saudi Arabia,1994,10601.9196697805
SAU,Saudi Arabia,1993,10884.8607880777
SAU,Saudi Arabia,1992,11730.2687665244
SAU,Saudi Arabia,1991,11847.1699534218
SAU,Saudi Arabia,1990,11054.7495049666
SAU,Saudi Arabia,1989,9413.58119352769
SAU,Saudi Arabia,1988,9165.49615323397
SAU,Saudi Arabia,1987,9385.98469519899
SAU,Saudi Arabia,1986,10078.2896080512
SAU,Saudi Arabia,1985,12745.41992535
SAU,Saudi Arabia,1984,15541.1312184609
SAU,Saudi Arabia,1983,17809.5527471054
SAU,Saudi Arabia,1982,22454.4843169614
SAU,Saudi Arabia,1981,28703.35585508
SAU,Saudi Arabia,1980,27205.6452285141
SAU,Saudi Arabia,1979,19611.565126033
SAU,Saudi Arabia,1978,14914.1542686138
SAU,Saudi Arabia,1977,14595.3739933329
SAU,Saudi Arabia,1976,13312.5119926546
SAU,Saudi Arabia,1975,10265.6414406471
SAU,Saudi Arabia,1974,10503.4280777085
SAU,Saudi Arabia,1973,3640.08361192413
SAU,Saudi Arabia,1972,2474.38683208975
SAU,Saudi Arabia,1971,1929.30910330483
SAU,Saudi Arabia,1970,1509.43961165521
SAU,Saudi Arabia,1969,1312.73865737123
SAU,Saudi Arabia,1968,1275.70709426176
SAU,Saudi Arabia,1967,1031.60360297585
SAU,Saudi Arabia,1966,960.744776733843
SAU,Saudi Arabia,1965,904.118334125664
SAU,Saudi Arabia,1964,840.480371460232
SAU,Saudi Arabia,1963,811.738274661234
SAU,Saudi Arabia,1962,812.926247668855
SAU,Saudi Arabia,1961,760.311740320004
SAU,Saudi Arabia,1960,717.796628958557
SEN,Senegal,2025,1954.71174194867
SEN,Senegal,2024,1738.73223822106
SEN,Senegal,2023,1698.03387300843
SEN,Senegal,2022,1574.0281059306
SEN,Senegal,2021,1598.10676952274
SEN,Senegal,2020,1461.08720350553
SEN,Senegal,2019,1431.18128932159
SEN,Senegal,2018,1452.55612562445
SEN,Senegal,2017,1354.77007193387
SEN,Senegal,2016,1266.43957151587
SEN,Senegal,2015,1218.00613555438
SEN,Senegal,2014,1398.89137601382
SEN,Senegal,2013,1379.83196553924
SEN,Senegal,2012,1326.83798848379
SEN,Senegal,2011,1374.67591873844
SEN,Senegal,2010,1275.88357492357
SEN,Senegal,2009,1308.69404336205
SEN,Senegal,2008,1398.79218010021
SEN,Senegal,2007,1188.93877808175
SEN,Senegal,2006,1017.20196747987
SEN,Senegal,2005,979.846101520171
SEN,Senegal,2004,918.102079522155
SEN,Senegal,2003,817.888034221442
SEN,Senegal,2002,669.430447319209
SEN,Senegal,2001,637.213530563724
SEN,Senegal,2000,603.233162455158
SEN,Senegal,1999,677.516338727268
SEN,Senegal,1998,684.588105785786
SEN,Senegal,1997,650.776321407448
SEN,Senegal,1996,723.469950081149
SEN,Senegal,1995,714.994396357297
SEN,Senegal,1994,583.782776032181
SEN,Senegal,1993,877.52900343803
SEN,Senegal,1992,951.204960087807
SEN,Senegal,1991,913.399575796737
SEN,Senegal,1990,957.314337438177
SEN,Senegal,1989,848.555548058968
SEN,Senegal,1988,880.487755138196
SEN,Senegal,1987,916.09484148409
SEN,Senegal,1986,783.940524706279
SEN,Senegal,1985,571.417166069201
SEN,Senegal,1984,536.231765402514
SEN,Senegal,1983,564.369336303935
SEN,Senegal,1982,651.93712330983
SEN,Senegal,1981,682.972070210382
SEN,Senegal,1980,771.533969550579
SEN,Senegal,1979,716.281436518959
SEN,Senegal,1978,589.134045255614
SEN,Senegal,1977,540.126849249781
SEN,Senegal,1976,540.594007051938
SEN,Senegal,1975,547.378148664851
SEN,Senegal,1974,417.407600285381
SEN,Senegal,1973,381.439007163828
SEN,Senegal,1972,341.835352336553
SEN,Senegal,1971,291.08835742165
SEN,Senegal,1970,290.486425297989
SEN,Senegal,1969,287.253148792203
SEN,Senegal,1968,311.196146846683
SEN,Senegal,1967,305.22048105837
SEN,Senegal,1966,314.534344145945
SEN,Senegal,1965,314.318146394326
SEN,Senegal,1964,317.850426568454
SEN,Senegal,1963,308.629849224244
SEN,Senegal,1962,307.092565107939
SEN,Senegal,1961,308.166383753301
SEN,Senegal,1960,300.425115236279
SRB,Serbia,2025,15262.0464193413
SRB,Serbia,2024,13677.7794863909
SRB,Serbia,2023,12281.707946167
SRB,Serbia,2022,10024.8191112596
SRB,Serbia,2021,9680.52798074468
SRB,Serbia,2020,8098.70955668849
SRB,Serbia,2019,7755.632986437
SRB,Serbia,2018,7559.86165747394
SRB,Serbia,2017,6548.03653824187
SRB,Serbia,2016,5982.37030126471
SRB,Serbia,2015,5820.3215576888
SRB,Serbia,2014,6886.67809068704
SRB,Serbia,2013,7040.41812068781
SRB,Serbia,2012,6263.04086072815
SRB,Serbia,2011,7082.2861666075
SRB,Serbia,2010,5970.92660940072
SRB,Serbia,2009,6414.0448463847
SRB,Serbia,2008,7376.73517910716
SRB,Serbia,2007,6081.08765700202
SRB,Serbia,2006,4492.7136699046
SRB,Serbia,2005,3807.97417321786
SRB,Serbia,2004,3597.08798057009
SRB,Serbia,2003,3153.9011312754
SRB,Serbia,2002,2390.73459447107
SRB,Serbia,2001,1812.42088281393
SRB,Serbia,2000,974.725469278615
SRB,Serbia,1999,2768.91041346166
SRB,Serbia,1998,2775.47372982047
SRB,Serbia,1997,3573.50440240049
SRB,Serbia,1996,3053.90516860949
SRB,Serbia,1995,2349.40645150289
SYC,Seychelles,2025,19449.3836346926
SYC,Seychelles,2024,18364.5259678223
SYC,Seychelles,2023,18130.5297135548
SYC,Seychelles,2022,16682.6990711785
SYC,Seychelles,2021,14982.9111487767
SYC,Seychelles,2020,14041.4754074575
SYC,Seychelles,2019,19141.5118743615
SYC,Seychelles,2018,18440.2340460932
SYC,Seychelles,2017,17480.3651911372
SYC,Seychelles,2016,16566.9946042294
SYC,Seychelles,2015,15333.1051727105
SYC,Seychelles,2014,15188.1902175113
SYC,Seychelles,2013,14821.2921476077
SYC,Seychelles,2012,12337.1554669388
SYC,Seychelles,2011,12110.0937461973
SYC,Seychelles,2010,10934.79494629
SYC,Seychelles,2009,9747.09180546291
SYC,Seychelles,2008,11265.4376270005
SYC,Seychelles,2007,12669.3026687222
SYC,Seychelles,2006,12782.9938926475
SYC,Seychelles,2005,11802.1118276833
SYC,Seychelles,2004,10827.671636033
SYC,Seychelles,2003,9070.28460757013
SYC,Seychelles,2002,8864.16919495467
SYC,Seychelles,2001,8153.2986369879
SYC,Seychelles,2000,8063.65500575169
SYC,Seychelles,1999,8243.23610099084
SYC,Seychelles,1998,8209.51444287
SYC,Seychelles,1997,7746.69851330444
SYC,Seychelles,1996,7004.33603896356
SYC,Seychelles,1995,7180.66832748656
SYC,Seychelles,1994,6974.86770636796
SYC,Seychelles,1993,6978.68075445824
SYC,Seychelles,1992,6520.48950519188
SYC,Seychelles,1991,5654.63975724251
SYC,Seychelles,1990,5642.072897243
SYC,Seychelles,1989,4689.1345079999
SYC,Seychelles,1988,4392.19864861545
SYC,Seychelles,1987,3871.77851995844
SYC,Seychelles,1986,3368.4740950781
SYC,Seychelles,1985,2754.14571028218
SYC,Seychelles,1984,2487.64499220084
SYC,Seychelles,1983,2426.33460826276
SYC,Seychelles,1982,2440.6841742286
SYC,Seychelles,1981,2557.20665504671
SYC,Seychelles,1980,2478.36470343969
SYC,Seychelles,1979,2030.13590313409
SYC,Seychelles,1978,1376.5465132826
SYC,Seychelles,1977,1044.35311338903
SYC,Seychelles,1976,814.47477447888
SYC,Seychelles,1975,806.232644338165
SYC,Seychelles,1974,744.506898260813
SYC,Seychelles,1973,648.531963657638
SYC,Seychelles,1972,546.951095334072
SYC,Seychelles,1971,401.608022143052
SYC,Seychelles,1970,343.88118849057
SYC,Seychelles,1969,314.179858636278
SYC,Seychelles,1968,314.351070663894
SYC,Seychelles,1967,333.233798841887
SYC,Seychelles,1966,337.64622904411
SYC,Seychelles,1965,328.484883920328
SYC,Seychelles,1964,332.304985875279
SYC,Seychelles,1963,308.195248410849
SYC,Seychelles,1962,287.04477353783
SYC,Seychelles,1961,270.279646614487
SYC,Seychelles,1960,288.058144476031
SLE,Sierra Leone,2025,846.296172499617
SLE,Sierra Leone,2024,806.654650274255
SLE,Sierra Leone,2023,758.329137301888
SLE,Sierra Leone,2022,860.371067874555
SLE,Sierra Leone,2021,885.396401613729
SLE,Sierra Leone,2020,845.277558236182
SLE,Sierra Leone,2019,843.71251730417
SLE,Sierra Leone,2018,845.914540460932
SLE,Sierra Leone,2017,779.186007841728
SLE,Sierra Leone,2016,844.416411175476
SLE,Sierra Leone,2015,964.575980888989
SLE,Sierra Leone,2014,1117.7586465721
SLE,Sierra Leone,2013,1117.47183075115
SLE,Sierra Leone,2012,937.504428180231
SLE,Sierra Leone,2011,761.146365577281
SLE,Sierra Leone,2010,685.039673490948
SLE,Sierra Leone,2009,652.845806767943
SLE,Sierra Leone,2008,705.359014080005
SLE,Sierra Leone,2007,631.889926264998
SLE,Sierra Leone,2006,580.26796974773
SLE,Sierra Leone,2005,462.633324427945
SLE,Sierra Leone,2004,417.749983329227
SLE,Sierra Leone,2003,413.817607346927
SLE,Sierra Leone,2002,388.995111216836
SLE,Sierra Leone,2001,358.315716051546
SLE,Sierra Leone,2000,143.743743239644
SLE,Sierra Leone,1999,155.020833269007
SLE,Sierra Leone,1998,156.51811883387
SLE,Sierra Leone,1997,199.880001395777
SLE,Sierra Leone,1996,224.258711163044
SLE,Sierra Leone,1995,208.351997250955
SLE,Sierra Leone,1994,218.507275126222
SLE,Sierra Leone,1993,184.951609154872
SLE,Sierra Leone,1992,163.197571684381
SLE,Sierra Leone,1991,183.686515027567
SLE,Sierra Leone,1990,154.794072467618
SLE,Sierra Leone,1989,231.275622974338
SLE,Sierra Leone,1988,268.160979625957
SLE,Sierra Leone,1987,172.364214833661
SLE,Sierra Leone,1986,131.473041005587
SLE,Sierra Leone,1985,235.510529343624
SLE,Sierra Leone,1984,305.576232491583
SLE,Sierra Leone,1983,285.814326139727
SLE,Sierra Leone,1982,380.074041189746
SLE,Sierra Leone,1981,333.887542728491
SLE,Sierra Leone,1980,336.386279506102
SLE,Sierra Leone,1979,345.86913707629
SLE,Sierra Leone,1978,305.427800560744
SLE,Sierra Leone,1977,224.21335896988
SLE,Sierra Leone,1976,196.411784759207
SLE,Sierra Leone,1975,228.374681042069
SLE,Sierra Leone,1974,222.085173234717
SLE,Sierra Leone,1973,200.641699774769
SLE,Sierra Leone,1972,165.357917863636
SLE,Sierra Leone,1971,151.83336869958
SLE,Sierra Leone,1970,160.164147056907
SLE,Sierra Leone,1969,153.564115961571
SLE,Sierra Leone,1968,126.308899122773
SLE,Sierra Leone,1967,136.121402178747
SLE,Sierra Leone,1966,149.317655188564
SLE,Sierra Leone,1965,145.576540628849
SLE,Sierra Leone,1964,153.377740974545
SLE,Sierra Leone,1963,146.309626743915
SLE,Sierra Leone,1962,146.32194986298
SLE,Sierra Leone,1961,142.275127657602
SLE,Sierra Leone,1960,141.957418300764
SGP,Singapore,2025,98813.9788172877
SGP,Singapore,2024,94896.5621495988
SGP,Singapore,2023,86382.5900499252
SGP,Singapore,2022,91227.6970426492
SGP,Singapore,2021,80884.8565369236
SGP,Singapore,2020,61772.5036492256
SGP,Singapore,2019,66068.7003106378
SGP,Singapore,2018,67032.8225769734
SGP,Singapore,2017,61436.1325502558
SGP,Singapore,2016,57204.0340105222
SGP,Singapore,2015,55645.6068614606
SGP,Singapore,2014,57564.8023114977
SGP,Singapore,2013,56967.4257940383
SGP,Singapore,2012,55547.5553077786
SGP,Singapore,2011,53891.4570264372
SGP,Singapore,2010,47236.683084953
SGP,Singapore,2009,38926.8054365453
SGP,Singapore,2008,40008.5720489092
SGP,Singapore,2007,39432.8860198877
SGP,Singapore,2006,33768.4528234651
SGP,Singapore,2005,29961.3172812732
SGP,Singapore,2004,27608.080013423
SGP,Singapore,2003,23730.3840054566
SGP,Singapore,2002,22159.8373710639
SGP,Singapore,2001,21699.7414868907
SGP,Singapore,2000,23852.8389514753
SGP,Singapore,1999,21796.6373891001
SGP,Singapore,1998,21829.2737831583
SGP,Singapore,1997,26375.8653668113
SGP,Singapore,1996,26232.866096827
SGP,Singapore,1995,24914.8507020358
SGP,Singapore,1994,21552.4100366948
SGP,Singapore,1993,18290.130113185
SGP,Singapore,1992,16136.2405377661
SGP,Singapore,1991,14502.3799938606
SGP,Singapore,1990,11861.7561591366
SGP,Singapore,1989,10394.5389962406
SGP,Singapore,1988,8914.44122574729
SGP,Singapore,1987,7539.02930212443
SGP,Singapore,1986,6799.93036332671
SGP,Singapore,1985,7001.7667477117
SGP,Singapore,1984,7228.31758410647
SGP,Singapore,1983,6633.23667366491
SGP,Singapore,1982,6077.63424070932
SGP,Singapore,1981,5596.58597723068
SGP,Singapore,1980,4928.13911785754
SGP,Singapore,1979,3900.53355310873
SGP,Singapore,1978,3193.90565722355
SGP,Singapore,1977,2846.33598832854
SGP,Singapore,1976,2758.94038028476
SGP,Singapore,1975,2489.91157517591
SGP,Singapore,1974,2341.70551423633
SGP,Singapore,1973,1685.45979632163
SGP,Singapore,1972,1264.37510720987
SGP,Singapore,1971,1071.41154035538
SGP,Singapore,1970,925.797864348214
SGP,Singapore,1969,812.677487316618
SGP,Singapore,1968,708.601436896422
SGP,Singapore,1967,626.029437593984
SGP,Singapore,1966,566.803974405961
SGP,Singapore,1965,516.531928636745
SGP,Singapore,1964,485.530686047381
SGP,Singapore,1963,511.202235371449
SGP,Singapore,1962,472.082740153988
SGP,Singapore,1961,449.148136820776
SGP,Singapore,1960,428.056183371291
SXM,Sint Maarten (Dutch part),2025,42978.1317407037
SXM,Sint Maarten (Dutch part),2024,41472.5870367865
SXM,Sint Maarten (Dutch part),2023,39451.822911732
SXM,Sint Maarten (Dutch part),2022,37793.1283815826
SXM,Sint Maarten (Dutch part),2021,32548.4366854902
SXM,Sint Maarten (Dutch part),2020,30150.8998380477
SXM,Sint Maarten (Dutch part),2019,34861.469528968
SXM,Sint Maarten (Dutch part),2018,31708.3110124742
SXM,Sint Maarten (Dutch part),2017,34701.3058494468
SXM,Sint Maarten (Dutch part),2016,37308.6147795736
SXM,Sint Maarten (Dutch part),2015,37839.6283815163
SXM,Sint Maarten (Dutch part),2014,37134.912423099
SXM,Sint Maarten (Dutch part),2013,28529.7324687053
SXM,Sint Maarten (Dutch part),2012,28149.0997855041
SXM,Sint Maarten (Dutch part),2011,27317.5178881974
SXM,Sint Maarten (Dutch part),2010,26403.8143692163
SXM,Sint Maarten (Dutch part),2009,25528.412619483
SVK,Slovak Republic,2025,28543.6653439813
SVK,Slovak Republic,2024,25992.6748502048
SVK,Slovak Republic,2023,24614.8734642794
SVK,Slovak Republic,2022,21317.7943982363
SVK,Slovak Republic,2021,22123.3342114545
SVK,Slovak Republic,2020,19735.4858280801
SVK,Slovak Republic,2019,19406.0589683582
SVK,Slovak Republic,2018,19573.3717031314
SVK,Slovak Republic,2017,17645.5298716761
SVK,Slovak Republic,2016,16636.0769133073
SVK,Slovak Republic,2015,16442.0760860018
SVK,Slovak Republic,2014,18770.9289896545
SVK,Slovak Republic,2013,18312.7805149823
SVK,Slovak Republic,2012,17516.9691054078
SVK,Slovak Republic,2011,18469.4354316836
SVK,Slovak Republic,2010,16899.448680529
SVK,Slovak Republic,2009,16586.7527805228
SVK,Slovak Republic,2008,17973.8436435514
SVK,Slovak Republic,2007,14330.2064943926
SVK,Slovak Republic,2006,10629.1782325838
SVK,Slovak Republic,2005,9087.20357002472
SVK,Slovak Republic,2004,7996.74076556872
SVK,Slovak Republic,2003,6283.15169311309
SVK,Slovak Republic,2002,4606.38793538107
SVK,Slovak Republic,2001,3974.36802854653
SVK,Slovak Republic,2000,3827.72506501314
SVK,Slovak Republic,1999,3857.18012283382
SVK,Slovak Republic,1998,4250.37387978468
SVK,Slovak Republic,1997,4091.68452874888
SVK,Slovak Republic,1996,4069.11897669644
SVK,Slovak Republic,1995,3787.03820237267
SVK,Slovak Republic,1994,3027.82138293263
SVK,Slovak Republic,1993,2627.44823950706
SVK,Slovak Republic,1992,2437.87630211282
SVK,Slovak Republic,1991,2253.87911882661
SVK,Slovak Republic,1990,3221.04590790625
SVN,Slovenia,2025,37376.2216079138
SVN,Slovenia,2024,34301.0318686594
SVN,Slovenia,2023,32660.4753581346
SVN,Slovenia,2022,28360.3041467268
SVN,Slovenia,2021,29192.8401933019
SVN,Slovenia,2020,25392.0651093612
SVN,Slovenia,2019,25814.1687167572
SVN,Slovenia,2018,25888.0481065655
SVN,Slovenia,2017,23303.077705959
SVN,Slovenia,2016,21447.8377796036
SVN,Slovenia,2015,20697.2748530619
SVN,Slovenia,2014,24013.0682060959
SVN,Slovenia,2013,23236.9655321695
SVN,Slovenia,2012,22442.1417859955
SVN,Slovenia,2011,24940.6284841605
SVN,Slovenia,2010,23329.8417691156
SVN,Slovenia,2009,24501.7897290425
SVN,Slovenia,2008,27461.9764165315
SVN,Slovenia,2007,23725.1596001515
SVN,Slovenia,2006,19563.005059144
SVN,Slovenia,2005,17969.7095907161
SVN,Slovenia,2004,17103.8297783905
SVN,Slovenia,2003,14711.674874253
SVN,Slovenia,2002,11639.1297780477
SVN,Slovenia,2001,10375.6255869861
SVN,Slovenia,2000,10135.7219109212
SVN,Slovenia,1999,11401.4906790909
SVN,Slovenia,1998,11131.5666628231
SVN,Slovenia,1997,10436.7260661871
SVN,Slovenia,1996,10796.7399446283
SVN,Slovenia,1995,10738.0887611468
SVN,Slovenia,1994,8243.89895545106
SVN,Slovenia,1993,7254.58887417768
SVN,Slovenia,1992,7151.15243829224
SVN,Slovenia,1991,7229.31149788617
SVN,Slovenia,1990,9925.14071044684
SLB,Solomon Islands,2025,2086.18955928928
SLB,Solomon Islands,2024,1933.55538435227
SLB,Solomon Islands,2023,1882.64394148042
SLB,Solomon Islands,2022,1877.78104490956
SLB,Solomon Islands,2021,2043.44413170658
SLB,Solomon Islands,2020,2063.32780991967
SLB,Solomon Islands,2019,2223.65890942466
SLB,Solomon Islands,2018,2278.19908624102
SLB,Solomon Islands,2017,2143.57670489272
SLB,Solomon Islands,2016,2082.62383124213
SLB,Solomon Islands,2015,2045.47721526649
SLB,Solomon Islands,2014,2164.95289873002
SLB,Solomon Islands,2013,2161.38627543917
SLB,Solomon Islands,2012,2066.25738638356
SLB,Solomon Islands,2011,1924.05795643133
SLB,Solomon Islands,2010,1685.14535823757
SLB,Solomon Islands,2009,1554.70671006386
SLB,Solomon Islands,2008,1525.84666261203
SLB,Solomon Islands,2007,1390.14870956707
SLB,Solomon Islands,2006,1255.62447417684
SLB,Solomon Islands,2005,1144.49233397681
SLB,Solomon Islands,2004,986.070953503889
SLB,Solomon Islands,2003,895.984242546501
SLB,Solomon Islands,2002,756.890296490792
SLB,Solomon Islands,2001,911.791935385411
SLB,Solomon Islands,2000,953.17190137706
SLB,Solomon Islands,1999,1133.62256531791
SLB,Solomon Islands,1998,1091.89096889326
SLB,Solomon Islands,1997,1292.23951946469
SLB,Solomon Islands,1996,1289.33036923435
SLB,Solomon Islands,1995,1220.17919311126
SLB,Solomon Islands,1994,1078.0410925874
SLB,Solomon Islands,1993,828.869997791691
SLB,Solomon Islands,1992,763.857968549522
SLB,Solomon Islands,1991,665.833104132659
SLB,Solomon Islands,1990,648.325212624098
SLB,Solomon Islands,1989,538.101762870503
SLB,Solomon Islands,1988,567.022935580171
SLB,Solomon Islands,1987,514.6693332731
SLB,Solomon Islands,1986,505.821806525665
SLB,Solomon Islands,1985,586.02235220521
SLB,Solomon Islands,1984,664.696440482807
SLB,Solomon Islands,1983,686.264140182978
SLB,Solomon Islands,1982,755.885653343722
SLB,Solomon Islands,1981,785.830912783879
SLB,Solomon Islands,1980,767.850616345384
SLB,Solomon Islands,1979,657.858329669684
SLB,Solomon Islands,1978,500.058223062566
SLB,Solomon Islands,1977,434.409813335233
SLB,Solomon Islands,1976,401.077416855387
SLB,Solomon Islands,1975,371.718806188648
SLB,Solomon Islands,1974,433.443902987382
SLB,Solomon Islands,1973,291.252272932738
SLB,Solomon Islands,1972,219.502859825935
SLB,Solomon Islands,1971,277.11312090761
SLB,Solomon Islands,1969,165.857344778641
SLB,Solomon Islands,1968,166.888037688373
SLB,Solomon Islands,1967,153.450784088184
SOM,"Somalia, Fed. Rep.",2025,661.173877723116
SOM,"Somalia, Fed. Rep.",2024,629.538899449007
SOM,"Somalia, Fed. Rep.",2023,596.885985135589
SOM,"Somalia, Fed. Rep.",2022,573.141165798229
SOM,"Somalia, Fed. Rep.",2021,549.056994756254
SOM,"Somalia, Fed. Rep.",2020,518.16113333875
SOM,"Somalia, Fed. Rep.",2019,539.954816211694
SOM,"Somalia, Fed. Rep.",2018,509.497273804534
SOM,"Somalia, Fed. Rep.",2017,510.939952317726
SOM,"Somalia, Fed. Rep.",2016,460.928490585175
SOM,"Somalia, Fed. Rep.",2015,445.583080073396
SOM,"Somalia, Fed. Rep.",2014,429.431656725102
SOM,"Somalia, Fed. Rep.",2013,393.398703952979
SOM,"Somalia, Fed. Rep.",2012,350.261946720512
SOM,"Somalia, Fed. Rep.",2011,235.325945610434
SOM,"Somalia, Fed. Rep.",2010,219.202453852397
SOM,"Somalia, Fed. Rep.",2009,246.513251675105
SOM,"Somalia, Fed. Rep.",2008,507.03744334738
SOM,"Somalia, Fed. Rep.",2007,479.635628065289
SOM,"Somalia, Fed. Rep.",2006,457.996662206659
SOM,"Somalia, Fed. Rep.",2005,439.979907805478
SOM,"Somalia, Fed. Rep.",2004,375.410326225387
SOM,"Somalia, Fed. Rep.",2003,286.273025198975
SOM,"Somalia, Fed. Rep.",2002,229.598918310039
SOM,"Somalia, Fed. Rep.",2001,244.914842538455
SOM,"Somalia, Fed. Rep.",2000,386.119274401275
SOM,"Somalia, Fed. Rep.",1999,358.658780828071
SOM,"Somalia, Fed. Rep.",1998,363.200013489992
SOM,"Somalia, Fed. Rep.",1997,280.112724233259
SOM,"Somalia, Fed. Rep.",1996,237.241440951671
SOM,"Somalia, Fed. Rep.",1995,210.673254610492
SOM,"Somalia, Fed. Rep.",1994,210.793779581384
SOM,"Somalia, Fed. Rep.",1993,188.603158677914
SOM,"Somalia, Fed. Rep.",1992,109.204910481074
SOM,"Somalia, Fed. Rep.",1991,105.37132651622
SOM,"Somalia, Fed. Rep.",1990,145.603501373513
SOM,"Somalia, Fed. Rep.",1989,166.042337271006
SOM,"Somalia, Fed. Rep.",1988,145.341346820158
SOM,"Somalia, Fed. Rep.",1987,140.969852181578
SOM,"Somalia, Fed. Rep.",1986,131.414859681198
SOM,"Somalia, Fed. Rep.",1985,130.832875614815
SOM,"Somalia, Fed. Rep.",1984,122.493293689734
SOM,"Somalia, Fed. Rep.",1983,118.644340868341
SOM,"Somalia, Fed. Rep.",1982,129.013919752012
SOM,"Somalia, Fed. Rep.",1981,116.884526594286
SOM,"Somalia, Fed. Rep.",1980,101.499312257078
SOM,"Somalia, Fed. Rep.",1979,108.194947756464
SOM,"Somalia, Fed. Rep.",1978,117.255345126001
SOM,"Somalia, Fed. Rep.",1977,111.183132355277
SOM,"Somalia, Fed. Rep.",1976,199.583547142014
SOM,"Somalia, Fed. Rep.",1975,177.806143412254
SOM,"Somalia, Fed. Rep.",1974,137.891575811774
SOM,"Somalia, Fed. Rep.",1973,119.562133453537
SOM,"Somalia, Fed. Rep.",1972,113.69240195555
SOM,"Somalia, Fed. Rep.",1971,90.4292309374489
SOM,"Somalia, Fed. Rep.",1970,93.0828499649358
SOM,"Somalia, Fed. Rep.",1969,84.1406268777878
SOM,"Somalia, Fed. Rep.",1968,80.8438204901175
SOM,"Somalia, Fed. Rep.",1967,78.6738966197917
SOM,"Somalia, Fed. Rep.",1966,76.4837413887233
SOM,"Somalia, Fed. Rep.",1965,74.3548708796131
SOM,"Somalia, Fed. Rep.",1964,71.8899399360419
SOM,"Somalia, Fed. Rep.",1963,69.4922344839154
SOM,"Somalia, Fed. Rep.",1962,67.1702359919979
SOM,"Somalia, Fed. Rep.",1961,64.9242576104754
SOM,"Somalia, Fed. Rep.",1960,62.7396279412993
ZAF,South Africa,2025,6597.71450918774
ZAF,South Africa,2024,6267.186814093
ZAF,South Africa,2023,6034.27208964673
ZAF,South Africa,2022,6534.24867783397
ZAF,South Africa,2021,6828.75624590017
ZAF,South Africa,2020,5580.60383075189
ZAF,South Africa,2019,6533.71121032856
ZAF,South Africa,2018,6914.1780318076
ZAF,South Africa,2017,6618.33508255701
ZAF,South Africa,2016,5651.20585165749
ZAF,South Africa,2015,6112.27382485974
ZAF,South Africa,2014,6856.73137092522
ZAF,South Africa,2013,7331.65467384919
ZAF,South Africa,2012,8076.97678479741
ZAF,South Africa,2011,8646.05571071635
ZAF,South Africa,2010,7973.47195771517
ZAF,South Africa,2009,6374.70560042992
ZAF,South Africa,2008,6184.75474328399
ZAF,South Africa,2007,6591.85535960564
ZAF,South Africa,2006,6077.38293388876
ZAF,South Africa,2005,5836.87663325127
ZAF,South Africa,2004,5221.46333731721
ZAF,South Africa,2003,4062.21755993786
ZAF,South Africa,2002,2688.23676032806
ZAF,South Africa,2001,2847.15191945908
ZAF,South Africa,2000,3217.84693448467
ZAF,South Africa,1999,3242.36830483958
ZAF,South Africa,1998,3309.60933087472
ZAF,South Africa,1997,3700.23554789867
ZAF,South Africa,1996,3617.55336002932
ZAF,South Africa,1995,3855.6340871567
ZAF,South Africa,1994,3488.59711541763
ZAF,South Africa,1993,3399.64009566241
ZAF,South Africa,1992,3462.39400202835
ZAF,South Africa,1991,3243.23616023953
ZAF,South Africa,1990,3093.48920352334
ZAF,South Africa,1989,2726.70980679488
ZAF,South Africa,1988,2702.05504774508
ZAF,South Africa,1987,2586.27423314228
ZAF,South Africa,1986,2027.4662038189
ZAF,South Africa,1985,1839.4841908184
ZAF,South Africa,1984,2504.07736790289
ZAF,South Africa,1983,2938.48980239675
ZAF,South Africa,1982,2717.16388710425
ZAF,South Africa,1981,3049.71474333882
ZAF,South Africa,1980,3028.97447561832
ZAF,South Africa,1979,2201.51922339868
ZAF,South Africa,1978,1851.75191300848
ZAF,South Africa,1977,1671.46618837272
ZAF,South Africa,1976,1558.99824733487
ZAF,South Africa,1975,1670.11816898954
ZAF,South Africa,1974,1656.2890557998
ZAF,South Africa,1973,1369.16160033933
ZAF,South Africa,1972,1038.39407468283
ZAF,South Africa,1971,1020.43983590718
ZAF,South Africa,1970,952.352188073537
ZAF,South Africa,1969,890.922089102936
ZAF,South Africa,1968,817.128340614066
ZAF,South Africa,1967,778.839335829791
ZAF,South Africa,1966,721.75375941418
ZAF,South Africa,1965,684.62122774035
ZAF,South Africa,1964,645.873375685446
ZAF,South Africa,1963,604.536855270991
ZAF,South Africa,1962,563.423008817945
ZAF,South Africa,1961,545.657511922673
ZAF,South Africa,1960,532.147504330332
SSD,South Sudan,2015,1080.14718624765
SSD,South Sudan,2014,1242.73450181032
SSD,South Sudan,2013,1650.18943353528
SSD,South Sudan,2012,1109.26050083408
SSD,South Sudan,2011,1448.98435006408
SSD,South Sudan,2010,1498.27034985194
SSD,South Sudan,2009,1323.22068747862
SSD,South Sudan,2008,1654.21153546555
ESP,Spain,2025,38627.2472148623
ESP,Spain,2024,35326.7683069278
ESP,Spain,2023,33493.2225409111
ESP,Spain,2022,30319.4987196616
ESP,Spain,2021,30799.4775937775
ESP,Spain,2020,27233.9426461608
ESP,Spain,2019,29786.5245689007
ESP,Spain,2018,30602.4212881113
ESP,Spain,2017,28381.3425596906
ESP,Spain,2016,26755.6061149398
ESP,Spain,2015,25982.4416197775
ESP,Spain,2014,29707.765509467
ESP,Spain,2013,29228.846559842
ESP,Spain,2012,28456.4438151477
ESP,Spain,2011,31824.6219134777
ESP,Spain,2010,30658.7422282912
ESP,Spain,2009,32279.8208476151
ESP,Spain,2008,35603.248328071
ESP,Spain,2007,32652.015594702
ESP,Spain,2006,28421.686527407
ESP,Spain,2005,26450.9530130382
ESP,Spain,2004,24925.0267844576
ESP,Spain,2003,21522.0170990262
ESP,Spain,2002,17111.0685058941
ESP,Spain,2001,15368.2337984435
ESP,Spain,2000,14743.2671031455
ESP,Spain,1999,15707.9473068138
ESP,Spain,1998,15382.3348573373
ESP,Spain,1997,14722.3717633536
ESP,Spain,1996,16100.6215831114
ESP,Spain,1995,15460.9110266653
ESP,Spain,1994,13405.704414883
ESP,Spain,1993,13330.3798192211
ESP,Spain,1992,16100.6799428032
ESP,Spain,1991,14801.3226152172
ESP,Spain,1990,13795.0159385128
ESP,Spain,1989,10674.3410230107
ESP,Spain,1988,9696.1928538538
ESP,Spain,1987,8233.72822993027
ESP,Spain,1986,6508.8506547565
ESP,Spain,1985,4696.29879620729
ESP,Spain,1984,4486.78173863382
ESP,Spain,1983,4475.30126831295
ESP,Spain,1982,5156.02303792945
ESP,Spain,1981,5367.32976278411
ESP,Spain,1980,6204.14321544225
ESP,Spain,1979,5766.09296672485
ESP,Spain,1978,4353.3273744052
ESP,Spain,1977,3624.99940255962
ESP,Spain,1976,3276.97023260494
ESP,Spain,1975,3207.54465082024
ESP,Spain,1974,2747.96036737994
ESP,Spain,1973,2245.9479911066
ESP,Spain,1972,1707.58800052655
ESP,Spain,1971,1361.19251917206
ESP,Spain,1970,1211.42343321309
ESP,Spain,1969,1109.13637135526
ESP,Spain,1968,978.292373768035
ESP,Spain,1967,996.571863525297
ESP,Spain,1966,915.62923367863
ESP,Spain,1965,797.377066170904
ESP,Spain,1964,694.952086797899
ESP,Spain,1963,627.278450964262
ESP,Spain,1962,535.391059454488
ESP,Spain,1961,463.19044087717
ESP,Spain,1960,407.96302786933
LKA,Sri Lanka,2025,5002.07904353724
LKA,Sri Lanka,2024,4545.36006870612
LKA,Sri Lanka,2023,3815.41531767474
LKA,Sri Lanka,2022,3342.63650438046
LKA,Sri Lanka,2021,3996.96240531688
LKA,Sri Lanka,2020,3847.60136741182
LKA,Sri Lanka,2019,4081.94772178134
LKA,Sri Lanka,2018,4358.56095905888
LKA,Sri Lanka,2017,4398.88828786059
LKA,Sri Lanka,2016,4149.19189391879
LKA,Sri Lanka,2015,4057.71582716521
LKA,Sri Lanka,2014,3972.04377042271
LKA,Sri Lanka,2013,3739.43182292825
LKA,Sri Lanka,2012,3327.77612404326
LKA,Sri Lanka,2011,3224.95745082305
LKA,Sri Lanka,2010,2808.36245207687
LKA,Sri Lanka,2009,2026.65939950702
LKA,Sri Lanka,2008,1973.58476901287
LKA,Sri Lanka,2007,1578.63451125392
LKA,Sri Lanka,2006,1388.89739119932
LKA,Sri Lanka,2005,1207.21994764165
LKA,Sri Lanka,2004,1028.62068132555
LKA,Sri Lanka,2003,946.382255128072
LKA,Sri Lanka,2002,834.936014905338
LKA,Sri Lanka,2001,803.544026627385
LKA,Sri Lanka,2000,860.199884304769
LKA,Sri Lanka,1999,829.356379527539
LKA,Sri Lanka,1998,847.533577843861
LKA,Sri Lanka,1997,827.035756058631
LKA,Sri Lanka,1996,776.192371057587
LKA,Sri Lanka,1995,741.838255293455
LKA,Sri Lanka,1994,678.268012020205
LKA,Sri Lanka,1993,607.231847102846
LKA,Sri Lanka,1992,579.655117618283
LKA,Sri Lanka,1991,546.292515570886
LKA,Sri Lanka,1990,491.213686238493
LKA,Sri Lanka,1989,430.02388973818
LKA,Sri Lanka,1988,434.015552780537
LKA,Sri Lanka,1987,419.824409443665
LKA,Sri Lanka,1986,407.164600454213
LKA,Sri Lanka,1985,384.611537689196
LKA,Sri Lanka,1984,391.369617569858
LKA,Sri Lanka,1983,335.823151714647
LKA,Sri Lanka,1982,311.957878889278
LKA,Sri Lanka,1981,292.45135975768
LKA,Sri Lanka,1980,271.055290073685
LKA,Sri Lanka,1979,230.775069370251
LKA,Sri Lanka,1978,190.996464636951
LKA,Sri Lanka,1977,292.148992496788
LKA,Sri Lanka,1976,260.301495010261
LKA,Sri Lanka,1975,279.82158260032
LKA,Sri Lanka,1974,268.650905004753
LKA,Sri Lanka,1973,220.170239208337
LKA,Sri Lanka,1972,199.38289288123
LKA,Sri Lanka,1971,188.760802167739
LKA,Sri Lanka,1970,186.900791824546
LKA,Sri Lanka,1969,163.60657987529
LKA,Sri Lanka,1968,153.48764748655
LKA,Sri Lanka,1967,162.294823066611
LKA,Sri Lanka,1966,156.606032177183
LKA,Sri Lanka,1965,155.566984755479
LKA,Sri Lanka,1964,122.941808998544
LKA,Sri Lanka,1963,119.352332353465
LKA,Sri Lanka,1962,141.383197837884
LKA,Sri Lanka,1961,145.900945139998
LKA,Sri Lanka,1960,145.928701305768
KNA,St. Kitts and Nevis,2025,25223.0257622185
KNA,St. Kitts and Nevis,2024,23960.6534357084
KNA,St. Kitts and Nevis,2023,22576.9248439166
KNA,St. Kitts and Nevis,2022,21011.5744209816
KNA,St. Kitts and Nevis,2021,18361.1449697886
KNA,St. Kitts and Nevis,2020,18859.0190361046
KNA,St. Kitts and Nevis,2019,23595.4923231291
KNA,St. Kitts and Nevis,2018,22901.3816403197
KNA,St. Kitts and Nevis,2017,22464.9899633959
KNA,St. Kitts and Nevis,2016,21387.5415511103
KNA,St. Kitts and Nevis,2015,20328.8003530109
KNA,St. Kitts and Nevis,2014,20219.3954237956
KNA,St. Kitts and Nevis,2013,18580.1301949935
KNA,St. Kitts and Nevis,2012,17532.0559008608
KNA,St. Kitts and Nevis,2011,17832.4572919975
KNA,St. Kitts and Nevis,2010,16622.9457908577
KNA,St. Kitts and Nevis,2009,16503.4119292794
KNA,St. Kitts and Nevis,2008,16604.9448615905
KNA,St. Kitts and Nevis,2007,14757.9579751035
KNA,St. Kitts and Nevis,2006,13837.8495311219
KNA,St. Kitts and Nevis,2005,11783.7867154145
KNA,St. Kitts and Nevis,2004,10944.6183741768
KNA,St. Kitts and Nevis,2003,10175.6295449989
KNA,St. Kitts and Nevis,2002,10453.6587064313
KNA,St. Kitts and Nevis,2001,10022.5919235637
KNA,St. Kitts and Nevis,2000,9319.65545093525
KNA,St. Kitts and Nevis,1999,9116.28627997718
KNA,St. Kitts and Nevis,1998,8710.78984057184
KNA,St. Kitts and Nevis,1997,8626.72257471312
KNA,St. Kitts and Nevis,1996,7788.42839854571
KNA,St. Kitts and Nevis,1995,7406.44486096454
KNA,St. Kitts and Nevis,1994,7065.28291984056
KNA,St. Kitts and Nevis,1993,6395.31437746849
KNA,St. Kitts and Nevis,1992,5947.1211356266
KNA,St. Kitts and Nevis,1991,5464.61025672087
KNA,St. Kitts and Nevis,1990,5373.44824048425
KNA,St. Kitts and Nevis,1989,4723.45351878204
KNA,St. Kitts and Nevis,1988,4205.65468298165
KNA,St. Kitts and Nevis,1987,3573.284031831
KNA,St. Kitts and Nevis,1986,3140.11209537184
KNA,St. Kitts and Nevis,1985,2650.9864691075
KNA,St. Kitts and Nevis,1984,2341.40772929271
KNA,St. Kitts and Nevis,1983,2052.11116535348
KNA,St. Kitts and Nevis,1982,2022.52944188428
KNA,St. Kitts and Nevis,1981,1894.44210241437
KNA,St. Kitts and Nevis,1980,1597.6489908812
KNA,St. Kitts and Nevis,1979,1367.339965625
KNA,St. Kitts and Nevis,1978,1143.84000123408
KNA,St. Kitts and Nevis,1977,1026.25343180719
KNA,St. Kitts and Nevis,1976,692.139328790191
KNA,St. Kitts and Nevis,1975,765.12533365911
KNA,St. Kitts and Nevis,1974,720.537205812844
KNA,St. Kitts and Nevis,1973,551.413363188761
KNA,St. Kitts and Nevis,1972,521.083031260752
KNA,St. Kitts and Nevis,1971,443.938525320189
KNA,St. Kitts and Nevis,1970,365.421692149038
KNA,St. Kitts and Nevis,1969,346.592027290022
KNA,St. Kitts and Nevis,1968,309.027410307969
KNA,St. Kitts and Nevis,1967,344.457118650064
KNA,St. Kitts and Nevis,1966,289.973108735753
KNA,St. Kitts and Nevis,1965,265.823194079933
KNA,St. Kitts and Nevis,1964,256.40471515277
KNA,St. Kitts and Nevis,1963,240.139616588017
KNA,St. Kitts and Nevis,1962,230.286541058342
KNA,St. Kitts and Nevis,1961,225.599127572162
KNA,St. Kitts and Nevis,1960,221.584586097067
LCA,St. Lucia,2025,14745.8184305461
LCA,St. Lucia,2024,14493.658470648
LCA,St. Lucia,2023,13616.6397593734
LCA,St. Lucia,2022,12976.1489693474
LCA,St. Lucia,2021,10481.1233971786
LCA,St. Lucia,2020,8537.11495506727
LCA,St. Lucia,2019,11764.3944032403
LCA,St. Lucia,2018,11642.6984727769
LCA,St. Lucia,2017,11333.1123822102
LCA,St. Lucia,2016,10638.1269396653
LCA,St. Lucia,2015,10334.9860823918
LCA,St. Lucia,2014,10044.8218377677
LCA,St. Lucia,2013,9577.21733754358
LCA,St. Lucia,2012,9260.30006551714
LCA,St. Lucia,2011,9128.99442011613
LCA,St. Lucia,2010,8673.68720340529
LCA,St. Lucia,2009,8250.52180732734
LCA,St. Lucia,2008,8516.96075488787
LCA,St. Lucia,2007,7964.38211480117
LCA,St. Lucia,2006,7611.17856675319
LCA,St. Lucia,2005,6863.43641919345
LCA,St. Lucia,2004,6494.60034867886
LCA,St. Lucia,2003,6058.60622059326
LCA,St. Lucia,2002,5567.89428424719
LCA,St. Lucia,2001,5570.45247098106
LCA,St. Lucia,2000,5879.56191426207
LCA,St. Lucia,1999,5882.83398968649
LCA,St. Lucia,1998,5672.51373770766
LCA,St. Lucia,1997,5282.37011402006
LCA,St. Lucia,1996,5244.01665086076
LCA,St. Lucia,1995,5147.92024022295
LCA,St. Lucia,1994,4892.06733637469
LCA,St. Lucia,1993,4764.72464839218
LCA,St. Lucia,1992,4759.83867808296
LCA,St. Lucia,1991,4398.67906897723
LCA,St. Lucia,1990,4204.57161863111
LCA,St. Lucia,1989,3565.01015783716
LCA,St. Lucia,1988,3182.44170096022
LCA,St. Lucia,1987,2818.91475118073
LCA,St. Lucia,1986,2590.69331524928
LCA,St. Lucia,1985,2202.28125368301
LCA,St. Lucia,1984,1979.12504018731
LCA,St. Lucia,1983,1575.74163524069
LCA,St. Lucia,1982,1489.46138368254
LCA,St. Lucia,1981,1604.77728442339
LCA,St. Lucia,1980,1428.20328921427
MAF,St. Martin (French part),2021,21668.3776525323
MAF,St. Martin (French part),2019,19033.0649634889
MAF,St. Martin (French part),2014,20638.7705882379
MAF,St. Martin (French part),2011,20930.5821177758
VCT,St. Vincent and the Grenadines,2025,12561.769166789
VCT,St. Vincent and the Grenadines,2024,11501.2265187188
VCT,St. Vincent and the Grenadines,2023,10582.3656725229
VCT,St. Vincent and the Grenadines,2022,9693.55867833025
VCT,St. Vincent and the Grenadines,2021,8641.27904024443
VCT,St. Vincent and the Grenadines,2020,8351.20324040982
VCT,St. Vincent and the Grenadines,2019,8740.59425232061
VCT,St. Vincent and the Grenadines,2018,8428.12677153069
VCT,St. Vincent and the Grenadines,2017,7988.04445019298
VCT,St. Vincent and the Grenadines,2016,7656.90042881178
VCT,St. Vincent and the Grenadines,2015,7353.73556054184
VCT,St. Vincent and the Grenadines,2014,7168.82875342911
VCT,St. Vincent and the Grenadines,2013,7072.46737188939
VCT,St. Vincent and the Grenadines,2012,6713.80768643865
VCT,St. Vincent and the Grenadines,2011,6527.68996854448
VCT,St. Vincent and the Grenadines,2010,6551.96835992405
VCT,St. Vincent and the Grenadines,2009,6463.78777336717
VCT,St. Vincent and the Grenadines,2008,6598.90531450859
VCT,St. Vincent and the Grenadines,2007,6398.19123532172
VCT,St. Vincent and the Grenadines,2006,5744.8278621257
VCT,St. Vincent and the Grenadines,2005,5157.39373878102
VCT,St. Vincent and the Grenadines,2004,4873.48947742443
VCT,St. Vincent and the Grenadines,2003,4499.61454193342
VCT,St. Vincent and the Grenadines,2002,4303.27976789727
VCT,St. Vincent and the Grenadines,2001,4071.08601098962
VCT,St. Vincent and the Grenadines,2000,3768.95536604022
VCT,St. Vincent and the Grenadines,1999,3446.52293031878
VCT,St. Vincent and the Grenadines,1998,3301.10018129103
VCT,St. Vincent and the Grenadines,1997,3073.7784743848
VCT,St. Vincent and the Grenadines,1996,2930.44394742606
VCT,St. Vincent and the Grenadines,1995,2795.36305613955
VCT,St. Vincent and the Grenadines,1994,2563.24976564442
VCT,St. Vincent and the Grenadines,1993,2539.64968649849
VCT,St. Vincent and the Grenadines,1992,2470.51840791008
VCT,St. Vincent and the Grenadines,1991,2270.76357246912
VCT,St. Vincent and the Grenadines,1990,2149.73944358984
VCT,St. Vincent and the Grenadines,1989,1929.91050958212
VCT,St. Vincent and the Grenadines,1988,1813.93765107441
VCT,St. Vincent and the Grenadines,1987,1596.17319303831
VCT,St. Vincent and the Grenadines,1986,1471.86296489478
VCT,St. Vincent and the Grenadines,1985,1342.2456378927
VCT,St. Vincent and the Grenadines,1984,1253.86525558125
VCT,St. Vincent and the Grenadines,1983,1144.30586148776
VCT,St. Vincent and the Grenadines,1982,1073.51398364931
VCT,St. Vincent and the Grenadines,1981,971.577277314431
VCT,St. Vincent and the Grenadines,1980,790.115816929074
VCT,St. Vincent and the Grenadines,1979,687.067392389007
VCT,St. Vincent and the Grenadines,1978,592.019182500428
VCT,St. Vincent and the Grenadines,1977,483.859271677682
VCT,St. Vincent and the Grenadines,1976,324.049573435426
VCT,St. Vincent and the Grenadines,1975,331.090937950783
VCT,St. Vincent and the Grenadines,1974,330.705359076164
VCT,St. Vincent and the Grenadines,1973,305.651792826921
VCT,St. Vincent and the Grenadines,1972,282.092288222755
VCT,St. Vincent and the Grenadines,1971,206.99399543877
VCT,St. Vincent and the Grenadines,1970,192.259597349006
VCT,St. Vincent and the Grenadines,1969,175.156220412801
VCT,St. Vincent and the Grenadines,1968,163.084474570509
VCT,St. Vincent and the Grenadines,1967,170.043233030992
VCT,St. Vincent and the Grenadines,1966,174.900705580548
VCT,St. Vincent and the Grenadines,1965,166.1585179605
VCT,St. Vincent and the Grenadines,1964,164.439675512733
VCT,St. Vincent and the Grenadines,1963,154.855789598022
VCT,St. Vincent and the Grenadines,1962,166.501945155564
VCT,St. Vincent and the Grenadines,1961,163.036741587138
VCT,St. Vincent and the Grenadines,1960,154.839953548866
SDN,Sudan,2025,1164.53991699219
SDN,Sudan,2024,984.607666015625
SDN,Sudan,2023,797.283447265625
SDN,Sudan,2022,1046.24084472656
SDN,Sudan,2021,712.122009277344
SDN,Sudan,2020,577.795227050781
SDN,Sudan,2019,709.975280761719
SDN,Sudan,2018,731.027465820313
SDN,Sudan,2017,966.505676269531
SDN,Sudan,2016,1033.21594238281
SDN,Sudan,2015,1292.37963867188
SDN,Sudan,2014,1275.43835449219
SDN,Sudan,2013,1138.62780761719
SDN,Sudan,2012,1019.22210693359
SDN,Sudan,2011,1332.6572265625
SDN,Sudan,2010,1305.63598632813
SDN,Sudan,2009,1178.22180175781
SDN,Sudan,2008,1527.58239746094
SDN,Sudan,2007,1444.37219238281
SDN,Sudan,2006,1132.474609375
SDN,Sudan,2005,905.543640136719
SDN,Sudan,2004,705.113342285156
SDN,Sudan,2003,580.320251464844
SDN,Sudan,2002,506.262634277344
SDN,Sudan,2001,451.293304443359
SDN,Sudan,2000,362.116882324219
SDN,Sudan,1999,324.659606933594
SDN,Sudan,1998,350.702880859375
SDN,Sudan,1997,373.09375
SDN,Sudan,1996,294.826965332031
SDN,Sudan,1995,462.585235595703
SDN,Sudan,1994,439.420806884766
SDN,Sudan,1993,312.693908691406
SDN,Sudan,1992,252.610092163086
SDN,Sudan,1991,1617.55676269531
SDN,Sudan,1990,1257.1875
SDN,Sudan,1989,814.267517089844
SDN,Sudan,1988,553.07861328125
SDN,Sudan,1987,471.1572265625
SDN,Sudan,1986,400.333557128906
SDN,Sudan,1985,326.402770996094
SDN,Sudan,1984,429.993377685547
SDN,Sudan,1983,346.221649169922
SDN,Sudan,1982,378.945373535156
SDN,Sudan,1981,483.802581787109
SDN,Sudan,1980,418.348785400391
SDN,Sudan,1979,408.899627685547
SDN,Sudan,1978,410.072082519531
SDN,Sudan,1977,392.399383544922
SDN,Sudan,1976,325.185607910156
SDN,Sudan,1975,269.652893066406
SDN,Sudan,1974,228.787322998047
SDN,Sudan,1973,184.524200439453
SDN,Sudan,1972,154.511581420898
SDN,Sudan,1971,146.931610107422
SDN,Sudan,1970,139.038482666016
SDN,Sudan,1969,125.984886169434
SDN,Sudan,1968,117.824935913086
SDN,Sudan,1967,116.241035461426
SDN,Sudan,1966,110.502571105957
SDN,Sudan,1965,110.889373779297
SDN,Sudan,1964,109.650077819824
SDN,Sudan,1963,109.939208984375
SDN,Sudan,1962,111.213455200195
SDN,Sudan,1961,105.313102722168
SDN,Sudan,1960,99.7131195068359
SUR,Suriname,2025,7069.87230892274
SUR,Suriname,2024,6961.78956060258
SUR,Suriname,2023,5521.97602122638
SUR,Suriname,2022,6084.43876736445
SUR,Suriname,2021,5029.84838543953
SUR,Suriname,2020,4755.39221710693
SUR,Suriname,2019,6629.66775248603
SUR,Suriname,2018,6665.74180472239
SUR,Suriname,2017,6049.52128553675
SUR,Suriname,2016,5644.2061057532
SUR,Suriname,2015,8813.61705392067
SUR,Suriname,2014,9108.18905406764
SUR,Suriname,2013,9043.19281529222
SUR,Suriname,2012,8851.24050668908
SUR,Suriname,2011,7949.88867218383
SUR,Suriname,2010,7943.60482816915
SUR,Suriname,2009,7129.5768626291
SUR,Suriname,2008,6576.08546307249
SUR,Suriname,2007,5530.17615638309
SUR,Suriname,2006,5002.65798695759
SUR,Suriname,2005,3453.42865937765
SUR,Suriname,2004,2887.7721728844
SUR,Suriname,2003,2516.10404020956
SUR,Suriname,2002,2202.340682196
SUR,Suriname,2001,1714.64846637242
SUR,Suriname,2000,1988.22172925433
SUR,Suriname,1999,1898.1801816053
SUR,Suriname,1998,2428.58641994202
SUR,Suriname,1997,2067.59814938391
SUR,Suriname,1996,1962.88495820295
SUR,Suriname,1995,1609.82504373206
SUR,Suriname,1994,1433.54255652781
SUR,Suriname,1993,1022.44583519896
SUR,Suriname,1992,968.895253466926
SUR,Suriname,1991,1079.72521342705
SUR,Suriname,1990,941.591736102188
SUR,Suriname,1989,1328.57013435061
SUR,Suriname,1988,2886.42980207694
SUR,Suriname,1987,2469.06737278634
SUR,Suriname,1986,2271.04733260266
SUR,Suriname,1985,2255.97717664327
SUR,Suriname,1984,2260.63794993629
SUR,Suriname,1983,2332.69790308016
SUR,Suriname,1982,2429.92391549707
SUR,Suriname,1981,2367.76851800063
SUR,Suriname,1980,2117.87083385503
SUR,Suriname,1979,2072.28775271317
SUR,Suriname,1978,1927.90601359888
SUR,Suriname,1977,1665.94384873282
SUR,Suriname,1976,1301.86536317022
SUR,Suriname,1975,1190.01968453614
SUR,Suriname,1974,1041.08454668306
SUR,Suriname,1973,857.69079166793
SUR,Suriname,1972,784.951674957789
SUR,Suriname,1971,767.990365675678
SUR,Suriname,1970,724.484901513275
SUR,Suriname,1969,707.674445225753
SUR,Suriname,1968,680.595348207639
SUR,Suriname,1967,644.042967325106
SUR,Suriname,1966,574.84107690217
SUR,Suriname,1965,481.71875
SUR,Suriname,1964,434.893751961714
SUR,Suriname,1963,424.025532430631
SUR,Suriname,1962,409.105638366818
SUR,Suriname,1961,394.80774658988
SUR,Suriname,1960,377.579399662016
SWE,Sweden,2025,63133.2126736715
SWE,Sweden,2024,57222.7100565003
SWE,Sweden,2023,54950.2834725622
SWE,Sweden,2022,54836.8907235124
SWE,Sweden,2021,60647.5416365347
SWE,Sweden,2020,52568.5726980146
SWE,Sweden,2019,51648.9892820514
SWE,Sweden,2018,54018.4554391861
SWE,Sweden,2017,53210.2233318965
SWE,Sweden,2016,51703.5088332851
SWE,Sweden,2015,51188.1652120493
SWE,Sweden,2014,59583.4584491714
SWE,Sweden,2013,60843.9888799369
SWE,Sweden,2012,57749.5615420853
SWE,Sweden,2011,60379.4814599322
SWE,Sweden,2010,52542.5759090299
SWE,Sweden,2009,46707.6425044751
SWE,Sweden,2008,55817.1759726485
SWE,Sweden,2007,53568.3057787832
SWE,Sweden,2006,46531.3762240485
SWE,Sweden,2005,43378.4077394363
SWE,Sweden,2004,42758.0048564929
SWE,Sweden,2003,37292.2419727801
SWE,Sweden,2002,29957.7776664916
SWE,Sweden,2001,27259.3174300217
SWE,Sweden,2000,29632.5890811623
SWE,Sweden,1999,30968.8710702052
SWE,Sweden,1998,30605.3669074811
SWE,Sweden,1997,30324.1845796306
SWE,Sweden,1996,33022.2444768661
SWE,Sweden,1995,30254.0273028727
SWE,Sweden,1994,26045.5196995275
SWE,Sweden,1993,24389.8738124128
SWE,Sweden,1992,32753.4287003642
SWE,Sweden,1991,31776.6680192213
SWE,Sweden,1990,30549.3185706762
SWE,Sweden,1989,25625.0162127747
SWE,Sweden,1988,24499.1240758517
SWE,Sweden,1987,21760.9646490625
SWE,Sweden,1986,17954.9510185679
SWE,Sweden,1985,13647.0439039697
SWE,Sweden,1984,13080.0302290066
SWE,Sweden,1983,12589.950077442
SWE,Sweden,1982,13719.0538964279
SWE,Sweden,1981,15563.8332773497
SWE,Sweden,1980,17073.0446711494
SWE,Sweden,1979,14855.5957561141
SWE,Sweden,1978,12602.2217238449
SWE,Sweden,1977,11432.0214920218
SWE,Sweden,1976,10852.5192441428
SWE,Sweden,1975,10102.6388909372
SWE,Sweden,1974,8078.18604272449
SWE,Sweden,1973,7290.6303239401
SWE,Sweden,1972,6018.39052977191
SWE,Sweden,1971,5125.27034757101
SWE,Sweden,1970,4729.35071602705
SWE,Sweden,1969,4262.92603293035
SWE,Sweden,1968,3953.08297234501
SWE,Sweden,1967,3746.2048797826
SWE,Sweden,1966,3477.89737890027
SWE,Sweden,1965,3227.87974049912
SWE,Sweden,1964,2961.02884624727
SWE,Sweden,1963,2675.07291656901
SWE,Sweden,1962,2485.46561781218
SWE,Sweden,1961,2304.47143531351
SWE,Sweden,1960,2128.36441205712
CHE,Switzerland,2025,114769.012314293
CHE,Switzerland,2024,107702.065940312
CHE,Switzerland,2023,104449.75451772
CHE,Switzerland,2022,97809.095567203
CHE,Switzerland,2021,96582.8687080693
CHE,Switzerland,2020,87529.7016394892
CHE,Switzerland,2019,85872.9702303454
CHE,Switzerland,2018,87002.3382293532
CHE,Switzerland,2017,83610.248611484
CHE,Switzerland,2016,83432.4111596314
CHE,Switzerland,2015,85265.06205193
CHE,Switzerland,2014,90511.6484558843
CHE,Switzerland,2013,88851.2374497983
CHE,Switzerland,2012,87269.5594780124
CHE,Switzerland,2011,91910.3964565203
CHE,Switzerland,2010,77956.1262043942
CHE,Switzerland,2009,72788.2049524379
CHE,Switzerland,2008,75147.5376709155
CHE,Switzerland,2007,66082.1233977532
CHE,Switzerland,2006,59910.293405504
CHE,Switzerland,2005,57080.0704338193
CHE,Switzerland,2004,55349.6164595028
CHE,Switzerland,2003,49947.3910175152
CHE,Switzerland,2002,43094.2492848494
CHE,Switzerland,2001,40133.6101965261
CHE,Switzerland,2000,39298.0968042444
CHE,Switzerland,1999,42260.8690492557
CHE,Switzerland,1998,43165.639648677
CHE,Switzerland,1997,42159.9962722039
CHE,Switzerland,1996,48837.8072568268
CHE,Switzerland,1995,50868.9734516769
CHE,Switzerland,1994,43741.1064805172
CHE,Switzerland,1993,39828.3640333356
CHE,Switzerland,1992,41327.1832947809
CHE,Switzerland,1991,40140.3718874038
CHE,Switzerland,1990,40170.8696758305
CHE,Switzerland,1989,31780.4259301316
CHE,Switzerland,1988,33183.0267583533
CHE,Switzerland,1987,30899.2043209944
CHE,Switzerland,1986,24828.4274790847
CHE,Switzerland,1985,17410.5515558783
CHE,Switzerland,1984,17247.2788344951
CHE,Switzerland,1983,18128.3445973503
CHE,Switzerland,1982,18271.2022643537
CHE,Switzerland,1981,17931.1995616883
CHE,Switzerland,1980,19686.1176580085
CHE,Switzerland,1979,18540.7939017858
CHE,Switzerland,1978,16527.5418872075
CHE,Switzerland,1977,11819.0992661464
CHE,Switzerland,1976,11028.6902695066
CHE,Switzerland,1975,10483.7383169758
CHE,Switzerland,1974,9140.4774820335
CHE,Switzerland,1973,7974.29599499321
CHE,Switzerland,1972,5973.4501067982
CHE,Switzerland,1971,4907.59287729073
CHE,Switzerland,1970,4105.36413250043
CHE,Switzerland,1969,3712.31667951881
CHE,Switzerland,1968,3464.929898863
CHE,Switzerland,1967,3286.0540740821
CHE,Switzerland,1966,3090.72694245252
CHE,Switzerland,1965,2908.41985216952
CHE,Switzerland,1964,2776.1414535837
CHE,Switzerland,1963,2546.27332990135
CHE,Switzerland,1962,2365.59424572722
CHE,Switzerland,1961,2187.92946234895
CHE,Switzerland,1960,1983.75994678387
SYR,Syrian Arab Republic,2022,1056.78264718197
SYR,Syrian Arab Republic,2021,688.566109726934
SYR,Syrian Arab Republic,2020,593.911771822527
SYR,Syrian Arab Republic,2019,1109.53933821464
SYR,Syrian Arab Republic,2018,1098.06667935023
SYR,Syrian Arab Republic,2017,851.501972646386
SYR,Syrian Arab Republic,2016,656.349017520952
SYR,Syrian Arab Republic,2015,847.731545352582
SYR,Syrian Arab Republic,2014,1060.59105887433
SYR,Syrian Arab Republic,2013,985.892669221634
SYR,Syrian Arab Republic,2012,1897.66115018696
SYR,Syrian Arab Republic,2011,2952.14372909443
SYR,Syrian Arab Republic,2010,2730.61487784917
SYR,Syrian Arab Republic,2009,2462.20127278738
SYR,Syrian Arab Republic,2008,2429.1247629459
SYR,Syrian Arab Republic,2007,1937.61199094087
SYR,Syrian Arab Republic,2006,1718.78469956591
SYR,Syrian Arab Republic,2005,1533.90017615946
SYR,Syrian Arab Republic,2004,1368.11263904001
SYR,Syrian Arab Republic,2003,1220.179077256
SYR,Syrian Arab Republic,2002,1189.98119453595
SYR,Syrian Arab Republic,2001,1177.53806921268
SYR,Syrian Arab Republic,2000,1138.18722723683
SYR,Syrian Arab Republic,1999,978.17453169496
SYR,Syrian Arab Republic,1998,960.837504927725
SYR,Syrian Arab Republic,1997,940.826589804978
SYR,Syrian Arab Republic,1996,918.195857362788
SYR,Syrian Arab Republic,1995,779.699100153744
SYR,Syrian Arab Republic,1994,712.387716635783
SYR,Syrian Arab Republic,1993,992.771367475098
SYR,Syrian Arab Republic,1992,990.138251191708
SYR,Syrian Arab Republic,1991,1000.07798684947
SYR,Syrian Arab Republic,1990,978.489616979607
SYR,Syrian Arab Republic,1989,809.044028162459
SYR,Syrian Arab Republic,1988,897.70876335774
SYR,Syrian Arab Republic,1987,997.128134355135
SYR,Syrian Arab Republic,1986,1208.16084262217
SYR,Syrian Arab Republic,1985,1543.7649395519
SYR,Syrian Arab Republic,1984,1706.21944810524
SYR,Syrian Arab Republic,1983,1775.83203705709
SYR,Syrian Arab Republic,1982,1702.68062491316
SYR,Syrian Arab Republic,1981,1675.79747403807
SYR,Syrian Arab Republic,1980,1458.23976434095
SYR,Syrian Arab Republic,1979,1146.36179260974
SYR,Syrian Arab Republic,1978,1107.78304477534
SYR,Syrian Arab Republic,1977,951.240398587355
SYR,Syrian Arab Republic,1976,976.48924016597
SYR,Syrian Arab Republic,1975,903.713462066405
SYR,Syrian Arab Republic,1974,706.579580221326
SYR,Syrian Arab Republic,1973,458.830061186419
SYR,Syrian Arab Republic,1972,448.237758556479
SYR,Syrian Arab Republic,1971,392.515069525448
SYR,Syrian Arab Republic,1970,335.451366800943
SYR,Syrian Arab Republic,1969,363.554844445761
SYR,Syrian Arab Republic,1968,293.330341001656
SYR,Syrian Arab Republic,1967,272.914639434944
SYR,Syrian Arab Republic,1966,239.30759595908
SYR,Syrian Arab Republic,1965,270.830584796164
SYR,Syrian Arab Republic,1964,254.217527062223
SYR,Syrian Arab Republic,1963,234.899747591945
SYR,Syrian Arab Republic,1962,223.934209140492
SYR,Syrian Arab Republic,1961,196.293561633919
SYR,Syrian Arab Republic,1960,183.525069735278
TJK,Tajikistan,2025,1637.2542942547
TJK,Tajikistan,2024,1362.02559981695
TJK,Tajikistan,2023,1178.47990060249
TJK,Tajikistan,2022,1052.17949484894
TJK,Tajikistan,2021,896.748053372182
TJK,Tajikistan,2020,834.311715460625
TJK,Tajikistan,2019,871.022372934846
TJK,Tajikistan,2018,834.288404578801
TJK,Tajikistan,2017,829.45714764957
TJK,Tajikistan,2016,788.710481734485
TJK,Tajikistan,2015,956.916310930656
TJK,Tajikistan,2014,1081.54402932039
TJK,Tajikistan,2013,1028.19704279396
TJK,Tajikistan,2012,952.452819695469
TJK,Tajikistan,2011,833.601978202852
TJK,Tajikistan,2010,737.338883219356
TJK,Tajikistan,2009,664.795655734657
TJK,Tajikistan,2008,703.327375898643
TJK,Tajikistan,2007,516.997210618914
TJK,Tajikistan,2006,401.018403316427
TJK,Tajikistan,2005,333.927150941684
TJK,Tajikistan,2004,305.745158587502
TJK,Tajikistan,2003,233.58124845289
TJK,Tajikistan,2002,186.951638285222
TJK,Tajikistan,2001,168.676285365186
TJK,Tajikistan,2000,136.925716400723
TJK,Tajikistan,1999,175.023764735625
TJK,Tajikistan,1998,213.749145581577
TJK,Tajikistan,1997,150.088550171239
TJK,Tajikistan,1996,172.035088688368
TJK,Tajikistan,1995,207.034457343036
TJK,Tajikistan,1994,261.271254544865
TJK,Tajikistan,1993,287.620123754917
TJK,Tajikistan,1992,337.833145514813
TJK,Tajikistan,1991,457.767825924805
TJK,Tajikistan,1990,487.03612866309
TZA,Tanzania,2025,1318.81921386719
TZA,Tanzania,2024,1192.60668945313
TZA,Tanzania,2023,1224.00219726563
TZA,Tanzania,2022,1207.52062988281
TZA,Tanzania,2021,1159.85656738281
TZA,Tanzania,2020,1117.41528320313
TZA,Tanzania,2019,1063.32250976563
TZA,Tanzania,2018,1023.10626220703
TZA,Tanzania,2017,986.674011230469
TZA,Tanzania,2016,953.0107421875
TZA,Tanzania,2015,939.127319335938
TZA,Tanzania,2014,1022.74841308594
TZA,Tanzania,2013,963.05712890625
TZA,Tanzania,2012,861.969909667969
TZA,Tanzania,2011,775.392761230469
TZA,Tanzania,2010,736.530151367188
TZA,Tanzania,2009,693.823547363281
TZA,Tanzania,2008,675.977233886719
TZA,Tanzania,2007,543.198303222656
TZA,Tanzania,2006,475.746734619141
TZA,Tanzania,2005,483.334869384766
TZA,Tanzania,2004,450.385284423828
TZA,Tanzania,2003,422.18359375
TZA,Tanzania,2002,402.649047851563
TZA,Tanzania,2001,396.638732910156
TZA,Tanzania,2000,401.698150634766
TZA,Tanzania,1999,392.621765136719
TZA,Tanzania,1998,386.378448486328
TZA,Tanzania,1997,363.597686767578
TZA,Tanzania,1996,313.658386230469
TZA,Tanzania,1995,258.418334960938
TZA,Tanzania,1994,228.890029907227
TZA,Tanzania,1993,224.491546630859
TZA,Tanzania,1992,250.329925537109
TZA,Tanzania,1991,276.452453613281
TZA,Tanzania,1990,243.611557006836
TZA,Tanzania,1989,259.502227783203
TZA,Tanzania,1988,307.50634765625
TZA,Tanzania,1987,334.822784423828
TZA,Tanzania,1986,479.281768798828
TZA,Tanzania,1985,700.450073242188
TZA,Tanzania,1984,609.331420898438
TZA,Tanzania,1983,685.276489257813
TZA,Tanzania,1982,701.959838867188
TZA,Tanzania,1981,683.913269042969
TZA,Tanzania,1980,611.211791992188
TZA,Tanzania,1979,542.11474609375
TZA,Tanzania,1978,529.603637695313
TZA,Tanzania,1977,458.058349609375
TZA,Tanzania,1976,397.542755126953
TZA,Tanzania,1975,364.969940185547
TZA,Tanzania,1974,328.783599853516
TZA,Tanzania,1973,283.801849365234
TZA,Tanzania,1972,246.546295166016
TZA,Tanzania,1971,224.451416015625
TZA,Tanzania,1970,217.235641479492
TZA,Tanzania,1969,405.450805664063
TZA,Tanzania,1968,399.301635742188
TZA,Tanzania,1967,384.642944335938
TZA,Tanzania,1966,380.497924804688
TZA,Tanzania,1965,342.077941894531
TZA,Tanzania,1964,346.301818847656
TZA,Tanzania,1963,329.010589599609
TZA,Tanzania,1962,303.997436523438
TZA,Tanzania,1961,285.156799316406
TZA,Tanzania,1960,275.296020507813
THA,Thailand,2025,8056.56359761558
THA,Thailand,2024,7386.63615126055
THA,Thailand,2023,7210.54130832685
THA,Thailand,2022,6910.00995211206
THA,Thailand,2021,7055.18760721422
THA,Thailand,2020,6983.03412836245
THA,Thailand,2019,7605.69657797759
THA,Thailand,2018,7099.77650081458
THA,Thailand,2017,6413.09182530343
THA,Thailand,2016,5833.57715617098
THA,Thailand,2015,5688.85335397884
THA,Thailand,2014,5801.1978916205
THA,Thailand,2013,6018.08244729255
THA,Thailand,2012,5725.52802835463
THA,Thailand,2011,5373.6232832898
THA,Thailand,2010,4973.86288823778
THA,Thailand,2009,4135.43986952819
THA,Thailand,2008,4309.13509292986
THA,Thailand,2007,3918.52817434581
THA,Thailand,2006,3331.32043511773
THA,Thailand,2005,2867.70383436062
THA,Thailand,2004,2641.56268717857
THA,Thailand,2003,2347.54001286066
THA,Thailand,2002,2089.75183111554
THA,Thailand,2001,1889.93432467144
THA,Thailand,2000,2005.97694514234
THA,Thailand,1999,2033.24490520569
THA,Thailand,1998,1847.70379269771
THA,Thailand,1997,2473.14096982086
THA,Thailand,1996,3054.65690806473
THA,Thailand,1995,2864.36515719866
THA,Thailand,1994,2517.70732641683
THA,Thailand,1993,2245.13688708983
THA,Thailand,1992,1971.60879910694
THA,Thailand,1991,1765.62267359529
THA,Thailand,1990,1559.11209344755
THA,Thailand,1989,1341.72978395303
THA,Thailand,1988,1164.20096229495
THA,Thailand,1987,970.452522513385
THA,Thailand,1986,842.098436226451
THA,Thailand,1985,773.823923674613
THA,Thailand,1984,846.934168430884
THA,Thailand,1983,826.932302137698
THA,Thailand,1982,770.398953205891
THA,Thailand,1981,748.156726132308
THA,Thailand,1980,708.729450091584
THA,Thailand,1979,612.08876018577
THA,Thailand,1978,548.233113208345
THA,Thailand,1977,461.659141640678
THA,Thailand,1976,405.408734060752
THA,Thailand,1975,363.526350179478
THA,Thailand,1974,342.978897633446
THA,Thailand,1973,278.285062967675
THA,Thailand,1972,215.582022917854
THA,Thailand,1971,199.662201986255
THA,Thailand,1970,197.097903475424
THA,Thailand,1969,191.438734515692
THA,Thailand,1968,178.839752885801
THA,Thailand,1967,170.666971518706
THA,Thailand,1966,164.533414431069
THA,Thailand,1965,140.899873696781
THA,Thailand,1964,128.642226903734
THA,Thailand,1963,120.658598748696
THA,Thailand,1962,116.179493337844
THA,Thailand,1961,109.728794269464
THA,Thailand,1960,102.814571454958
TLS,Timor-Leste,2025,1340.9640193437
TLS,Timor-Leste,2024,1331.9705130185
TLS,Timor-Leste,2023,1502.4114958903
TLS,Timor-Leste,2022,2343.24955542816
TLS,Timor-Leste,2021,2684.92673717299
TLS,Timor-Leste,2020,1630.86935439232
TLS,Timor-Leste,2019,1562.36458881813
TLS,Timor-Leste,2018,1219.46598597604
TLS,Timor-Leste,2017,1266.17767952941
TLS,Timor-Leste,2016,1335.54390089814
TLS,Timor-Leste,2015,1319.59297370991
TLS,Timor-Leste,2014,1224.74957758801
TLS,Timor-Leste,2013,1204.56841532931
TLS,Timor-Leste,2012,1022.61903188429
TLS,Timor-Leste,2011,939.045241112693
TLS,Timor-Leste,2010,813.060177250597
TLS,Timor-Leste,2009,686.579295832381
TLS,Timor-Leste,2008,628.153219252849
TLS,Timor-Leste,2007,540.154584237662
TLS,Timor-Leste,2006,464.667001844159
TLS,Timor-Leste,2005,487.464555404292
TLS,Timor-Leste,2004,474.420767344689
TLS,Timor-Leste,2003,534.901153697657
TLS,Timor-Leste,2002,533.982476434866
TLS,Timor-Leste,2001,587.700692767858
TLS,Timor-Leste,2000,492.457669429651
TLS,Timor-Leste,1999,269.987312761397
TLS,Timor-Leste,1998,345.59090957317
TLS,Timor-Leste,1997,348.86424098109
TLS,Timor-Leste,1996,344.013327625123
TLS,Timor-Leste,1995,302.736982028369
TLS,Timor-Leste,1994,283.058000480762
TLS,Timor-Leste,1993,264.066994790836
TLS,Timor-Leste,1992,235.064767714477
TLS,Timor-Leste,1991,189.794649212749
TLS,Timor-Leste,1990,168.621010199317
TGO,Togo,2025,1383.89974929887
TGO,Togo,2024,1266.08777721447
TGO,Togo,2023,1182.32951436696
TGO,Togo,2022,1071.61539220759
TGO,Togo,2021,1076.29520076949
TGO,Togo,2020,961.219781201934
TGO,Togo,2019,917.718016777619
TGO,Togo,2018,942.480774393154
TGO,Togo,2017,872.076408845752
TGO,Togo,2016,843.114204338675
TGO,Togo,2015,813.894676975085
TGO,Togo,2014,921.539748631461
TGO,Togo,2013,885.698522723929
TGO,Togo,2012,813.611525037432
TGO,Togo,2011,834.14671980279
TGO,Togo,2010,750.323421086121
TGO,Togo,2009,770.172869777254
TGO,Togo,2008,771.351190404751
TGO,Togo,2007,654.083697666439
TGO,Togo,2006,596.249203137762
TGO,Togo,2005,595.200212014134
TGO,Togo,2004,604.311329116751
TGO,Togo,2003,579.728195854724
TGO,Togo,2002,479.438373869587
TGO,Togo,2001,426.883605884489
TGO,Togo,2000,440.420399069497
TGO,Togo,1999,477.217016566667
TGO,Togo,1998,492.493381462559
TGO,Togo,1997,476.890484883584
TGO,Togo,1996,482.27462715388
TGO,Togo,1995,449.85596910209
TGO,Togo,1994,355.429579368426
TGO,Togo,1993,448.033969931112
TGO,Togo,1992,607.946006940374
TGO,Togo,1991,591.939138361428
TGO,Togo,1990,619.184841877398
TGO,Togo,1989,529.714170208593
TGO,Togo,1988,556.09976573928
TGO,Togo,1987,519.18142138477
TGO,Togo,1986,454.510025928692
TGO,Togo,1985,337.014048169162
TGO,Togo,1984,326.546681169977
TGO,Togo,1983,356.531424888936
TGO,Togo,1982,391.787096992045
TGO,Togo,1981,471.976047235317
TGO,Togo,1980,574.920225193386
TGO,Togo,1979,463.966023357797
TGO,Togo,1978,439.835706566761
TGO,Togo,1977,424.884142466883
TGO,Togo,1976,346.61611702864
TGO,Togo,1975,353.836797732978
TGO,Togo,1974,329.182274184227
TGO,Togo,1973,244.840492887662
TGO,Togo,1972,207.562328319841
TGO,Togo,1971,182.2883269979
TGO,Togo,1970,166.861793379275
TGO,Togo,1969,185.029288995797
TGO,Togo,1968,174.910439992564
TGO,Togo,1967,171.069637256
TGO,Togo,1966,162.919341838376
TGO,Togo,1965,144.098515583253
TGO,Togo,1964,130.360610675638
TGO,Togo,1963,114.616211257053
TGO,Togo,1962,107.761209503061
TGO,Togo,1961,104.830748893841
TGO,Togo,1960,102.238985564471
TON,Tonga,2025,6547.18646814228
TON,Tonga,2024,6215.38990974121
TON,Tonga,2023,5651.59357939286
TON,Tonga,2022,5298.01942454298
TON,Tonga,2021,4922.8015864044
TON,Tonga,2020,4792.35872413906
TON,Tonga,2019,4788.83350468584
TON,Tonga,2018,4675.04776047973
TON,Tonga,2017,4365.92929788648
TON,Tonga,2016,3987.98618837043
TON,Tonga,2015,4123.90347238813
TON,Tonga,2014,4136.59010898445
TON,Tonga,2013,4219.24670113014
TON,Tonga,2012,4384.17058724217
TON,Tonga,2011,3849.99375750134
TON,Tonga,2010,3416.08356601207
TON,Tonga,2009,2914.23774004564
TON,Tonga,2008,3218.45303993196
TON,Tonga,2007,2797.06560109144
TON,Tonga,2006,2750.34778600857
TON,Tonga,2005,2477.72620144825
TON,Tonga,2004,2195.44890047673
TON,Tonga,2003,1936.04104012389
TON,Tonga,2002,1759.4805324576
TON,Tonga,2001,1753.51667576626
TON,Tonga,2000,1995.07667546271
TON,Tonga,1999,1952.14626248861
TON,Tonga,1998,1888.83194028282
TON,Tonga,1997,2135.52111086276
TON,Tonga,1996,2214.91474789811
TON,Tonga,1995,2084.02759539718
TON,Tonga,1994,1956.66180354821
TON,Tonga,1993,1383.47386584881
TON,Tonga,1992,1370.36142598699
TON,Tonga,1991,1323.40098550339
TON,Tonga,1990,1139.0553819198
TON,Tonga,1989,1069.83546760253
TON,Tonga,1988,1077.6835915018
TON,Tonga,1987,830.153019585043
TON,Tonga,1986,695.805077185729
TON,Tonga,1985,612.943575629463
TON,Tonga,1984,655.66235882708
TON,Tonga,1983,621.073531745178
TON,Tonga,1982,633.477863554833
TON,Tonga,1981,635.712889829014
TON,Tonga,1980,544.754241437563
TON,Tonga,1979,457.916448085709
TON,Tonga,1978,427.631287521076
TON,Tonga,1977,352.953092694597
TON,Tonga,1976,315.094854046623
TON,Tonga,1975,349.470975414391
TTO,Trinidad and Tobago,2025,18967.2704636681
TTO,Trinidad and Tobago,2024,18733.4110406494
TTO,Trinidad and Tobago,2023,18308.4536298575
TTO,Trinidad and Tobago,2022,20750.5202434652
TTO,Trinidad and Tobago,2021,17712.5674104655
TTO,Trinidad and Tobago,2020,15283.6270531554
TTO,Trinidad and Tobago,2019,17212.6128892163
TTO,Trinidad and Tobago,2018,17571.498737278
TTO,Trinidad and Tobago,2017,17566.0999700656
TTO,Trinidad and Tobago,2016,17449.1538801956
TTO,Trinidad and Tobago,2015,19887.2327716498
TTO,Trinidad and Tobago,2014,21908.3014555644
TTO,Trinidad and Tobago,2013,21304.9777496628
TTO,Trinidad and Tobago,2012,20332.1389531925
TTO,Trinidad and Tobago,2011,19151.0870229722
TTO,Trinidad and Tobago,2010,16815.424737361
TTO,Trinidad and Tobago,2009,14634.0565003912
TTO,Trinidad and Tobago,2008,21298.9945258063
TTO,Trinidad and Tobago,2007,16606.675360681
TTO,Trinidad and Tobago,2006,14152.6607422113
TTO,Trinidad and Tobago,2005,12346.4373094075
TTO,Trinidad and Tobago,2004,9871.03419820086
TTO,Trinidad and Tobago,2003,8445.04653518298
TTO,Trinidad and Tobago,2002,6762.93080808096
TTO,Trinidad and Tobago,2001,6657.41466937221
TTO,Trinidad and Tobago,2000,6178.58975559687
TTO,Trinidad and Tobago,1999,5179.08350809274
TTO,Trinidad and Tobago,1998,4612.70900312686
TTO,Trinidad and Tobago,1997,4393.94496943068
TTO,Trinidad and Tobago,1996,4427.27832448289
TTO,Trinidad and Tobago,1995,4114.68908475464
TTO,Trinidad and Tobago,1994,3839.96290233114
TTO,Trinidad and Tobago,1993,3646.71231742803
TTO,Trinidad and Tobago,1992,4277.47436935604
TTO,Trinidad and Tobago,1991,4205.37778348016
TTO,Trinidad and Tobago,1990,4047.25093594674
TTO,Trinidad and Tobago,1989,3481.84505761067
TTO,Trinidad and Tobago,1988,3655.81977035897
TTO,Trinidad and Tobago,1987,3941.12013972631
TTO,Trinidad and Tobago,1986,3984.99609719733
TTO,Trinidad and Tobago,1985,6212.00065299742
TTO,Trinidad and Tobago,1984,6613.11947420709
TTO,Trinidad and Tobago,1983,6689.80831238034
TTO,Trinidad and Tobago,1982,7091.40621892043
TTO,Trinidad and Tobago,1981,6159.70947284839
TTO,Trinidad and Tobago,1980,5559.05209507101
TTO,Trinidad and Tobago,1979,4155.1594201721
TTO,Trinidad and Tobago,1978,3258.0927567116
TTO,Trinidad and Tobago,1977,2907.3734770717
TTO,Trinidad and Tobago,1976,2344.93028321949
TTO,Trinidad and Tobago,1975,2318.69169815563
TTO,Trinidad and Tobago,1974,1962.02689234886
TTO,Trinidad and Tobago,1973,1273.3221357336
TTO,Trinidad and Tobago,1972,1067.46412567566
TTO,Trinidad and Tobago,1971,894.45305348288
TTO,Trinidad and Tobago,1970,828.919857464313
TTO,Trinidad and Tobago,1969,794.529655166788
TTO,Trinidad and Tobago,1968,783.173633599792
TTO,Trinidad and Tobago,1967,796.703860051473
TTO,Trinidad and Tobago,1966,767.537870840813
TTO,Trinidad and Tobago,1965,793.357738715678
TTO,Trinidad and Tobago,1964,779.766014894579
TTO,Trinidad and Tobago,1963,756.284906625836
TTO,Trinidad and Tobago,1962,703.620804079905
TTO,Trinidad and Tobago,1961,677.713824022157
TTO,Trinidad and Tobago,1960,633.975608394336
TUN,Tunisia,2025,4656.63818386852
TUN,Tunisia,2024,4187.64079392362
TUN,Tunisia,2023,3951.11683376921
TUN,Tunisia,2022,3707.29283414381
TUN,Tunisia,2021,3906.93926319391
TUN,Tunisia,2020,3548.65363663803
TUN,Tunisia,2019,3528.87213306798
TUN,Tunisia,2018,3628.10366464236
TUN,Tunisia,2017,3619.03247319953
TUN,Tunisia,2016,3847.80354448809
TUN,Tunisia,2015,4014.94773686432
TUN,Tunisia,2014,4458.97895464547
TUN,Tunisia,2013,4369.79345826358
TUN,Tunisia,2012,4297.26782454273
TUN,Tunisia,2011,4420.64772206537
TUN,Tunisia,2010,4291.86120891575
TUN,Tunisia,2009,4080.09032448781
TUN,Tunisia,2008,4255.05008019523
TUN,Tunisia,2007,3726.91672935667
TUN,Tunisia,2006,3322.56933570096
TUN,Tunisia,2005,3146.8260743927
TUN,Tunisia,2004,3067.41936376975
TUN,Tunisia,2003,2725.8643148859
TUN,Tunisia,2002,2320.7723805785
TUN,Tunisia,2001,2235.71981624751
TUN,Tunisia,2000,2199.04465936314
TUN,Tunisia,1999,2376.06566791596
TUN,Tunisia,1998,2285.01933541864
TUN,Tunisia,1997,2202.06090620956
TUN,Tunisia,1996,2107.40815649257
TUN,Tunisia,1995,1968.16600944373
TUN,Tunisia,1994,1733.46614673506
TUN,Tunisia,1993,1649.18537309075
TUN,Tunisia,1992,1784.81850188268
TUN,Tunisia,1991,1537.87916511306
TUN,Tunisia,1990,1476.43160477311
TUN,Tunisia,1989,1239.23860226784
TUN,Tunisia,1988,1266.07583258953
TUN,Tunisia,1987,1244.76663577347
TUN,Tunisia,1986,1186.50651525734
TUN,Tunisia,1985,1134.99813055736
TUN,Tunisia,1984,1143.2812867658
TUN,Tunisia,1983,1183.8417233031
TUN,Tunisia,1982,1177.30518554913
TUN,Tunisia,1981,1247.12801268551
TUN,Tunisia,1980,1323.62643763339
TUN,Tunisia,1979,1113.44445018775
TUN,Tunisia,1978,945.964678061001
TUN,Tunisia,1977,829.983963323177
TUN,Tunisia,1976,751.741946408618
TUN,Tunisia,1975,741.35491566103
TUN,Tunisia,1974,623.75935280482
TUN,Tunisia,1973,493.172121667472
TUN,Tunisia,1972,414.626612581104
TUN,Tunisia,1971,320.272102901124
TUN,Tunisia,1970,280.476910228346
TUN,Tunisia,1969,257.738832521682
TUN,Tunisia,1968,248.91225549272
TUN,Tunisia,1967,228.044765187406
TUN,Tunisia,1966,223.750680246593
TUN,Tunisia,1965,217.269013478937
TUN,Tunisia,1964,228.484793689273
TUN,Tunisia,1963,231.91940785127
TUN,Tunisia,1962,201.419166932165
TUN,Tunisia,1961,200.671835449762
TUR,Turkiye,2025,18599.4420922378
TUR,Turkiye,2024,15892.7157287241
TUR,Turkiye,2023,13375.0947282864
TUR,Turkiye,2022,10897.8397861365
TUR,Turkiye,2021,9981.76398411336
TUR,Turkiye,2020,8798.11791709313
TUR,Turkiye,2019,9395.23378001368
TUR,Turkiye,2018,9684.11819884721
TUR,Turkiye,2017,10756.3877677883
TUR,Turkiye,2016,10984.3643169061
TUR,Turkiye,2015,11064.6494504662
TUR,Turkiye,2014,12209.3862327674
TUR,Turkiye,2013,12635.5570016068
TUR,Turkiye,2012,11776.7593362033
TUR,Turkiye,2011,11373.6355760885
TUR,Turkiye,2010,10698.9699409757
TUR,Turkiye,2009,9076.92472236977
TUR,Turkiye,2008,10913.4079047769
TUR,Turkiye,2007,9766.91734545294
TUR,Turkiye,2006,7990.08251407245
TUR,Turkiye,2005,7331.85429430255
TUR,Turkiye,2004,5979.6054216148
TUR,Turkiye,2003,4649.63668068586
TUR,Turkiye,2002,3591.08628982587
TUR,Turkiye,2001,3052.2256706793
TUR,Turkiye,2000,4199.3798635759
TUR,Turkiye,1999,3973.77763854116
TUR,Turkiye,1998,4331.02761275037
TUR,Turkiye,1997,4197.37636165642
TUR,Turkiye,1996,4041.36210281686
TUR,Turkiye,1995,3845.98997887841
TUR,Turkiye,1994,2176.2801813809
TUR,Turkiye,1993,3057.93737480422
TUR,Turkiye,1992,2743.65320297936
TUR,Turkiye,1991,2649.27259974439
TUR,Turkiye,1990,2689.52621921233
TUR,Turkiye,1989,1948.59179454794
TUR,Turkiye,1988,1685.69479240535
TUR,Turkiye,1987,1649.96264794402
TUR,Turkiye,1986,1461.49658654754
TUR,Turkiye,1985,1326.42701445307
TUR,Turkiye,1984,1209.05149383313
TUR,Turkiye,1983,1275.68337617131
TUR,Turkiye,1982,1360.23825219775
TUR,Turkiye,1981,1536.66562064101
TUR,Turkiye,1980,1515.64589850068
TUR,Turkiye,1979,2013.37374286503
TUR,Turkiye,1978,1510.18531064944
TUR,Turkiye,1977,1371.96185651463
TUR,Turkiye,1976,1227.92409658199
TUR,Turkiye,1975,1121.54326914976
TUR,Turkiye,1974,880.728167716848
TUR,Turkiye,1973,661.080821885172
TUR,Turkiye,1972,537.337529232528
TUR,Turkiye,1971,430.897259673783
TUR,Turkiye,1970,487.565086682435
TUR,Turkiye,1969,543.947401329478
TUR,Turkiye,1968,501.12130904111
TUR,Turkiye,1967,459.449369053159
TUR,Turkiye,1966,424.984610131778
TUR,Turkiye,1965,369.967082204625
TUR,Turkiye,1964,354.365541117168
TUR,Turkiye,1963,337.019856859205
TUR,Turkiye,1962,298.241020884883
TUR,Turkiye,1961,274.350890943262
TUR,Turkiye,1960,267.091207552765
TKM,Turkmenistan,2025,6540.17876401136
TKM,Turkmenistan,2024,5904.25772576512
TKM,Turkmenistan,2023,5298.46421949276
TKM,Turkmenistan,2022,5198.18947409551
TKM,Turkmenistan,2021,3713.20113171765
TKM,Turkmenistan,2020,3935.37749365223
TKM,Turkmenistan,2019,4365.1152919542
TKM,Turkmenistan,2018,3911.98557297865
TKM,Turkmenistan,2017,5125.54920055808
TKM,Turkmenistan,2016,5238.00827202546
TKM,Turkmenistan,2015,5759.497903834
TKM,Turkmenistan,2014,7164.14536184006
TKM,Turkmenistan,2013,6599.64529055481
TKM,Turkmenistan,2012,6053.8748468749
TKM,Turkmenistan,2011,5143.61929334647
TKM,Turkmenistan,2010,4058.53937000739
TKM,Turkmenistan,2009,3707.97850699617
TKM,Turkmenistan,2008,3605.50395120549
TKM,Turkmenistan,2007,2414.96071986964
TKM,Turkmenistan,2006,1996.59310717308
TKM,Turkmenistan,2005,1604.01618452312
TKM,Turkmenistan,2004,1379.23009682692
TKM,Turkmenistan,2003,1228.94870289404
TKM,Turkmenistan,2002,935.540801478466
TKM,Turkmenistan,2001,756.034976276398
TKM,Turkmenistan,2000,633.835487638011
TKM,Turkmenistan,1999,545.519003106054
TKM,Turkmenistan,1998,590.791293266381
TKM,Turkmenistan,1997,565.022638048501
TKM,Turkmenistan,1996,557.894220051334
TKM,Turkmenistan,1995,592.247247321132
TKM,Turkmenistan,1994,622.13478015809
TKM,Turkmenistan,1993,788.418914207107
TKM,Turkmenistan,1992,811.354156451902
TKM,Turkmenistan,1991,831.99873207474
TKM,Turkmenistan,1990,848.155047388424
TKM,Turkmenistan,1989,821.029864511916
TKM,Turkmenistan,1988,845.932942002334
TKM,Turkmenistan,1987,675.221678074412
TCA,Turks and Caicos Islands,2024,37506.7798431288
TCA,Turks and Caicos Islands,2023,35470.2151608295
TCA,Turks and Caicos Islands,2022,31280.5418020808
TCA,Turks and Caicos Islands,2021,27329.2885087196
TCA,Turks and Caicos Islands,2020,20690.9160546118
TCA,Turks and Caicos Islands,2019,31780.5217068989
TCA,Turks and Caicos Islands,2018,31625.616593277
TCA,Turks and Caicos Islands,2017,30014.2309523213
TCA,Turks and Caicos Islands,2016,31373.5612684327
TCA,Turks and Caicos Islands,2015,29457.0140691162
TCA,Turks and Caicos Islands,2014,27292.5820256776
TCA,Turks and Caicos Islands,2013,25653.819867471
TCA,Turks and Caicos Islands,2012,25923.6156503875
TCA,Turks and Caicos Islands,2011,27327.4006354146
TCA,Turks and Caicos Islands,2010,23093.8498268267
TCA,Turks and Caicos Islands,2009,24596.8938015951
TCA,Turks and Caicos Islands,2008,31453.8228752689
TCA,Turks and Caicos Islands,2007,29443.8523030072
TCA,Turks and Caicos Islands,2006,28734.2873064523
TCA,Turks and Caicos Islands,2005,24122.3028180757
TCA,Turks and Caicos Islands,2004,21246.00980049
TCA,Turks and Caicos Islands,2003,18859.1890274773
TCA,Turks and Caicos Islands,2002,17803.9471767733
TCA,Turks and Caicos Islands,2001,18325.7458111974
TUV,Tuvalu,2025,6041.44908591428
TUV,Tuvalu,2024,5883.50257114002
TUV,Tuvalu,2023,5143.8397437226
TUV,Tuvalu,2022,5414.74642912412
TUV,Tuvalu,2021,6042.51983141155
TUV,Tuvalu,2020,5029.57159284173
TUV,Tuvalu,2019,5058.85266607659
TUV,Tuvalu,2018,4467.21144027065
TUV,Tuvalu,2017,4166.79162422818
TUV,Tuvalu,2016,3779.15293916285
TUV,Tuvalu,2015,3352.66722400181
TUV,Tuvalu,2014,3518.13249227107
TUV,Tuvalu,2013,3524.00277634143
TUV,Tuvalu,2012,3558.89749224226
TUV,Tuvalu,2011,3679.5325726267
TUV,Tuvalu,2010,3054.96154183353
TUV,Tuvalu,2009,2662.42865634448
TUV,Tuvalu,2008,3062.00125965971
TUV,Tuvalu,2007,2803.75365477849
TUV,Tuvalu,2006,2413.97836453913
TUV,Tuvalu,2005,2298.44257265761
TUV,Tuvalu,2004,2330.77403351989
TUV,Tuvalu,2003,2020.10103886055
TUV,Tuvalu,2002,1729.16968588975
TUV,Tuvalu,2001,1475.03705936258
TUV,Tuvalu,2000,1559.22072281826
TUV,Tuvalu,1999,1558.60396569869
TUV,Tuvalu,1998,1459.64937141718
TUV,Tuvalu,1997,1461.08618049276
TUV,Tuvalu,1996,1427.80960501753
TUV,Tuvalu,1995,1284.76446104166
TUV,Tuvalu,1994,1278.65870076399
TUV,Tuvalu,1993,1141.17904410247
TUV,Tuvalu,1992,1165.63710360353
TUV,Tuvalu,1991,1134.33175551477
TUV,Tuvalu,1990,1084.66707221699
TUV,Tuvalu,1989,976.047477175313
TUV,Tuvalu,1988,823.087505442833
TUV,Tuvalu,1987,599.750746530394
TUV,Tuvalu,1986,556.736790985481
TUV,Tuvalu,1985,480.095933768573
TUV,Tuvalu,1984,567.195381239419
TUV,Tuvalu,1983,533.130094256608
TUV,Tuvalu,1982,537.440652615639
TUV,Tuvalu,1981,634.203764501491
TUV,Tuvalu,1980,571.0192959143
TUV,Tuvalu,1979,565.932549315669
TUV,Tuvalu,1978,546.037352781083
TUV,Tuvalu,1977,548.821356812662
TUV,Tuvalu,1976,611.972553080204
TUV,Tuvalu,1975,656.326312583979
TUV,Tuvalu,1974,708.060574746717
TUV,Tuvalu,1973,600.583601271126
TUV,Tuvalu,1972,521.514044962269
TUV,Tuvalu,1971,477.922530255047
TUV,Tuvalu,1970,456.640627603398
UGA,Uganda,2025,1206.30450825002
UGA,Uganda,2024,1077.91278438613
UGA,Uganda,2023,1002.30913917142
UGA,Uganda,2022,963.067314117178
UGA,Uganda,2021,882.791717542504
UGA,Uganda,2020,845.766463890124
UGA,Uganda,2019,822.171150036357
UGA,Uganda,2018,792.16570022814
UGA,Uganda,2017,765.218332297361
UGA,Uganda,2016,752.696571725656
UGA,Uganda,2015,862.934610355811
UGA,Uganda,2014,896.054795546394
UGA,Uganda,2013,818.285427416713
UGA,Uganda,2012,795.222867553127
UGA,Uganda,2011,835.620060555838
UGA,Uganda,2010,823.488144282
UGA,Uganda,2009,798.947089938247
UGA,Uganda,2008,472.842681495852
UGA,Uganda,2007,401.389130865581
UGA,Uganda,2006,346.518255310647
UGA,Uganda,2005,330.405402707025
UGA,Uganda,2004,292.38185796262
UGA,Uganda,2003,250.71543664681
UGA,Uganda,2002,241.984688408335
UGA,Uganda,2001,236.021188853993
UGA,Uganda,2000,258.050338731086
UGA,Uganda,1999,257.921949601357
UGA,Uganda,1998,292.453037058835
UGA,Uganda,1997,286.846637912964
UGA,Uganda,1996,284.698259285733
UGA,Uganda,1995,278.520835668767
UGA,Uganda,1994,198.441987998795
UGA,Uganda,1993,165.616476211716
UGA,Uganda,1992,152.113542415537
UGA,Uganda,1991,182.955897348348
UGA,Uganda,1990,244.987168126806
UGA,Uganda,1989,310.186025249445
UGA,Uganda,1988,395.187660960924
UGA,Uganda,1987,392.97074320479
UGA,Uganda,1986,253.643058810817
UGA,Uganda,1985,234.276502777526
UGA,Uganda,1984,247.516937638636
UGA,Uganda,1983,157.527216922525
UGA,Uganda,1982,156.952422909331
UGA,Uganda,1981,98.6467550654109
UGA,Uganda,1980,93.7506991135184
UGA,Uganda,1979,164.513012181127
UGA,Uganda,1978,190.690145097606
UGA,Uganda,1977,237.584889064205
UGA,Uganda,1976,203.309813650809
UGA,Uganda,1975,201.237292844799
UGA,Uganda,1974,183.71757196626
UGA,Uganda,1973,152.709417587824
UGA,Uganda,1972,136.964736487473
UGA,Uganda,1971,133.468088316131
UGA,Uganda,1970,122.030929585629
UGA,Uganda,1969,116.682296330854
UGA,Uganda,1968,106.851228104531
UGA,Uganda,1967,102.80034732844
UGA,Uganda,1966,101.435414620908
UGA,Uganda,1965,99.9527652325075
UGA,Uganda,1964,68.6259930194368
UGA,Uganda,1963,61.9553768191835
UGA,Uganda,1962,55.5048704604887
UGA,Uganda,1961,56.1759278091596
UGA,Uganda,1960,55.3784976132181
UKR,Ukraine,2025,5865.884765625
UKR,Ukraine,2024,5391.62255859375
UKR,Ukraine,2023,5139.59814453125
UKR,Ukraine,2022,4199.6708984375
UKR,Ukraine,2021,4775.94580078125
UKR,Ukraine,2020,3709.76928710938
UKR,Ukraine,2019,3619.86157226563
UKR,Ukraine,2018,3059.0517578125
UKR,Ukraine,2017,2604.28759765625
UKR,Ukraine,2016,2158.46118164063
UKR,Ukraine,2015,2094.47387695313
UKR,Ukraine,2014,3054.908203125
UKR,Ukraine,2013,4129.89697265625
UKR,Ukraine,2012,3951.34228515625
UKR,Ukraine,2011,3656.69799804688
UKR,Ukraine,2010,3039.63232421875
UKR,Ukraine,2009,2607.08764648438
UKR,Ukraine,2008,4017.806640625
UKR,Ukraine,2007,3160.32763671875
UKR,Ukraine,2006,2366.494140625
UKR,Ukraine,2005,1875.33508300781
UKR,Ukraine,2004,1401.01806640625
UKR,Ukraine,2003,1076.48156738281
UKR,Ukraine,2002,903.011901855469
UKR,Ukraine,2001,800.49072265625
UKR,Ukraine,2000,653.294311523438
UKR,Ukraine,1999,631.910461425781
UKR,Ukraine,1998,831.336791992188
UKR,Ukraine,1997,987.489807128906
UKR,Ukraine,1996,869.846069335938
UKR,Ukraine,1995,933.191772460938
UKR,Ukraine,1994,1009.09405517578
UKR,Ukraine,1993,1254.02868652344
UKR,Ukraine,1992,1413.24011230469
UKR,Ukraine,1991,1482.6396484375
UKR,Ukraine,1990,1563.63415527344
UKR,Ukraine,1989,1593.07861328125
UKR,Ukraine,1988,1444.248046875
UKR,Ukraine,1987,1244.04125976563
ARE,United Arab Emirates,2024,50273.5126243239
ARE,United Arab Emirates,2023,49850.6945082084
ARE,United Arab Emirates,2022,50759.7590190204
ARE,United Arab Emirates,2021,44118.4936214315
ARE,United Arab Emirates,2020,37991.738387966
ARE,United Arab Emirates,2019,45938.6084572227
ARE,United Arab Emirates,2018,47135.3478795605
ARE,United Arab Emirates,2017,43733.6242018215
ARE,United Arab Emirates,2016,42721.1136110991
ARE,United Arab Emirates,2015,44910.3458860776
ARE,United Arab Emirates,2014,52725.2307981936
ARE,United Arab Emirates,2013,53247.2278745159
ARE,United Arab Emirates,2012,53141.6251661086
ARE,United Arab Emirates,2011,51921.8890746408
ARE,United Arab Emirates,2010,44795.2846234991
ARE,United Arab Emirates,2009,37803.0663737818
ARE,United Arab Emirates,2008,50054.1700685968
ARE,United Arab Emirates,2007,45854.7352436978
ARE,United Arab Emirates,2006,44342.603055045
ARE,United Arab Emirates,2005,38719.3138285388
ARE,United Arab Emirates,2004,33376.6880534412
ARE,United Arab Emirates,2003,29659.5710296993
ARE,United Arab Emirates,2002,27753.5810466782
ARE,United Arab Emirates,2001,27745.1684523079
ARE,United Arab Emirates,2000,29865.5285002232
ARE,United Arab Emirates,1999,25855.8379155488
ARE,United Arab Emirates,1998,24889.4426807231
ARE,United Arab Emirates,1997,27982.752550093
ARE,United Arab Emirates,1996,28323.1586889615
ARE,United Arab Emirates,1995,27003.1753753727
ARE,United Arab Emirates,1994,25472.6470660889
ARE,United Arab Emirates,1993,25032.8269272198
ARE,United Arab Emirates,1992,25648.2807476605
ARE,United Arab Emirates,1991,25690.9151233865
ARE,United Arab Emirates,1990,26709.9567949611
ARE,United Arab Emirates,1989,23166.7140459133
ARE,United Arab Emirates,1988,21569.6710149303
ARE,United Arab Emirates,1987,23112.5558111632
ARE,United Arab Emirates,1986,23132.0442453994
ARE,United Arab Emirates,1985,29467.5280764905
ARE,United Arab Emirates,1984,32012.2967090452
ARE,United Arab Emirates,1983,34650.0446364828
ARE,United Arab Emirates,1982,39972.4918171729
ARE,United Arab Emirates,1981,44854.5234553512
ARE,United Arab Emirates,1980,42925.208420888
ARE,United Arab Emirates,1979,34238.1739475153
ARE,United Arab Emirates,1978,29379.0712926859
ARE,United Arab Emirates,1977,35020.1986905139
ARE,United Arab Emirates,1976,31197.0663668344
ARE,United Arab Emirates,1975,27117.1912424652
ARE,United Arab Emirates,1974,23822.9715560307
ARE,United Arab Emirates,1973,9695.81418807304
ARE,United Arab Emirates,1972,3675.41681419534
ARE,United Arab Emirates,1971,2805.42642722587
ARE,United Arab Emirates,1970,2394.06811471055
GBR,United Kingdom,2025,57601.9621201954
GBR,United Kingdom,2024,53341.3131094262
GBR,United Kingdom,2023,49919.6896621586
GBR,United Kingdom,2022,47034.7795621476
GBR,United Kingdom,2021,47695.6491523474
GBR,United Kingdom,2020,40815.1255364787
GBR,United Kingdom,2019,43160.6843971799
GBR,United Kingdom,2018,43704.3162296687
GBR,United Kingdom,2017,40918.0520870944
GBR,United Kingdom,2016,41258.5374285695
GBR,United Kingdom,2015,45256.040227057
GBR,United Kingdom,2014,47746.9810645521
GBR,United Kingdom,2013,43607.6636827371
GBR,United Kingdom,2012,42688.3263728372
GBR,United Kingdom,2011,42295.9273835322
GBR,United Kingdom,2010,39778.3220528565
GBR,United Kingdom,2009,39009.3715547821
GBR,United Kingdom,2008,47652.4030691881
GBR,United Kingdom,2007,50629.0799172887
GBR,United Kingdom,2006,44695.161023424
GBR,United Kingdom,2005,42240.2462987547
GBR,United Kingdom,2004,40504.4118103928
GBR,United Kingdom,2003,34556.7726095905
GBR,United Kingdom,2002,30158.7017807858
GBR,United Kingdom,2001,28013.8729635508
GBR,United Kingdom,2000,28383.8761094996
GBR,United Kingdom,1999,28858.0065333126
GBR,United Kingdom,1998,28396.3523548013
GBR,United Kingdom,1997,26910.1381529902
GBR,United Kingdom,1996,24503.3829602903
GBR,United Kingdom,1995,23252.6157127423
GBR,United Kingdom,1994,19709.2380983653
GBR,United Kingdom,1993,18389.0195675099
GBR,United Kingdom,1992,20487.1707852878
GBR,United Kingdom,1991,19900.7266505069
GBR,United Kingdom,1990,19095.4669984608
GBR,United Kingdom,1989,16239.2821960944
GBR,United Kingdom,1988,15987.1680775688
GBR,United Kingdom,1987,13118.586534629
GBR,United Kingdom,1986,10611.112210096
GBR,United Kingdom,1985,8652.21654247593
GBR,United Kingdom,1984,8179.19444064991
GBR,United Kingdom,1983,8691.51881306514
GBR,United Kingdom,1982,9146.07735701852
GBR,United Kingdom,1981,9599.30622221965
GBR,United Kingdom,1980,10032.062080015
GBR,United Kingdom,1979,7804.76208051155
GBR,United Kingdom,1978,5976.93816899991
GBR,United Kingdom,1977,4681.43993173038
GBR,United Kingdom,1976,4138.16778761535
GBR,United Kingdom,1975,4299.74561799284
GBR,United Kingdom,1974,3665.8627976419
GBR,United Kingdom,1973,3426.27622050378
GBR,United Kingdom,1972,3030.43251411977
GBR,United Kingdom,1971,2649.80151387223
GBR,United Kingdom,1970,2347.54431773747
GBR,United Kingdom,1969,2100.66786858672
GBR,United Kingdom,1968,1951.75859587532
GBR,United Kingdom,1967,2058.78188198056
GBR,United Kingdom,1966,1986.74715869685
GBR,United Kingdom,1965,1873.56777435421
GBR,United Kingdom,1964,1748.2881176141
GBR,United Kingdom,1963,1613.45688373392
GBR,United Kingdom,1962,1525.77585271032
GBR,United Kingdom,1961,1472.38571407868
GBR,United Kingdom,1960,1397.5948032844
USA,United States,2025,90026.5163005744
USA,United States,2024,86169.6641581917
USA,United States,2023,82586.7847707894
USA,United States,2022,78008.6895811877
USA,United States,2021,71441.2319805947
USA,United States,2020,64465.2971415748
USA,United States,2019,65227.9565911038
USA,United States,2018,62875.6661382728
USA,United States,2017,60047.7190728307
USA,United States,2016,57976.628204291
USA,United States,2015,56849.4697923159
USA,United States,2014,55153.3940182967
USA,United States,2013,53297.3862901595
USA,United States,2012,51708.3940614082
USA,United States,2011,50024.8812320773
USA,United States,2010,48642.6312088213
USA,United States,2009,47194.9500893872
USA,United States,2008,48570.0594269601
USA,United States,2007,48050.227412195
USA,United States,2006,46301.9876485519
USA,United States,2005,44123.3996470026
USA,United States,2004,41724.6411982614
USA,United States,2003,39490.3023903176
USA,United States,2002,37997.7424300242
USA,United States,2001,37133.6203973517
USA,United States,2000,36329.9702595751
USA,United States,1999,34515.3813073394
USA,United States,1998,32853.6725949234
USA,United States,1997,31459.1299691554
USA,United States,1996,29967.7127181749
USA,United States,1995,28690.8757013347
USA,United States,1994,27694.853416234
USA,United States,1993,26387.2937338171
USA,United States,1992,25418.9907763319
USA,United States,1991,24342.2589048189
USA,United States,1990,23888.6000088133
USA,United States,1989,22857.1544330056
USA,United States,1988,21417.0119305191
USA,United States,1987,20038.9410992658
USA,United States,1986,19071.2271949295
USA,United States,1985,18236.8277265009
USA,United States,1984,17121.2254849995
USA,United States,1983,15543.8937174925
USA,United States,1982,14433.787727053
USA,United States,1981,13976.10539252
USA,United States,1980,12574.7915062163
USA,United States,1979,11674.1818666548
USA,United States,1978,10564.9482220275
USA,United States,1977,9452.57651914511
USA,United States,1976,8592.25353727612
USA,United States,1975,7801.45666356443
USA,United States,1974,7225.69135952566
USA,United States,1973,6726.35895596695
USA,United States,1972,6094.01798986165
USA,United States,1971,5609.38259952519
USA,United States,1970,5234.2966662115
USA,United States,1969,5019.99818634473
USA,United States,1968,4684.58840293763
USA,United States,1967,4325.95935063186
USA,United States,1966,4136.30829579106
USA,United States,1965,3818.28825117968
USA,United States,1964,3565.31443016356
USA,United States,1963,3366.36978960346
USA,United States,1962,3236.01311150062
USA,United States,1961,3059.16082086127
USA,United States,1960,2999.86487154495
URY,Uruguay,2025,25215.8238152781
URY,Uruguay,2024,24308.4954958447
URY,Uruguay,2023,23378.6399733516
URY,Uruguay,2022,21009.2883798725
URY,Uruguay,2021,17881.8119616753
URY,Uruguay,2020,15757.5341990356
URY,Uruguay,2019,18315.7350377437
URY,Uruguay,2018,19249.9404677501
URY,Uruguay,2017,19184.6626114272
URY,Uruguay,2016,17009.7584207276
URY,Uruguay,2015,17125.9016800298
URY,Uruguay,2014,18322.4276767157
URY,Uruguay,2013,18335.2594772322
URY,Uruguay,2012,16259.5940814256
URY,Uruguay,2011,15132.2675725587
URY,Uruguay,2010,12641.0576849008
URY,Uruguay,2009,9881.39573127081
URY,Uruguay,2008,9423.96562595893
URY,Uruguay,2007,7222.05403645877
URY,Uruguay,2006,6001.33294783172
URY,Uruguay,2005,5284.25677987129
URY,Uruguay,2004,4168.66065438387
URY,Uruguay,2003,3671.12329256883
URY,Uruguay,2002,4149.76140312687
URY,Uruguay,2001,6382.76104740859
URY,Uruguay,2000,6987.70098766257
URY,Uruguay,1999,7370.56995453931
URY,Uruguay,1998,7836.89183322307
URY,Uruguay,1997,7436.29342620682
URY,Uruguay,1996,6398.43575184095
URY,Uruguay,1995,6050.48632253644
URY,Uruguay,1994,5507.56481300056
URY,Uruguay,1993,4753.00924682647
URY,Uruguay,1992,4101.71054155291
URY,Uruguay,1991,3589.01541942634
URY,Uruguay,1990,2995.36105663465
URY,Uruguay,1989,2734.36623871535
URY,Uruguay,1988,2677.19777690993
URY,Uruguay,1987,2415.6541994875
URY,Uruguay,1986,1938.8108486947
URY,Uruguay,1985,1568.43216486363
URY,Uruguay,1984,1615.40647277136
URY,Uruguay,1983,1707.14462849135
URY,Uruguay,1982,3084.79407002174
URY,Uruguay,1981,3728.4455696996
URY,Uruguay,1980,3442.81230620351
URY,Uruguay,1979,2442.65957894266
URY,Uruguay,1978,1678.30925622568
URY,Uruguay,1977,1414.23789985403
URY,Uruguay,1976,1268.30303240921
URY,Uruguay,1975,1231.85370953179
URY,Uruguay,1974,1433.17797475063
URY,Uruguay,1973,1397.28960304383
URY,Uruguay,1972,775.937251050835
URY,Uruguay,1971,1000.28365412257
URY,Uruguay,1970,765.763011986694
URY,Uruguay,1969,722.586254907569
URY,Uruguay,1968,578.548868536136
URY,Uruguay,1967,584.75530449369
URY,Uruguay,1966,668.17637665776
URY,Uruguay,1965,705.202527526694
URY,Uruguay,1964,744.654270146069
URY,Uruguay,1963,586.821191669431
URY,Uruguay,1962,659.393716891716
URY,Uruguay,1961,603.966513233705
URY,Uruguay,1960,491.031760304596
UZB,Uzbekistan,2025,3968.2720079072
UZB,Uzbekistan,2024,3337.45492058664
UZB,Uzbekistan,2023,3015.97705069457
UZB,Uzbekistan,2022,2698.60262953369
UZB,Uzbekistan,2021,2370.36480555669
UZB,Uzbekistan,2020,2087.96374711792
UZB,Uzbekistan,2019,2128.66067138334
UZB,Uzbekistan,2018,1894.09088741408
UZB,Uzbekistan,2017,2271.4730109511
UZB,Uzbekistan,2016,3128.42307170099
UZB,Uzbekistan,2015,3172.89899391083
UZB,Uzbekistan,2014,3021.00331668049
UZB,Uzbekistan,2013,2781.38869470315
UZB,Uzbekistan,2012,2573.95586785056
UZB,Uzbekistan,2011,2338.55462817306
UZB,Uzbekistan,2010,1956.78127255673
UZB,Uzbekistan,2009,1205.7993547038
UZB,Uzbekistan,2008,1074.72928796701
UZB,Uzbekistan,2007,824.028192334768
UZB,Uzbekistan,2006,649.118167003925
UZB,Uzbekistan,2005,542.835808692209
UZB,Uzbekistan,2004,462.171492867885
UZB,Uzbekistan,2003,394.164028897235
UZB,Uzbekistan,2002,381.409296889283
UZB,Uzbekistan,2001,454.415812256778
UZB,Uzbekistan,2000,555.149231099186
UZB,Uzbekistan,1999,697.763539790812
UZB,Uzbekistan,1998,621.048904301242
UZB,Uzbekistan,1997,620.59129581366
UZB,Uzbekistan,1996,597.33228695111
UZB,Uzbekistan,1995,582.54213674034
UZB,Uzbekistan,1994,574.229079896619
UZB,Uzbekistan,1993,595.777099596612
UZB,Uzbekistan,1992,602.920525827048
UZB,Uzbekistan,1991,658.313550528068
UZB,Uzbekistan,1990,652.9376529256
UZB,Uzbekistan,1989,598.123131680436
UZB,Uzbekistan,1988,550.999615085024
UZB,Uzbekistan,1987,450.244536476152
VUT,Vanuatu,2025,4038.73520713411
VUT,Vanuatu,2024,3959.87703462363
VUT,Vanuatu,2023,3708.18942411253
VUT,Vanuatu,2022,3679.53524327491
VUT,Vanuatu,2021,3576.13770954363
VUT,Vanuatu,2020,3404.30359167624
VUT,Vanuatu,2019,3635.62344878185
VUT,Vanuatu,2018,3626.18862522473
VUT,Vanuatu,2017,3585.31798081216
VUT,Vanuatu,2016,3339.83436471043
VUT,Vanuatu,2015,3214.41948587141
VUT,Vanuatu,2014,3378.36411965135
VUT,Vanuatu,2013,3392.56675091682
VUT,Vanuatu,2012,3004.78416664293
VUT,Vanuatu,2011,3163.1861645138
VUT,Vanuatu,2010,2815.18828985779
VUT,Vanuatu,2009,2546.38324565986
VUT,Vanuatu,2008,2603.60883136724
VUT,Vanuatu,2007,2333.70506748914
VUT,Vanuatu,2006,2034.79289624351
VUT,Vanuatu,2005,1873.99142640619
VUT,Vanuatu,2004,1774.31867585894
VUT,Vanuatu,2003,1566.51396790858
VUT,Vanuatu,2002,1340.71537528287
VUT,Vanuatu,2001,1350.18338238522
VUT,Vanuatu,2000,1460.23817692229
VUT,Vanuatu,1999,1472.17751741462
VUT,Vanuatu,1998,1470.97189048658
VUT,Vanuatu,1997,1562.03090670153
VUT,Vanuatu,1996,1529.27573115021
VUT,Vanuatu,1995,1491.78967004617
VUT,Vanuatu,1994,1430.99367776483
VUT,Vanuatu,1993,1257.29387486656
VUT,Vanuatu,1992,1343.68942861831
VUT,Vanuatu,1991,1326.37321256212
VUT,Vanuatu,1990,1140.59020311724
VUT,Vanuatu,1989,1066.62512806351
VUT,Vanuatu,1988,1125.00616977712
VUT,Vanuatu,1987,1016.59904763078
VUT,Vanuatu,1986,945.998619022206
VUT,Vanuatu,1985,1011.51017753831
VUT,Vanuatu,1984,1136.68202384045
VUT,Vanuatu,1983,946.705222595573
VUT,Vanuatu,1982,946.023154648384
VUT,Vanuatu,1981,962.222055354043
VUT,Vanuatu,1980,1047.77362587983
VUT,Vanuatu,1979,1055.01446687478
VEN,"Venezuela, RB",2025,3494.8138870244
VEN,"Venezuela, RB",2024,4244.45723136019
VEN,"Venezuela, RB",2023,3617.47038396528
VEN,"Venezuela, RB",2022,3155.04190923584
VEN,"Venezuela, RB",2021,2004.93572921136
VEN,"Venezuela, RB",2020,1506.04169391285
VEN,"Venezuela, RB",2019,2523.11527549578
VEN,"Venezuela, RB",2018,3421.51341607593
VEN,"Venezuela, RB",2017,3791.63262049576
VEN,"Venezuela, RB",2016,3671.23004093383
VEN,"Venezuela, RB",2015,4096.61989137473
VEN,"Venezuela, RB",2014,7101.15006382986
VEN,"Venezuela, RB",2013,8642.37380007027
VEN,"Venezuela, RB",2012,12582.0125686037
VEN,"Venezuela, RB",2011,10843.9229703167
VEN,"Venezuela, RB",2010,13646.3046622664
VEN,"Venezuela, RB",2009,11596.6021921731
VEN,"Venezuela, RB",2008,11262.4514256759
VEN,"Venezuela, RB",2007,8331.62096991844
VEN,"Venezuela, RB",2006,6739.38065342218
VEN,"Venezuela, RB",2005,5432.4854184654
VEN,"Venezuela, RB",2004,4269.08970872392
VEN,"Venezuela, RB",2003,3229.50557082079
VEN,"Venezuela, RB",2002,3652.09896501865
VEN,"Venezuela, RB",2001,4920.39313600453
VEN,"Venezuela, RB",2000,4776.2816763938
VEN,"Venezuela, RB",1999,4070.90619189484
VEN,"Venezuela, RB",1998,3869.98258848894
VEN,"Venezuela, RB",1997,3710.82688355096
VEN,"Venezuela, RB",1996,3112.825848106
VEN,"Venezuela, RB",1995,3486.98350635919
VEN,"Venezuela, RB",1994,2688.98325145295
VEN,"Venezuela, RB",1993,2824.69144366441
VEN,"Venezuela, RB",1992,2907.30334439434
VEN,"Venezuela, RB",1991,2632.53969814106
VEN,"Venezuela, RB",1990,2451.5523114567
VEN,"Venezuela, RB",1989,2250.08459665588
VEN,"Venezuela, RB",1988,3191.47633742656
VEN,"Venezuela, RB",1987,2610.98837126004
VEN,"Venezuela, RB",1986,3376.34960597843
VEN,"Venezuela, RB",1985,3548.70434276284
VEN,"Venezuela, RB",1984,3519.80146489308
VEN,"Venezuela, RB",1983,4078.94233103427
VEN,"Venezuela, RB",1982,4201.54283466342
VEN,"Venezuela, RB",1981,4228.0988152685
VEN,"Venezuela, RB",1980,3874.40470623155
VEN,"Venezuela, RB",1979,3256.64908738452
VEN,"Venezuela, RB",1978,2727.13746585327
VEN,"Venezuela, RB",1977,2585.22051087846
VEN,"Venezuela, RB",1976,2309.19293494983
VEN,"Venezuela, RB",1975,2078.1534203511
VEN,"Venezuela, RB",1974,2033.51900797712
VEN,"Venezuela, RB",1973,1366.83361997071
VEN,"Venezuela, RB",1972,1155.26236263344
VEN,"Venezuela, RB",1971,1106.08824294225
VEN,"Venezuela, RB",1970,1015.21990755986
VEN,"Venezuela, RB",1969,931.598755748143
VEN,"Venezuela, RB",1968,938.015078662499
VEN,"Venezuela, RB",1967,892.985315556393
VEN,"Venezuela, RB",1966,875.956231715029
VEN,"Venezuela, RB",1965,869.041067890496
VEN,"Venezuela, RB",1964,873.604754880876
VEN,"Venezuela, RB",1963,1060.09433210388
VEN,"Venezuela, RB",1962,1006.55940812318
VEN,"Venezuela, RB",1961,954.038330638213
VEN,"Venezuela, RB",1960,939.197766577539
VNM,Viet Nam,2025,5065.99091899299
VNM,Viet Nam,2024,4716.6599379632
VNM,Viet Nam,2023,4322.82572261566
VNM,Viet Nam,2022,4147.69777213621
VNM,Viet Nam,2021,3704.1935590038
VNM,Viet Nam,2020,3534.03953482647
VNM,Viet Nam,2019,3440.90025375434
VNM,Viet Nam,2018,3222.31003125366
VNM,Viet Nam,2017,2956.10992127753
VNM,Viet Nam,2016,2735.0604380416
VNM,Viet Nam,2015,2577.56885340113
VNM,Viet Nam,2014,2546.38464459903
VNM,Viet Nam,2013,2359.51736472828
VNM,Viet Nam,2012,2185.11767654291
VNM,Viet Nam,2011,1950.92504174913
VNM,Viet Nam,2010,1683.16182443979
VNM,Viet Nam,2009,1226.16976051536
VNM,Viet Nam,2008,1163.83195772873
VNM,Viet Nam,2007,925.640338348717
VNM,Viet Nam,2006,807.756645117054
VNM,Viet Nam,2005,710.746759994861
VNM,Viet Nam,2004,565.452284586212
VNM,Viet Nam,2003,497.117089249256
VNM,Viet Nam,2002,445.132861817313
VNM,Viet Nam,2001,419.205677580901
VNM,Viet Nam,2000,404.029784055118
VNM,Viet Nam,1999,375.994455900496
VNM,Viet Nam,1998,361.350928411167
VNM,Viet Nam,1997,361.643884085566
VNM,Viet Nam,1996,337.051231790277
VNM,Viet Nam,1995,287.802661028593
VNM,Viet Nam,1994,229.857787265757
VNM,Viet Nam,1993,189.418573584332
VNM,Viet Nam,1992,144.549392371677
VNM,Viet Nam,1991,143.715270231936
VNM,Viet Nam,1990,98.7983370311401
VNM,Viet Nam,1989,98.1070172159577
VNM,Viet Nam,1988,404.559305078888
VNM,Viet Nam,1987,595.247488701606
VNM,Viet Nam,1986,436.419296772225
VNM,Viet Nam,1985,238.647805313403
VIR,Virgin Islands (U.S.),2022,44320.909185774
VIR,Virgin Islands (U.S.),2021,42571.0777368471
VIR,Virgin Islands (U.S.),2020,39787.3741650202
VIR,Virgin Islands (U.S.),2019,38633.5298915336
VIR,Virgin Islands (U.S.),2018,36663.2087550584
VIR,Virgin Islands (U.S.),2017,35365.0693039774
VIR,Virgin Islands (U.S.),2016,35324.9748874586
VIR,Virgin Islands (U.S.),2015,34007.3529411765
VIR,Virgin Islands (U.S.),2014,33045.3643795999
VIR,Virgin Islands (U.S.),2013,34597.9766940328
VIR,Virgin Islands (U.S.),2012,37795.3192590675
VIR,Virgin Islands (U.S.),2011,38997.1373164651
VIR,Virgin Islands (U.S.),2010,39905.1284180994
VIR,Virgin Islands (U.S.),2009,38753.1825393897
VIR,Virgin Islands (U.S.),2008,39152.3750657306
VIR,Virgin Islands (U.S.),2007,44158.5054044325
VIR,Virgin Islands (U.S.),2006,41377.1466009652
VIR,Virgin Islands (U.S.),2005,40828.7460927775
VIR,Virgin Islands (U.S.),2004,35006.3614404514
VIR,Virgin Islands (U.S.),2003,31731.2566241187
VIR,Virgin Islands (U.S.),2002,30062.0225050457
PSE,West Bank and Gaza,2025,3171.10844621579
PSE,West Bank and Gaza,2024,3028.25481286981
PSE,West Bank and Gaza,2023,3607.41611858821
PSE,West Bank and Gaza,2022,3799.95527015163
PSE,West Bank and Gaza,2021,3678.63565662194
PSE,West Bank and Gaza,2020,3233.56863835858
PSE,West Bank and Gaza,2019,3656.85827137011
PSE,West Bank and Gaza,2018,3562.33094270256
PSE,West Bank and Gaza,2017,3620.36048715937
PSE,West Bank and Gaza,2016,3527.61382413178
PSE,West Bank and Gaza,2015,3272.15432360708
PSE,West Bank and Gaza,2014,3352.11259506043
PSE,West Bank and Gaza,2013,3315.29753909282
PSE,West Bank and Gaza,2012,3067.43872735614
PSE,West Bank and Gaza,2011,2880.79843707909
PSE,West Bank and Gaza,2010,2557.07562356699
PSE,West Bank and Gaza,2009,2191.78178736868
PSE,West Bank and Gaza,2008,2035.20234121766
PSE,West Bank and Gaza,2007,1664.24571669276
PSE,West Bank and Gaza,2006,1570.10439962728
PSE,West Bank and Gaza,2005,1543.70141392774
PSE,West Bank and Gaza,2004,1422.19088643544
PSE,West Bank and Gaza,2003,1257.69857009689
PSE,West Bank and Gaza,2002,1156.21747345769
PSE,West Bank and Gaza,2001,1335.55319529359
PSE,West Bank and Gaza,2000,1476.17185000238
PSE,West Bank and Gaza,1999,1499.49217657019
PSE,West Bank and Gaza,1998,1465.04605685868
PSE,West Bank and Gaza,1997,1389.16497137651
PSE,West Bank and Gaza,1996,1317.46675131385
PSE,West Bank and Gaza,1995,1326.56285737146
PSE,West Bank and Gaza,1994,1201.58154213882
YEM,"Yemen, Rep.",2018,633.887202451545
YEM,"Yemen, Rep.",2017,811.165970405745
YEM,"Yemen, Rep.",2016,975.359417003225
YEM,"Yemen, Rep.",2015,1362.1738120601
YEM,"Yemen, Rep.",2014,1430.16420964026
YEM,"Yemen, Rep.",2013,1378.75002954928
YEM,"Yemen, Rep.",2012,1245.05068272078
YEM,"Yemen, Rep.",2011,1186.47500581215
YEM,"Yemen, Rep.",2010,1155.20305261418
YEM,"Yemen, Rep.",2009,969.243509864478
YEM,"Yemen, Rep.",2008,1071.63583282105
YEM,"Yemen, Rep.",2007,890.305768114988
YEM,"Yemen, Rep.",2006,809.713127624703
YEM,"Yemen, Rep.",2005,734.159908450927
YEM,"Yemen, Rep.",2004,627.632023395762
YEM,"Yemen, Rep.",2003,548.905883049973
YEM,"Yemen, Rep.",2002,513.241486570603
YEM,"Yemen, Rep.",2001,487.141257946318
YEM,"Yemen, Rep.",2000,493.235182634814
YEM,"Yemen, Rep.",1999,401.448141660801
YEM,"Yemen, Rep.",1998,342.73940747773
YEM,"Yemen, Rep.",1997,382.584928722421
YEM,"Yemen, Rep.",1996,375.214994663363
YEM,"Yemen, Rep.",1995,764.414656090937
YEM,"Yemen, Rep.",1994,1735.04419543214
YEM,"Yemen, Rep.",1993,1396.61544419009
YEM,"Yemen, Rep.",1992,1198.13031674085
YEM,"Yemen, Rep.",1991,1016.30223044813
YEM,"Yemen, Rep.",1990,910.422465960748
ZMB,Zambia,2025,1317.87771619597
ZMB,Zambia,2024,1187.10943350064
ZMB,Zambia,2023,1330.72780576709
ZMB,Zambia,2022,1447.12310138035
ZMB,Zambia,2021,1127.16077872857
ZMB,Zambia,2020,951.644316655957
ZMB,Zambia,2019,1258.98619844462
ZMB,Zambia,2018,1463.89997855593
ZMB,Zambia,2017,1483.46577328065
ZMB,Zambia,2016,1239.08527877713
ZMB,Zambia,2015,1295.87788680068
ZMB,Zambia,2014,1707.48573136694
ZMB,Zambia,2013,1820.71854827391
ZMB,Zambia,2012,1710.05061343728
ZMB,Zambia,2011,1624.86817763443
ZMB,Zambia,2010,1451.10616017155
ZMB,Zambia,2009,1136.24168316848
ZMB,Zambia,2008,1375.50211006997
ZMB,Zambia,2007,1118.73162626953
ZMB,Zambia,2006,1051.71714895686
ZMB,Zambia,2005,710.982068171696
ZMB,Zambia,2004,548.685974566277
ZMB,Zambia,2003,446.290104839041
ZMB,Zambia,2002,393.864625518616
ZMB,Zambia,2001,396.548952993504
ZMB,Zambia,2000,359.429500988221
ZMB,Zambia,1999,349.515723095687
ZMB,Zambia,1998,373.084763057408
ZMB,Zambia,1997,465.871942164799
ZMB,Zambia,1996,399.511304742449
ZMB,Zambia,1995,433.312782642118
ZMB,Zambia,1994,426.386598390102
ZMB,Zambia,1993,390.916673784646
ZMB,Zambia,1992,389.254665832226
ZMB,Zambia,1991,423.071256835592
ZMB,Zambia,1990,422.336298804219
ZMB,Zambia,1989,526.361769256072
ZMB,Zambia,1988,504.486020154114
ZMB,Zambia,1987,314.999602622841
ZMB,Zambia,1986,238.23379616097
ZMB,Zambia,1985,332.173737253298
ZMB,Zambia,1984,413.269974271735
ZMB,Zambia,1983,520.45583354177
ZMB,Zambia,1982,626.532533448195
ZMB,Zambia,1981,669.886829361684
ZMB,Zambia,1980,669.419722015371
ZMB,Zambia,1979,595.455849101956
ZMB,Zambia,1978,514.334878626644
ZMB,Zambia,1977,474.362362443019
ZMB,Zambia,1976,533.231631721853
ZMB,Zambia,1975,489.505018740558
ZMB,Zambia,1974,601.101371432691
ZMB,Zambia,1973,517.630055161873
ZMB,Zambia,1972,409.781146356948
ZMB,Zambia,1971,372.144071511389
ZMB,Zambia,1970,413.904675224945
ZMB,Zambia,1969,458.981650783744
ZMB,Zambia,1968,387.087288652294
ZMB,Zambia,1967,340.579940386412
ZMB,Zambia,1966,325.025847276562
ZMB,Zambia,1965,287.42547598963
ZMB,Zambia,1964,229.979245632097
ZMB,Zambia,1963,203.219451227586
ZMB,Zambia,1962,202.28103119051
ZMB,Zambia,1961,209.693206426951
ZMB,Zambia,1960,221.559848922849
ZWE,Zimbabwe,2025,3021.43019873632
ZWE,Zimbabwe,2024,2496.15514995576
ZWE,Zimbabwe,2023,2195.22502010174
ZWE,Zimbabwe,2022,2536.40197087505
ZWE,Zimbabwe,2021,2613.6167414057
ZWE,Zimbabwe,2020,2059.63704025274
ZWE,Zimbabwe,2019,2184.52155388801
ZWE,Zimbabwe,2018,2270.89531874302
ZWE,Zimbabwe,2017,3445.44941020134
ZWE,Zimbabwe,2016,1408.13945253431
ZWE,Zimbabwe,2015,1387.12632595026
ZWE,Zimbabwe,2014,1372.91526173161
ZWE,Zimbabwe,2013,1362.99498323368
ZWE,Zimbabwe,2012,1239.22709745709
ZWE,Zimbabwe,2011,1037.77565157218
ZWE,Zimbabwe,2010,902.010759067388
ZWE,Zimbabwe,2009,735.821693871697
ZWE,Zimbabwe,2008,340.917447588572
ZWE,Zimbabwe,2007,413.521244592925
ZWE,Zimbabwe,2006,431.034994414964
ZWE,Zimbabwe,2005,461.271387547912
ZWE,Zimbabwe,2004,469.719298949304
ZWE,Zimbabwe,2003,468.471932927213
ZWE,Zimbabwe,2002,524.936478570323
ZWE,Zimbabwe,2001,566.388746448872
ZWE,Zimbabwe,2000,562.833757496076
ZWE,Zimbabwe,1999,582.299355588147
ZWE,Zimbabwe,1998,552.448328691252
ZWE,Zimbabwe,1997,750.583100340929
ZWE,Zimbabwe,1996,766.913775859535
ZWE,Zimbabwe,1995,648.315259628165
ZWE,Zimbabwe,1994,634.062003018813
ZWE,Zimbabwe,1993,604.70311652877
ZWE,Zimbabwe,1992,631.149149280088
ZWE,Zimbabwe,1991,830.961354818769
ZWE,Zimbabwe,1990,866.928868406131
ZWE,Zimbabwe,1989,840.417972601175
ZWE,Zimbabwe,1988,815.89246404532
ZWE,Zimbabwe,1987,726.43141011947
ZWE,Zimbabwe,1986,692.529276865648
ZWE,Zimbabwe,1985,649.27581323637
ZWE,Zimbabwe,1984,757.359025240321
ZWE,Zimbabwe,1983,959.205194217604
ZWE,Zimbabwe,1982,1095.88472887835
ZWE,Zimbabwe,1981,1068.92311090177
ZWE,Zimbabwe,1980,949.011610530352
ZWE,Zimbabwe,1979,779.249232367068
ZWE,Zimbabwe,1978,665.358361846219
ZWE,Zimbabwe,1977,677.045095606361
ZWE,Zimbabwe,1976,687.212457369771
ZWE,Zimbabwe,1975,717.130326238498
ZWE,Zimbabwe,1974,674.335381210306
ZWE,Zimbabwe,1973,578.81284112321
ZWE,Zimbabwe,1972,483.378111388597
ZWE,Zimbabwe,1971,405.571258550669
ZWE,Zimbabwe,1970,361.425992338609
ZWE,Zimbabwe,1969,345.754984688223
ZWE,Zimbabwe,1968,302.086211635024
ZWE,Zimbabwe,1967,294.360765229111
ZWE,Zimbabwe,1966,278.709727530089
ZWE,Zimbabwe,1965,294.295520209542
ZWE,Zimbabwe,1964,281.888369368235
ZWE,Zimbabwe,1963,277.147112572228
ZWE,Zimbabwe,1962,275.686274355878
ZWE,Zimbabwe,1961,279.158927151344
ZWE,Zimbabwe,1960,276.560896360952
