countryiso3code,country,date,value
AFE,Africa Eastern and Southern,2025,1.17018148257519
AFE,Africa Eastern and Southern,2024,0.277358647887979
AFE,Africa Eastern and Southern,2023,-0.594614604893195
AFE,Africa Eastern and Southern,2022,1.01471726677123
AFE,Africa Eastern and Southern,2021,1.72157250545655
AFE,Africa Eastern and Southern,2020,-5.51611083521335
AFE,Africa Eastern and Southern,2019,-0.801354122244689
AFE,Africa Eastern and Southern,2018,-0.0640051941255848
AFE,Africa Eastern and Southern,2017,0.001542071800543
AFE,Africa Eastern and Southern,2016,-0.373426659266414
AFE,Africa Eastern and Southern,2015,0.195047809492067
AFE,Africa Eastern and Southern,2014,1.14400714688763
AFE,Africa Eastern and Southern,2013,1.79755555426182
AFE,Africa Eastern and Southern,2012,-0.827397152064862
AFE,Africa Eastern and Southern,2011,1.04190827835093
AFE,Africa Eastern and Southern,2010,2.49382116351491
AFE,Africa Eastern and Southern,2009,-1.80600961701633
AFE,Africa Eastern and Southern,2008,1.63317109322863
AFE,Africa Eastern and Southern,2007,3.86883047212268
AFE,Africa Eastern and Southern,2006,3.82815757987287
AFE,Africa Eastern and Southern,2005,3.38831264636777
AFE,Africa Eastern and Southern,2004,2.88100545486438
AFE,Africa Eastern and Southern,2003,0.346408929145753
AFE,Africa Eastern and Southern,2002,1.24193215095558
AFE,Africa Eastern and Southern,2001,0.858397630284628
AFE,Africa Eastern and Southern,2000,0.537452922147111
AFE,Africa Eastern and Southern,1999,-0.0228632100298825
AFE,Africa Eastern and Southern,1998,-0.828207629496021
AFE,Africa Eastern and Southern,1997,1.2277140389366
AFE,Africa Eastern and Southern,1996,2.74481800650386
AFE,Africa Eastern and Southern,1995,1.67950821777936
AFE,Africa Eastern and Southern,1994,-0.752746167021584
AFE,Africa Eastern and Southern,1993,-3.54757354743944
AFE,Africa Eastern and Southern,1992,-4.9584952949583
AFE,Africa Eastern and Southern,1991,-2.81641207118932
AFE,Africa Eastern and Southern,1990,-2.70803135835918
AFE,Africa Eastern and Southern,1989,-0.194365355091065
AFE,Africa Eastern and Southern,1988,1.30066708449021
AFE,Africa Eastern and Southern,1987,0.870023398272053
AFE,Africa Eastern and Southern,1986,-0.739305392023027
AFE,Africa Eastern and Southern,1985,-3.04982222062205
AFE,Africa Eastern and Southern,1984,0.315757916173197
AFE,Africa Eastern and Southern,1983,-3.02273452921243
AFE,Africa Eastern and Southern,1982,-2.86548506585918
AFE,Africa Eastern and Southern,1981,0.763072293765603
AFE,Africa Eastern and Southern,1980,2.33698989613656
AFE,Africa Eastern and Southern,1979,-0.243309867774272
AFE,Africa Eastern and Southern,1978,-1.50843267957727
AFE,Africa Eastern and Southern,1977,-1.71083284703045
AFE,Africa Eastern and Southern,1976,-0.594005459110164
AFE,Africa Eastern and Southern,1975,-1.54448385364167
AFE,Africa Eastern and Southern,1974,2.38095919588692
AFE,Africa Eastern and Southern,1973,1.60970619489656
AFE,Africa Eastern and Southern,1972,-0.11628666824906
AFE,Africa Eastern and Southern,1971,2.48087892944326
AFE,Africa Eastern and Southern,1970,-1.76651946355082
AFE,Africa Eastern and Southern,1969,2.12739093231224
AFE,Africa Eastern and Southern,1968,1.18891807977678
AFE,Africa Eastern and Southern,1967,2.38433702827156
AFE,Africa Eastern and Southern,1966,1.92258454772218
AFE,Africa Eastern and Southern,1965,2.22501450202672
AFE,Africa Eastern and Southern,1964,1.79146192351749
AFE,Africa Eastern and Southern,1963,2.79618086072317
AFE,Africa Eastern and Southern,1962,5.07542912679675
AFE,Africa Eastern and Southern,1961,-2.18271899202236
AFW,Africa Western and Central,2025,2.21394778961708
AFW,Africa Western and Central,2024,2.11770319005143
AFW,Africa Western and Central,2023,1.20760367386683
AFW,Africa Western and Central,2022,2.08027089264411
AFW,Africa Western and Central,2021,0.158044421755463
AFW,Africa Western and Central,2020,-5.9882592891983
AFW,Africa Western and Central,2019,0.798449950611996
AFW,Africa Western and Central,2018,0.336503639808257
AFW,Africa Western and Central,2017,-0.335939423564639
AFW,Africa Western and Central,2016,-2.45468067370471
AFW,Africa Western and Central,2015,0.201687513875925
AFW,Africa Western and Central,2014,2.85364068079778
AFW,Africa Western and Central,2013,3.19663766359375
AFW,Africa Western and Central,2012,2.25119702126244
AFW,Africa Western and Central,2011,2.00094533366727
AFW,Africa Western and Central,2010,4.0522852338199
AFW,Africa Western and Central,2009,3.21119767785272
AFW,Africa Western and Central,2008,3.24513185503825
AFW,Africa Western and Central,2007,2.50903560180902
AFW,Africa Western and Central,2006,2.35271467955923
AFW,Africa Western and Central,2005,2.83694211341692
AFW,Africa Western and Central,2004,5.0593080412028
AFW,Africa Western and Central,2003,2.69562168057567
AFW,Africa Western and Central,2002,6.89670708186827
AFW,Africa Western and Central,2001,2.34332989659511
AFW,Africa Western and Central,2000,0.999259502939267
AFW,Africa Western and Central,1999,-1.21137782630254
AFW,Africa Western and Central,1998,0.799016402218882
AFW,Africa Western and Central,1997,1.58406258152732
AFW,Africa Western and Central,1996,1.8048238033667
AFW,Africa Western and Central,1995,-0.895422462359932
AFW,Africa Western and Central,1994,-2.84645838754254
AFW,Africa Western and Central,1993,-3.95040943930857
AFW,Africa Western and Central,1992,-0.491410989325018
AFW,Africa Western and Central,1991,-1.51915256244767
AFW,Africa Western and Central,1990,2.82767593697399
AFW,Africa Western and Central,1989,-1.05633664162958
AFW,Africa Western and Central,1988,1.92189254115394
AFW,Africa Western and Central,1987,-1.32752696960358
AFW,Africa Western and Central,1986,-1.4715146548117
AFW,Africa Western and Central,1985,2.48687997555245
AFW,Africa Western and Central,1984,-2.11151916111201
AFW,Africa Western and Central,1983,-8.79831337956884
AFW,Africa Western and Central,1982,-6.02886670285615
AFW,Africa Western and Central,1981,-9.26045818290284
AFW,Africa Western and Central,1980,-0.975957245893383
AFW,Africa Western and Central,1979,2.09911268790471
AFW,Africa Western and Central,1978,-4.61754868319973
AFW,Africa Western and Central,1977,1.75806214936162
AFW,Africa Western and Central,1976,5.55277830574639
AFW,Africa Western and Central,1975,-4.60050152637916
AFW,Africa Western and Central,1974,7.09605762174061
AFW,Africa Western and Central,1973,1.33435906080285
AFW,Africa Western and Central,1972,0.669693696077587
AFW,Africa Western and Central,1971,7.771338018891
AFW,Africa Western and Central,1970,14.5116965352547
AFW,Africa Western and Central,1969,12.3467064043877
AFW,Africa Western and Central,1968,-0.701131358202801
AFW,Africa Western and Central,1967,-10.9757118035624
AFW,Africa Western and Central,1966,-3.68059298172338
AFW,Africa Western and Central,1965,1.83693002638556
AFW,Africa Western and Central,1964,3.09134775898028
AFW,Africa Western and Central,1963,4.74044820428104
AFW,Africa Western and Central,1962,1.53846961579976
AFW,Africa Western and Central,1961,-0.251184694001111
ARB,Arab World,2025,1.46471292301749
ARB,Arab World,2024,-0.170393051350842
ARB,Arab World,2023,-0.618659094254539
ARB,Arab World,2022,4.5665417527059
ARB,Arab World,2021,2.86183497876445
ARB,Arab World,2020,-7.25739207603073
ARB,Arab World,2019,-0.147542137815066
ARB,Arab World,2018,0.861357587521155
ARB,Arab World,2017,-0.681450995163544
ARB,Arab World,2016,1.19964765471723
ARB,Arab World,2015,0.840584401735526
ARB,Arab World,2014,0.20994989882179
ARB,Arab World,2013,-0.018419233108105
ARB,Arab World,2012,2.99674440011191
ARB,Arab World,2011,1.47986834629215
ARB,Arab World,2010,2.66756149995162
ARB,Arab World,2009,-1.77742408482605
ARB,Arab World,2008,2.94388275607452
ARB,Arab World,2007,2.02973818546926
ARB,Arab World,2006,3.76799825944971
ARB,Arab World,2005,3.10241221994015
ARB,Arab World,2004,6.57881858398423
ARB,Arab World,2003,1.78073866579463
ARB,Arab World,2002,-1.10209392913329
ARB,Arab World,2001,-0.302783165520793
ARB,Arab World,2000,3.79848131815213
ARB,Arab World,1999,0.347644218848941
ARB,Arab World,1998,2.26566737659282
ARB,Arab World,1997,2.95945332972063
ARB,Arab World,1996,2.28691234933345
ARB,Arab World,1995,0.240290555196893
ARB,Arab World,1994,0.558861030356866
ARB,Arab World,1993,0.425071054396668
ARB,Arab World,1992,3.88405240603566
ARB,Arab World,1991,-2.96256868206306
ARB,Arab World,1990,4.34609962979017
ARB,Arab World,1989,1.05421595217381
ARB,Arab World,1988,0.457348373524738
ARB,Arab World,1987,-2.69425975423614
ARB,Arab World,1986,-3.74344935844545
ARB,Arab World,1985,-3.8481844543649
ARB,Arab World,1984,-1.8780354260704
ARB,Arab World,1983,-6.73976352585547
ARB,Arab World,1982,-8.84471731127677
ARB,Arab World,1981,-2.31305635966766
ARB,Arab World,1980,2.66250904516434
ARB,Arab World,1979,6.83172246634234
ARB,Arab World,1978,-0.377237942793258
ARB,Arab World,1977,3.30024944482585
ARB,Arab World,1976,10.7243303471032
ARB,Arab World,1975,-3.05793838942657
ARB,Arab World,1974,7.28891106057628
ARB,Arab World,1973,10.0134980546109
ARB,Arab World,1972,10.736607708896
ARB,Arab World,1971,4.46552869058461
ARB,Arab World,1970,19.4550684440578
ARB,Arab World,1969,4.38758097786601
ARB,Arab World,1968,7.64320435988863
ARB,Arab World,1967,3.80125709250481
CSS,Caribbean small states,2025,7.56041212197263
CSS,Caribbean small states,2024,12.8498912691004
CSS,Caribbean small states,2023,8.26125371691218
CSS,Caribbean small states,2022,14.2784672783565
CSS,Caribbean small states,2021,6.76081374499473
CSS,Caribbean small states,2020,-9.60221451017202
CSS,Caribbean small states,2019,0.0597363324265814
CSS,Caribbean small states,2018,0.355868797009421
CSS,Caribbean small states,2017,-1.31455852532122
CSS,Caribbean small states,2016,-3.69329542885677
CSS,Caribbean small states,2015,-0.704416193082665
CSS,Caribbean small states,2014,1.90649605074414
CSS,Caribbean small states,2013,0.871241055399167
CSS,Caribbean small states,2012,3.44106475940104
CSS,Caribbean small states,2011,0.247458454934588
CSS,Caribbean small states,2010,0.542414635361752
CSS,Caribbean small states,2009,-3.90868854825267
CSS,Caribbean small states,2008,1.05232469729881
CSS,Caribbean small states,2007,3.18384924816124
CSS,Caribbean small states,2006,7.20483482650496
CSS,Caribbean small states,2005,5.19545531013348
CSS,Caribbean small states,2004,3.89033671450154
CSS,Caribbean small states,2003,5.2420892174536
CSS,Caribbean small states,2002,3.15227269062193
CSS,Caribbean small states,2001,1.29493805381942
CSS,Caribbean small states,2000,3.87018281578848
CSS,Caribbean small states,1999,4.19658407752499
CSS,Caribbean small states,1998,4.05383586387285
CSS,Caribbean small states,1997,3.73475752643093
CSS,Caribbean small states,1996,3.99950967434421
CSS,Caribbean small states,1995,2.20628196511939
CSS,Caribbean small states,1994,2.5443209758586
CSS,Caribbean small states,1993,-0.305679272603072
CSS,Caribbean small states,1992,1.22420373743167
CSS,Caribbean small states,1991,-0.693517192350427
CSS,Caribbean small states,1990,-0.902857716657607
CSS,Caribbean small states,1989,2.51065617086049
CSS,Caribbean small states,1988,1.04258827609702
CSS,Caribbean small states,1987,-0.571400095290343
CSS,Caribbean small states,1986,0.537573801646275
CSS,Caribbean small states,1985,0.276476466554826
CSS,Caribbean small states,1984,1.18592195774443
CSS,Caribbean small states,1983,-4.27777029501914
CSS,Caribbean small states,1982,-0.271425028774658
CSS,Caribbean small states,1981,-0.416013789069254
CSS,Caribbean small states,1980,4.38944781621635
CSS,Caribbean small states,1979,6.67176355400845
CSS,Caribbean small states,1978,7.11269142489766
CSS,Caribbean small states,1977,5.85325943457403
CSS,Caribbean small states,1976,4.4924834018893
CSS,Caribbean small states,1975,-2.52383281175125
CSS,Caribbean small states,1974,-3.76241771965465
CSS,Caribbean small states,1973,1.51761758895259
CSS,Caribbean small states,1972,-0.146275137333376
CSS,Caribbean small states,1971,0.927705004528818
CSS,Caribbean small states,1970,0.584652338079408
CSS,Caribbean small states,1969,4.10684766981639
CSS,Caribbean small states,1968,4.25620176119395
CSS,Caribbean small states,1967,4.72700835992124
CSS,Caribbean small states,1966,4.85471003776847
CSS,Caribbean small states,1965,5.0434157723338
CSS,Caribbean small states,1964,5.89128404873931
CSS,Caribbean small states,1963,-0.0583209147532244
CSS,Caribbean small states,1962,3.1869541120584
CSS,Caribbean small states,1961,7.30994676384799
CEB,Central Europe and the Baltics,2025,2.62070412976104
CEB,Central Europe and the Baltics,2024,2.21955805173253
CEB,Central Europe and the Baltics,2023,0.607893264663147
CEB,Central Europe and the Baltics,2022,4.17906033122961
CEB,Central Europe and the Baltics,2021,7.64692428388101
CEB,Central Europe and the Baltics,2020,-2.68153713428568
CEB,Central Europe and the Baltics,2019,4.24672117209575
CEB,Central Europe and the Baltics,2018,5.22409901899552
CEB,Central Europe and the Baltics,2017,5.42597031137817
CEB,Central Europe and the Baltics,2016,3.13298217976458
CEB,Central Europe and the Baltics,2015,4.3120641222167
CEB,Central Europe and the Baltics,2014,3.55146004249337
CEB,Central Europe and the Baltics,2013,1.01726952998634
CEB,Central Europe and the Baltics,2012,1.07524304117976
CEB,Central Europe and the Baltics,2011,3.84661785855246
CEB,Central Europe and the Baltics,2010,1.90703503663352
CEB,Central Europe and the Baltics,2009,-3.43701704815558
CEB,Central Europe and the Baltics,2008,4.33536357522961
CEB,Central Europe and the Baltics,2007,6.73616028834196
CEB,Central Europe and the Baltics,2006,6.91221515543346
CEB,Central Europe and the Baltics,2005,5.19661103320537
CEB,Central Europe and the Baltics,2004,6.16524254096342
CEB,Central Europe and the Baltics,2003,4.32419131817817
CEB,Central Europe and the Baltics,2002,4.22026823155539
CEB,Central Europe and the Baltics,2001,3.75911997051541
CEB,Central Europe and the Baltics,2000,4.53384669377081
CEB,Central Europe and the Baltics,1999,2.06679624052735
CEB,Central Europe and the Baltics,1998,2.80633916855868
CEB,Central Europe and the Baltics,1997,2.42593095930317
CEB,Central Europe and the Baltics,1996,4.71307040347394
CEB,Central Europe and the Baltics,1995,5.86313670862488
CEB,Central Europe and the Baltics,1994,3.70764312884882
CEB,Central Europe and the Baltics,1993,0.272219013894798
CEB,Central Europe and the Baltics,1992,-4.62626791424128
CEB,Central Europe and the Baltics,1991,-10.6514625236275
EAR,Early-demographic dividend,2025,3.19722964995819
EAR,Early-demographic dividend,2024,2.67161745358622
EAR,Early-demographic dividend,2023,2.90876376353279
EAR,Early-demographic dividend,2022,4.84453271053849
EAR,Early-demographic dividend,2021,6.37999557233438
EAR,Early-demographic dividend,2020,-5.44002393656929
EAR,Early-demographic dividend,2019,1.02983723771024
EAR,Early-demographic dividend,2018,2.35651768283216
EAR,Early-demographic dividend,2017,3.18065898614314
EAR,Early-demographic dividend,2016,2.77110914786651
EAR,Early-demographic dividend,2015,2.83056375227756
EAR,Early-demographic dividend,2014,2.56912155368174
EAR,Early-demographic dividend,2013,2.53647741773109
EAR,Early-demographic dividend,2012,2.68650489123867
EAR,Early-demographic dividend,2011,3.34306398790334
EAR,Early-demographic dividend,2010,4.74780388261236
EAR,Early-demographic dividend,2009,-0.915870722271038
EAR,Early-demographic dividend,2008,1.85626993810877
EAR,Early-demographic dividend,2007,4.05875094343662
EAR,Early-demographic dividend,2006,4.39389736512521
EAR,Early-demographic dividend,2005,4.2032917562572
EAR,Early-demographic dividend,2004,4.54613092177425
EAR,Early-demographic dividend,2003,3.15779649052557
EAR,Early-demographic dividend,2002,-0.0279528860996123
EAR,Early-demographic dividend,2001,-0.643413408896436
EAR,Early-demographic dividend,2000,2.42175279891799
EAR,Early-demographic dividend,1999,0.292040343829683
EAR,Early-demographic dividend,1998,0.401030173754478
EAR,Early-demographic dividend,1997,2.85344440688388
EAR,Early-demographic dividend,1996,3.53536415911988
EAR,Early-demographic dividend,1995,0.499296721724392
EAR,Early-demographic dividend,1994,1.30530418296561
EAR,Early-demographic dividend,1993,1.34691216412482
EAR,Early-demographic dividend,1992,1.84792424037457
EAR,Early-demographic dividend,1991,2.01721773150166
EAR,Early-demographic dividend,1990,2.53892236114255
EAR,Early-demographic dividend,1989,-0.414830664292282
EAR,Early-demographic dividend,1988,0.77488315608278
EAR,Early-demographic dividend,1987,0.433374009061765
EAR,Early-demographic dividend,1986,-0.947144664174942
EAR,Early-demographic dividend,1985,-1.46255443188245
EAR,Early-demographic dividend,1984,-0.425827176589351
EAR,Early-demographic dividend,1983,-2.22213392587743
EAR,Early-demographic dividend,1982,-2.07908751805761
EAR,Early-demographic dividend,1981,0.958682649616378
EAR,Early-demographic dividend,1980,0.633086075873734
EAR,Early-demographic dividend,1979,1.53327249204133
EAR,Early-demographic dividend,1978,-0.264620509855888
EAR,Early-demographic dividend,1977,1.51223936761605
EAR,Early-demographic dividend,1976,4.40660878935918
EAR,Early-demographic dividend,1975,0.379184095849936
EAR,Early-demographic dividend,1974,4.18059287814474
EAR,Early-demographic dividend,1973,4.43970088943011
EAR,Early-demographic dividend,1972,4.13070750345661
EAR,Early-demographic dividend,1971,2.83663817517008
EAR,Early-demographic dividend,1970,5.76147534658773
EAR,Early-demographic dividend,1969,3.96321120283145
EAR,Early-demographic dividend,1968,4.59788978187218
EAR,Early-demographic dividend,1967,2.98457963598482
EAR,Early-demographic dividend,1966,1.72859874498789
EAR,Early-demographic dividend,1965,3.46012524333965
EAR,Early-demographic dividend,1964,5.69272700306674
EAR,Early-demographic dividend,1963,2.60294074531558
EAR,Early-demographic dividend,1962,1.52276957941795
EAR,Early-demographic dividend,1961,2.08191491566281
EAS,East Asia & Pacific,2025,3.88622874323896
EAS,East Asia & Pacific,2024,3.55691990787241
EAS,East Asia & Pacific,2023,3.86063144599245
EAS,East Asia & Pacific,2022,2.85670794016096
EAS,East Asia & Pacific,2021,6.22497809091043
EAS,East Asia & Pacific,2020,-0.497934943199667
EAS,East Asia & Pacific,2019,3.50363639067479
EAS,East Asia & Pacific,2018,4.18244588423124
EAS,East Asia & Pacific,2017,4.29848167731318
EAS,East Asia & Pacific,2016,3.89817538925152
EAS,East Asia & Pacific,2015,4.00952694492618
EAS,East Asia & Pacific,2014,4.12375338889497
EAS,East Asia & Pacific,2013,4.4328805002523
EAS,East Asia & Pacific,2012,4.41038264709779
EAS,East Asia & Pacific,2011,4.61621170391322
EAS,East Asia & Pacific,2010,6.87351072245292
EAS,East Asia & Pacific,2009,1.79718077921633
EAS,East Asia & Pacific,2008,3.6427976022069
EAS,East Asia & Pacific,2007,6.72884503898491
EAS,East Asia & Pacific,2006,5.72385116393701
EAS,East Asia & Pacific,2005,5.17311747405313
EAS,East Asia & Pacific,2004,5.06316007610521
EAS,East Asia & Pacific,2003,4.09254210065322
EAS,East Asia & Pacific,2002,3.56885965302634
EAS,East Asia & Pacific,2001,2.33956229694405
EAS,East Asia & Pacific,2000,4.54226027830119
EAS,East Asia & Pacific,1999,2.74499207886699
EAS,East Asia & Pacific,1998,-0.846618537710654
EAS,East Asia & Pacific,1997,3.04508931777146
EAS,East Asia & Pacific,1996,4.34636486043065
EAS,East Asia & Pacific,1995,4.26748570243909
EAS,East Asia & Pacific,1994,3.87861371073217
EAS,East Asia & Pacific,1993,2.84718698481947
EAS,East Asia & Pacific,1992,2.83807138249881
EAS,East Asia & Pacific,1991,3.33044527798909
EAS,East Asia & Pacific,1990,3.538621506718
EAS,East Asia & Pacific,1989,3.48791913908848
EAS,East Asia & Pacific,1988,5.95679129229245
EAS,East Asia & Pacific,1987,4.61348804131281
EAS,East Asia & Pacific,1986,3.32049204447415
EAS,East Asia & Pacific,1985,4.16161149269361
EAS,East Asia & Pacific,1984,4.61996032114349
EAS,East Asia & Pacific,1983,2.70421003713433
EAS,East Asia & Pacific,1982,2.49146004625848
EAS,East Asia & Pacific,1981,3.04586140581469
EAS,East Asia & Pacific,1980,2.22250463165743
EAS,East Asia & Pacific,1979,4.3260090302915
EAS,East Asia & Pacific,1978,4.20892639704256
EAS,East Asia & Pacific,1977,3.59561122287238
EAS,East Asia & Pacific,1976,2.46483486360182
EAS,East Asia & Pacific,1975,1.66850469654023
EAS,East Asia & Pacific,1974,-1.05984328091388
EAS,East Asia & Pacific,1973,5.30932504895574
EAS,East Asia & Pacific,1972,4.6881279239706
EAS,East Asia & Pacific,1971,2.56383711047472
EAS,East Asia & Pacific,1970,1.25823372263743
EAS,East Asia & Pacific,1969,8.67090443690786
EAS,East Asia & Pacific,1968,6.68376093634136
EAS,East Asia & Pacific,1967,4.80886961677281
EAS,East Asia & Pacific,1966,5.89159946081554
EAS,East Asia & Pacific,1965,4.50490792309739
EAS,East Asia & Pacific,1964,7.87269122324643
EAS,East Asia & Pacific,1963,5.20128777761309
EAS,East Asia & Pacific,1962,4.02179655679036
EAS,East Asia & Pacific,1961,3.64905488106193
EAP,East Asia & Pacific (excluding high income),2025,4.80811113447368
EAP,East Asia & Pacific (excluding high income),2024,4.77787846869337
EAP,East Asia & Pacific (excluding high income),2023,5.06477413781157
EAP,East Asia & Pacific (excluding high income),2022,3.30618636605679
EAP,East Asia & Pacific (excluding high income),2021,7.38179701685718
EAP,East Asia & Pacific (excluding high income),2020,0.886025683608011
EAP,East Asia & Pacific (excluding high income),2019,5.30385584335862
EAP,East Asia & Pacific (excluding high income),2018,5.85535773398644
EAP,East Asia & Pacific (excluding high income),2017,5.86165238725506
EAP,East Asia & Pacific (excluding high income),2016,5.71490280788434
EAP,East Asia & Pacific (excluding high income),2015,5.85095061344107
EAP,East Asia & Pacific (excluding high income),2014,6.15500973980136
EAP,East Asia & Pacific (excluding high income),2013,6.40074360449645
EAP,East Asia & Pacific (excluding high income),2012,6.64434760965442
EAP,East Asia & Pacific (excluding high income),2011,7.73894374147768
EAP,East Asia & Pacific (excluding high income),2010,9.08203525778357
EAP,East Asia & Pacific (excluding high income),2009,7.20749857243837
EAP,East Asia & Pacific (excluding high income),2008,7.80267055127001
EAP,East Asia & Pacific (excluding high income),2007,11.5672255327509
EAP,East Asia & Pacific (excluding high income),2006,10.19162801539
EAP,East Asia & Pacific (excluding high income),2005,9.16614466585406
EAP,East Asia & Pacific (excluding high income),2004,8.27123496539184
EAP,East Asia & Pacific (excluding high income),2003,8.10160174464278
EAP,East Asia & Pacific (excluding high income),2002,7.19231175356295
EAP,East Asia & Pacific (excluding high income),2001,5.9836206129136
EAP,East Asia & Pacific (excluding high income),2000,6.64888532602367
EAP,East Asia & Pacific (excluding high income),1999,5.30830591342553
EAP,East Asia & Pacific (excluding high income),1998,1.7893059453469
EAP,East Asia & Pacific (excluding high income),1997,6.06814694913626
EAP,East Asia & Pacific (excluding high income),1996,7.72182122408418
EAP,East Asia & Pacific (excluding high income),1995,8.49352385684101
EAP,East Asia & Pacific (excluding high income),1994,9.47274902171516
EAP,East Asia & Pacific (excluding high income),1993,9.79871692621184
EAP,East Asia & Pacific (excluding high income),1992,9.6726921306703
EAP,East Asia & Pacific (excluding high income),1991,6.45676953666789
EAP,East Asia & Pacific (excluding high income),1990,3.45839460166974
EAP,East Asia & Pacific (excluding high income),1989,3.93817568713277
EAP,East Asia & Pacific (excluding high income),1988,7.88567627169301
EAP,East Asia & Pacific (excluding high income),1987,7.30932010009673
EAP,East Asia & Pacific (excluding high income),1986,5.374526244821
EAP,East Asia & Pacific (excluding high income),1985,6.2060806880633
EAP,East Asia & Pacific (excluding high income),1984,8.2594325762966
EAP,East Asia & Pacific (excluding high income),1983,5.89912428203429
EAP,East Asia & Pacific (excluding high income),1982,4.63265133758249
EAP,East Asia & Pacific (excluding high income),1981,3.94641108900674
EAP,East Asia & Pacific (excluding high income),1980,5.83875010903579
EAP,East Asia & Pacific (excluding high income),1979,5.34716040861842
EAP,East Asia & Pacific (excluding high income),1978,7.48822013759631
EAP,East Asia & Pacific (excluding high income),1977,5.77891807957747
EAP,East Asia & Pacific (excluding high income),1976,1.00195835285312
EAP,East Asia & Pacific (excluding high income),1975,4.72044380748488
EAP,East Asia & Pacific (excluding high income),1974,1.72380210501338
EAP,East Asia & Pacific (excluding high income),1973,5.78392483583858
EAP,East Asia & Pacific (excluding high income),1972,2.34942726125729
EAP,East Asia & Pacific (excluding high income),1971,3.95871004876034
EAP,East Asia & Pacific (excluding high income),1970,10.4595783515514
EAP,East Asia & Pacific (excluding high income),1969,8.45097767798491
EAP,East Asia & Pacific (excluding high income),1968,-0.885913660681453
EAP,East Asia & Pacific (excluding high income),1967,-3.95771068922978
EAP,East Asia & Pacific (excluding high income),1966,5.12714094435964
EAP,East Asia & Pacific (excluding high income),1965,8.1491046784884
EAP,East Asia & Pacific (excluding high income),1964,8.1619601808207
EAP,East Asia & Pacific (excluding high income),1963,3.79359251164375
EAP,East Asia & Pacific (excluding high income),1962,-1.9786132867884
EAP,East Asia & Pacific (excluding high income),1961,-13.3931336649631
TEA,East Asia & Pacific (IDA & IBRD countries),2025,4.80998180648223
TEA,East Asia & Pacific (IDA & IBRD countries),2024,4.77973493423072
TEA,East Asia & Pacific (IDA & IBRD countries),2023,5.06670866269428
TEA,East Asia & Pacific (IDA & IBRD countries),2022,3.30781621562521
TEA,East Asia & Pacific (IDA & IBRD countries),2021,7.38221560541787
TEA,East Asia & Pacific (IDA & IBRD countries),2020,0.884981442616521
TEA,East Asia & Pacific (IDA & IBRD countries),2019,5.30193148106359
TEA,East Asia & Pacific (IDA & IBRD countries),2018,5.8524879613618
TEA,East Asia & Pacific (IDA & IBRD countries),2017,5.8574700468068
TEA,East Asia & Pacific (IDA & IBRD countries),2016,5.71122032988794
TEA,East Asia & Pacific (IDA & IBRD countries),2015,5.8472471862228
TEA,East Asia & Pacific (IDA & IBRD countries),2014,6.15051576833335
TEA,East Asia & Pacific (IDA & IBRD countries),2013,6.39523730665788
TEA,East Asia & Pacific (IDA & IBRD countries),2012,6.63859541906406
TEA,East Asia & Pacific (IDA & IBRD countries),2011,7.73420001764936
TEA,East Asia & Pacific (IDA & IBRD countries),2010,9.07737250130171
TEA,East Asia & Pacific (IDA & IBRD countries),2009,7.20289518287002
TEA,East Asia & Pacific (IDA & IBRD countries),2008,7.79802432200785
TEA,East Asia & Pacific (IDA & IBRD countries),2007,11.5622243474627
TEA,East Asia & Pacific (IDA & IBRD countries),2006,10.1872499308364
TEA,East Asia & Pacific (IDA & IBRD countries),2005,9.16256896869766
TEA,East Asia & Pacific (IDA & IBRD countries),2004,8.26892170874716
TEA,East Asia & Pacific (IDA & IBRD countries),2003,8.0975087625053
TEA,East Asia & Pacific (IDA & IBRD countries),2002,7.18693756164426
TEA,East Asia & Pacific (IDA & IBRD countries),2001,5.97904900892969
TEA,East Asia & Pacific (IDA & IBRD countries),2000,6.64392365812523
TEA,East Asia & Pacific (IDA & IBRD countries),1999,5.30314212255956
TEA,East Asia & Pacific (IDA & IBRD countries),1998,1.78450261550473
TEA,East Asia & Pacific (IDA & IBRD countries),1997,6.06281021086667
TEA,East Asia & Pacific (IDA & IBRD countries),1996,7.71712363929244
TEA,East Asia & Pacific (IDA & IBRD countries),1995,8.49154566069856
TEA,East Asia & Pacific (IDA & IBRD countries),1994,9.47314866423361
TEA,East Asia & Pacific (IDA & IBRD countries),1993,9.79604979285236
TEA,East Asia & Pacific (IDA & IBRD countries),1992,9.6691494166714
TEA,East Asia & Pacific (IDA & IBRD countries),1991,6.45259290953008
TEA,East Asia & Pacific (IDA & IBRD countries),1990,3.45541490242616
TEA,East Asia & Pacific (IDA & IBRD countries),1989,3.93406638622425
TEA,East Asia & Pacific (IDA & IBRD countries),1988,7.87923062409862
TEA,East Asia & Pacific (IDA & IBRD countries),1987,7.30285496234711
TEA,East Asia & Pacific (IDA & IBRD countries),1986,5.3695508105954
TEA,East Asia & Pacific (IDA & IBRD countries),1985,6.20142260451435
TEA,East Asia & Pacific (IDA & IBRD countries),1984,8.25356508412224
TEA,East Asia & Pacific (IDA & IBRD countries),1983,5.89214512761104
TEA,East Asia & Pacific (IDA & IBRD countries),1982,4.62556177723543
TEA,East Asia & Pacific (IDA & IBRD countries),1981,3.94099543559308
TEA,East Asia & Pacific (IDA & IBRD countries),1980,5.83165573933981
TEA,East Asia & Pacific (IDA & IBRD countries),1979,5.33903297011132
TEA,East Asia & Pacific (IDA & IBRD countries),1978,7.47791536874409
TEA,East Asia & Pacific (IDA & IBRD countries),1977,5.77022826697349
TEA,East Asia & Pacific (IDA & IBRD countries),1976,0.996601709832021
TEA,East Asia & Pacific (IDA & IBRD countries),1975,4.7148436297809
TEA,East Asia & Pacific (IDA & IBRD countries),1974,1.71965566040322
TEA,East Asia & Pacific (IDA & IBRD countries),1973,5.77852026365744
TEA,East Asia & Pacific (IDA & IBRD countries),1972,2.34817523456184
TEA,East Asia & Pacific (IDA & IBRD countries),1971,3.95310044342234
TEA,East Asia & Pacific (IDA & IBRD countries),1970,10.4597029936953
TEA,East Asia & Pacific (IDA & IBRD countries),1969,8.45186468982946
TEA,East Asia & Pacific (IDA & IBRD countries),1968,-0.88224577519243
TEA,East Asia & Pacific (IDA & IBRD countries),1967,-3.95436343224578
TEA,East Asia & Pacific (IDA & IBRD countries),1966,5.12563515485841
TEA,East Asia & Pacific (IDA & IBRD countries),1965,8.15030517755902
TEA,East Asia & Pacific (IDA & IBRD countries),1964,8.16338420613359
TEA,East Asia & Pacific (IDA & IBRD countries),1963,3.79231466020839
TEA,East Asia & Pacific (IDA & IBRD countries),1962,-1.96634257093916
TEA,East Asia & Pacific (IDA & IBRD countries),1961,-13.3663793738087
EMU,Euro area,2025,1.11107731582105
EMU,Euro area,2024,0.545219641950197
EMU,Euro area,2023,0.0248648656330204
EMU,Euro area,2022,3.38678918814921
EMU,Euro area,2021,6.38975833856964
EMU,Euro area,2020,-6.15630180121201
EMU,Euro area,2019,1.39914862569842
EMU,Euro area,2018,1.58284939576711
EMU,Euro area,2017,2.45196977684085
EMU,Euro area,2016,1.5566937355231
EMU,Euro area,2015,1.89731798491029
EMU,Euro area,2014,1.30773675112918
EMU,Euro area,2013,-0.280801418636173
EMU,Euro area,2012,-1.11033604410056
EMU,Euro area,2011,1.97867787711317
EMU,Euro area,2010,1.8763720800435
EMU,Euro area,2009,-4.7831684545113
EMU,Euro area,2008,-0.0432105023548388
EMU,Euro area,2007,2.50883577559316
EMU,Euro area,2006,2.87230278130906
EMU,Euro area,2005,1.28355982830446
EMU,Euro area,2004,1.78540245872847
EMU,Euro area,2003,0.244517142167382
EMU,Euro area,2002,0.530590861385406
EMU,Euro area,2001,1.91217366103731
EMU,Euro area,2000,3.60254366967511
EMU,Euro area,1999,2.73672255351087
EMU,Euro area,1998,2.81249142474395
EMU,Euro area,1997,2.4836632996977
EMU,Euro area,1996,1.53573172008372
EMU,Euro area,1995,2.23935744705403
EMU,Euro area,1994,2.21943113690276
EMU,Euro area,1993,-1.06136133130889
EMU,Euro area,1992,0.702493521316512
EMU,Euro area,1991,1.92445859866324
EMU,Euro area,1990,3.10831614434565
EMU,Euro area,1989,3.6626006539626
EMU,Euro area,1988,4.0123696214273
EMU,Euro area,1987,2.27592889361976
EMU,Euro area,1986,2.28747950724465
EMU,Euro area,1985,2.12395090290229
EMU,Euro area,1984,2.24159030902193
EMU,Euro area,1983,1.19439810441393
EMU,Euro area,1982,0.443655825590341
EMU,Euro area,1981,0.166082900662161
EMU,Euro area,1980,1.73257435230849
EMU,Euro area,1979,3.48019511670097
EMU,Euro area,1978,2.69603943105909
EMU,Euro area,1977,2.68411610275321
EMU,Euro area,1976,4.57731993313575
EMU,Euro area,1975,-1.24828962881304
EMU,Euro area,1974,2.65744867011351
EMU,Euro area,1973,5.44875485478646
EMU,Euro area,1972,4.18531562027758
EMU,Euro area,1971,3.1639445916952
EMU,Euro area,1970,5.00787221415557
EMU,Euro area,1969,6.39962941731559
EMU,Euro area,1968,4.97780180763007
EMU,Euro area,1967,2.72085523281388
EMU,Euro area,1966,3.55905344402862
EMU,Euro area,1965,4.15193948242998
EMU,Euro area,1964,4.95369132007639
EMU,Euro area,1963,3.97233995440833
EMU,Euro area,1962,4.85838798850764
EMU,Euro area,1961,4.83780470074899
ECS,Europe & Central Asia,2025,1.27161663597657
ECS,Europe & Central Asia,2024,1.19927866922393
ECS,Europe & Central Asia,2023,0.988204992102396
ECS,Europe & Central Asia,2022,3.44025443414297
ECS,Europe & Central Asia,2021,6.74191918034795
ECS,Europe & Central Asia,2020,-5.55321212206002
ECS,Europe & Central Asia,2019,1.44343229492254
ECS,Europe & Central Asia,2018,1.80967487730916
ECS,Europe & Central Asia,2017,2.56946861228793
ECS,Europe & Central Asia,2016,1.45532021114056
ECS,Europe & Central Asia,2015,1.63218257629066
ECS,Europe & Central Asia,2014,1.5314042480156
ECS,Europe & Central Asia,2013,0.496073568531045
ECS,Europe & Central Asia,2012,-0.0719576884643374
ECS,Europe & Central Asia,2011,2.09220686614646
ECS,Europe & Central Asia,2010,2.26402343957281
ECS,Europe & Central Asia,2009,-4.78674578394288
ECS,Europe & Central Asia,2008,0.617539745622238
ECS,Europe & Central Asia,2007,3.41068913365025
ECS,Europe & Central Asia,2006,3.58790921212622
ECS,Europe & Central Asia,2005,2.44437982452217
ECS,Europe & Central Asia,2004,2.88140002294355
ECS,Europe & Central Asia,2003,1.55170945251344
ECS,Europe & Central Asia,2002,1.3867482704954
ECS,Europe & Central Asia,2001,2.09007389272887
ECS,Europe & Central Asia,2000,4.26872253490234
ECS,Europe & Central Asia,1999,2.78608420474917
ECS,Europe & Central Asia,1998,2.45217597587396
ECS,Europe & Central Asia,1997,2.92978114878221
ECS,Europe & Central Asia,1996,1.62485564722519
ECS,Europe & Central Asia,1995,2.23620706043843
ECS,Europe & Central Asia,1994,1.23893014082073
ECS,Europe & Central Asia,1993,-1.03551435404616
ECS,Europe & Central Asia,1992,-1.03771114974471
ECS,Europe & Central Asia,1991,-0.307631688070927
ECS,Europe & Central Asia,1990,1.66152178333614
ECS,Europe & Central Asia,1989,2.75902963030971
ECS,Europe & Central Asia,1988,3.41004591672242
ECS,Europe & Central Asia,1987,2.38708471383447
ECS,Europe & Central Asia,1986,2.27438075121304
ECS,Europe & Central Asia,1985,1.9896193594892
ECS,Europe & Central Asia,1984,2.16609956832765
ECS,Europe & Central Asia,1983,1.32380183276462
ECS,Europe & Central Asia,1982,0.485111963691338
ECS,Europe & Central Asia,1981,-0.256865561768421
ECS,Europe & Central Asia,1980,0.646555155891221
ECS,Europe & Central Asia,1979,2.92740812472871
ECS,Europe & Central Asia,1978,2.33209441553316
ECS,Europe & Central Asia,1977,1.96592345649947
ECS,Europe & Central Asia,1976,3.75034886729321
ECS,Europe & Central Asia,1975,-0.921127257463155
ECS,Europe & Central Asia,1974,1.63606837700017
ECS,Europe & Central Asia,1973,5.20465685367799
ECS,Europe & Central Asia,1972,3.64325462902507
ECS,Europe & Central Asia,1971,2.52396630662513
ECS,Europe & Central Asia,1970,4.18840591618054
ECS,Europe & Central Asia,1969,4.98895276753171
ECS,Europe & Central Asia,1968,4.48669724268156
ECS,Europe & Central Asia,1967,2.50282360194154
ECS,Europe & Central Asia,1966,2.79971108390859
ECS,Europe & Central Asia,1965,3.42530831038239
ECS,Europe & Central Asia,1964,4.74147452536408
ECS,Europe & Central Asia,1963,3.6896695720779
ECS,Europe & Central Asia,1962,3.47557765460078
ECS,Europe & Central Asia,1961,3.86741705905432
ECA,Europe & Central Asia (excluding high income),2025,3.01362639255278
ECA,Europe & Central Asia (excluding high income),2024,3.36064721774048
ECA,Europe & Central Asia (excluding high income),2023,5.80894693328939
ECA,Europe & Central Asia (excluding high income),2022,3.66893266362467
ECA,Europe & Central Asia (excluding high income),2021,8.62190025260897
ECA,Europe & Central Asia (excluding high income),2020,-0.420094564083158
ECA,Europe & Central Asia (excluding high income),2019,1.72083539301762
ECA,Europe & Central Asia (excluding high income),2018,2.90642169116467
ECA,Europe & Central Asia (excluding high income),2017,5.10448797855074
ECA,Europe & Central Asia (excluding high income),2016,1.94890342644356
ECA,Europe & Central Asia (excluding high income),2015,2.58721624500977
ECA,Europe & Central Asia (excluding high income),2014,2.34708757562652
ECA,Europe & Central Asia (excluding high income),2013,5.64030489780261
ECA,Europe & Central Asia (excluding high income),2012,3.25083368050008
ECA,Europe & Central Asia (excluding high income),2011,7.47928801497547
ECA,Europe & Central Asia (excluding high income),2010,6.26454806972623
ECA,Europe & Central Asia (excluding high income),2009,-4.17397189673947
ECA,Europe & Central Asia (excluding high income),2008,2.43345237878727
ECA,Europe & Central Asia (excluding high income),2007,6.90360539696482
ECA,Europe & Central Asia (excluding high income),2006,7.73200977762943
ECA,Europe & Central Asia (excluding high income),2005,8.06822582890092
ECA,Europe & Central Asia (excluding high income),2004,9.09793252063196
ECA,Europe & Central Asia (excluding high income),2003,6.12508715744062
ECA,Europe & Central Asia (excluding high income),2002,5.92018010291279
ECA,Europe & Central Asia (excluding high income),2001,-0.345817713904424
ECA,Europe & Central Asia (excluding high income),2000,6.35294626872236
ECA,Europe & Central Asia (excluding high income),1999,-1.32632885222667
ECA,Europe & Central Asia (excluding high income),1998,1.85727338476269
ECA,Europe & Central Asia (excluding high income),1997,5.1433450679629
ECA,Europe & Central Asia (excluding high income),1996,3.38549730548947
ECA,Europe & Central Asia (excluding high income),1995,0.579328916318971
ECA,Europe & Central Asia (excluding high income),1994,-10.3595717334831
ECA,Europe & Central Asia (excluding high income),1993,-2.65352059817795
ECA,Europe & Central Asia (excluding high income),1992,-5.57231978767086
ECA,Europe & Central Asia (excluding high income),1991,-5.5468469573145
ECA,Europe & Central Asia (excluding high income),1990,1.54172054902723
ECA,Europe & Central Asia (excluding high income),1989,-0.0957774239478795
ECA,Europe & Central Asia (excluding high income),1988,1.89918279097023
TEC,Europe & Central Asia (IDA & IBRD countries),2025,2.27022746851327
TEC,Europe & Central Asia (IDA & IBRD countries),2024,3.71888714491628
TEC,Europe & Central Asia (IDA & IBRD countries),2023,4.36228570559156
TEC,Europe & Central Asia (IDA & IBRD countries),2022,2.44944798240765
TEC,Europe & Central Asia (IDA & IBRD countries),2021,7.53636048481319
TEC,Europe & Central Asia (IDA & IBRD countries),2020,-1.63867207151296
TEC,Europe & Central Asia (IDA & IBRD countries),2019,2.38897147495361
TEC,Europe & Central Asia (IDA & IBRD countries),2018,3.37769145797037
TEC,Europe & Central Asia (IDA & IBRD countries),2017,3.90166280557511
TEC,Europe & Central Asia (IDA & IBRD countries),2016,1.39203783863289
TEC,Europe & Central Asia (IDA & IBRD countries),2015,0.96156995113094
TEC,Europe & Central Asia (IDA & IBRD countries),2014,1.78089475313601
TEC,Europe & Central Asia (IDA & IBRD countries),2013,2.86988296879962
TEC,Europe & Central Asia (IDA & IBRD countries),2012,2.98298323579694
TEC,Europe & Central Asia (IDA & IBRD countries),2011,5.42582345937382
TEC,Europe & Central Asia (IDA & IBRD countries),2010,4.30957677746137
TEC,Europe & Central Asia (IDA & IBRD countries),2009,-5.01885660400686
TEC,Europe & Central Asia (IDA & IBRD countries),2008,4.24341664000187
TEC,Europe & Central Asia (IDA & IBRD countries),2007,7.63712986389
TEC,Europe & Central Asia (IDA & IBRD countries),2006,7.77391021952347
TEC,Europe & Central Asia (IDA & IBRD countries),2005,6.5918904671189
TEC,Europe & Central Asia (IDA & IBRD countries),2004,7.81733576377792
TEC,Europe & Central Asia (IDA & IBRD countries),2003,6.16106179679828
TEC,Europe & Central Asia (IDA & IBRD countries),2002,5.0611577353249
TEC,Europe & Central Asia (IDA & IBRD countries),2001,2.73491071163767
TEC,Europe & Central Asia (IDA & IBRD countries),2000,7.43083010152435
TEC,Europe & Central Asia (IDA & IBRD countries),1999,2.51386446911658
TEC,Europe & Central Asia (IDA & IBRD countries),1998,-0.723271559976823
TEC,Europe & Central Asia (IDA & IBRD countries),1997,2.84296814673493
TEC,Europe & Central Asia (IDA & IBRD countries),1996,0.864311993499697
TEC,Europe & Central Asia (IDA & IBRD countries),1995,-0.190209874097363
TEC,Europe & Central Asia (IDA & IBRD countries),1994,-8.61404071376862
TEC,Europe & Central Asia (IDA & IBRD countries),1993,-4.92379443776275
TEC,Europe & Central Asia (IDA & IBRD countries),1992,-9.89456024514162
TEC,Europe & Central Asia (IDA & IBRD countries),1991,-6.35243938109362
TEC,Europe & Central Asia (IDA & IBRD countries),1990,-2.07468870202159
EUU,European Union,2025,1.33556083004187
EUU,European Union,2024,0.787818911505255
EUU,European Union,2023,0.0589984654906175
EUU,European Union,2022,3.33868915851936
EUU,European Union,2021,6.53094716272416
EUU,European Union,2020,-5.57053637841061
EUU,European Union,2019,1.68103774320447
EUU,European Union,2018,1.87772359244853
EUU,European Union,2017,2.66932398924105
EUU,European Union,2016,1.71749577669785
EUU,European Union,2015,2.17071059581018
EUU,European Union,2014,1.51911127267046
EUU,European Union,2013,-0.113454009957749
EUU,European Union,2012,-0.911617796884059
EUU,European Union,2011,2.11633417644916
EUU,European Union,2010,2.02006892310325
EUU,European Union,2009,-4.55442276276078
EUU,European Union,2008,0.280944118265253
EUU,European Union,2007,2.78168783163606
EUU,European Union,2006,3.21826057030717
EUU,European Union,2005,1.61011467216419
EUU,European Union,2004,2.20284100406548
EUU,European Union,2003,0.566188544506502
EUU,European Union,2002,0.859611748360066
EUU,European Union,2001,2.02565721187391
EUU,European Union,2000,3.80934799569394
EUU,European Union,1999,2.83420051339883
EUU,European Union,1998,2.84371232085205
EUU,European Union,1997,2.53017315149468
EUU,European Union,1996,1.75014469626214
EUU,European Union,1995,2.53050600398595
EUU,European Union,1994,2.44559080165065
EUU,European Union,1993,-0.918299139667539
EUU,European Union,1992,0.608777862369763
EUU,European Union,1991,1.1677366181964
EUU,European Union,1990,2.94797933847752
EUU,European Union,1989,3.53401429083584
EUU,European Union,1988,3.79179825702201
EUU,European Union,1987,2.24588777095454
EUU,European Union,1986,2.30152995152568
EUU,European Union,1985,2.07813457555514
EUU,European Union,1984,2.29664512166825
EUU,European Union,1983,1.17919114476388
EUU,European Union,1982,0.509411162250004
EUU,European Union,1981,0.131712387928133
EUU,European Union,1980,1.59810547635846
EUU,European Union,1979,3.42910011863611
EUU,European Union,1978,2.58459462739748
EUU,European Union,1977,2.44590638370488
EUU,European Union,1976,4.32752082038408
EUU,European Union,1975,-1.14753217192626
EUU,European Union,1974,2.52670364946685
EUU,European Union,1973,5.32036977630241
EUU,European Union,1972,4.06325251993242
EUU,European Union,1971,3.0782542758373
EUU,European Union,1970,4.93460715844935
EUU,European Union,1969,6.29325159661582
EUU,European Union,1968,4.8481079647366
EUU,European Union,1967,2.76856314158493
EUU,European Union,1966,3.45999867627178
EUU,European Union,1965,4.38008272601529
EUU,European Union,1964,5.07181980991346
EUU,European Union,1963,3.88591139203965
EUU,European Union,1962,4.81448590390406
EUU,European Union,1961,4.87917879642137
HPC,Heavily indebted poor countries (HIPC),2025,3.10165842334558
HPC,Heavily indebted poor countries (HIPC),2024,2.42891350930665
HPC,Heavily indebted poor countries (HIPC),2023,0.846452336074165
HPC,Heavily indebted poor countries (HIPC),2022,2.20954847555473
HPC,Heavily indebted poor countries (HIPC),2021,1.58280226583109
HPC,Heavily indebted poor countries (HIPC),2020,-2.71949707182922
HPC,Heavily indebted poor countries (HIPC),2019,1.34676505348183
HPC,Heavily indebted poor countries (HIPC),2018,1.24900268057753
HPC,Heavily indebted poor countries (HIPC),2017,2.03871833705955
HPC,Heavily indebted poor countries (HIPC),2016,1.34859237448536
HPC,Heavily indebted poor countries (HIPC),2015,1.96514265854562
HPC,Heavily indebted poor countries (HIPC),2014,2.48677015891541
HPC,Heavily indebted poor countries (HIPC),2013,3.23001447036577
HPC,Heavily indebted poor countries (HIPC),2012,1.17839717044559
HPC,Heavily indebted poor countries (HIPC),2011,1.30085914921408
HPC,Heavily indebted poor countries (HIPC),2010,3.30061768837398
HPC,Heavily indebted poor countries (HIPC),2009,0.583031410767035
HPC,Heavily indebted poor countries (HIPC),2008,2.72009048226035
HPC,Heavily indebted poor countries (HIPC),2007,2.60878756670408
HPC,Heavily indebted poor countries (HIPC),2006,2.74601387999809
HPC,Heavily indebted poor countries (HIPC),2005,2.57608502587058
HPC,Heavily indebted poor countries (HIPC),2004,2.82309742436861
HPC,Heavily indebted poor countries (HIPC),2003,1.03286163307139
HPC,Heavily indebted poor countries (HIPC),2002,0.959255154647948
HPC,Heavily indebted poor countries (HIPC),2001,0.9041996924323
HPC,Heavily indebted poor countries (HIPC),2000,0.123098198413032
HPC,Heavily indebted poor countries (HIPC),1999,0.576920376298148
HPC,Heavily indebted poor countries (HIPC),1998,0.854125787419775
HPC,Heavily indebted poor countries (HIPC),1997,3.04378881145269
HPC,Heavily indebted poor countries (HIPC),1996,2.59800430486756
HPC,Heavily indebted poor countries (HIPC),1995,2.20866119837399
HPC,Heavily indebted poor countries (HIPC),1994,-2.62498468991672
HPC,Heavily indebted poor countries (HIPC),1993,-2.81629384900684
HPC,Heavily indebted poor countries (HIPC),1992,-4.26707693483948
HPC,Heavily indebted poor countries (HIPC),1991,-1.74527137969383
HPC,Heavily indebted poor countries (HIPC),1990,-3.74459289529862
HPC,Heavily indebted poor countries (HIPC),1989,-1.28919382578925
HPC,Heavily indebted poor countries (HIPC),1988,-1.36109027763507
HPC,Heavily indebted poor countries (HIPC),1987,0.331869388973843
HPC,Heavily indebted poor countries (HIPC),1986,0.217894291996984
HPC,Heavily indebted poor countries (HIPC),1985,-1.31109249567983
HPC,Heavily indebted poor countries (HIPC),1984,-1.64742383599626
HPC,Heavily indebted poor countries (HIPC),1983,-2.41472623218952
HPC,Heavily indebted poor countries (HIPC),1982,-1.88430337751903
HPC,Heavily indebted poor countries (HIPC),1981,0.769334411907167
HPC,Heavily indebted poor countries (HIPC),1980,-1.736679273193
HPC,Heavily indebted poor countries (HIPC),1979,-2.2929351641483
HPC,Heavily indebted poor countries (HIPC),1978,-0.440953901804392
HPC,Heavily indebted poor countries (HIPC),1977,0.706589728966051
HPC,Heavily indebted poor countries (HIPC),1976,0.954375687593227
HPC,Heavily indebted poor countries (HIPC),1975,-0.674671661708018
HPC,Heavily indebted poor countries (HIPC),1974,2.45812665616864
HPC,Heavily indebted poor countries (HIPC),1973,0.299851897603773
HPC,Heavily indebted poor countries (HIPC),1972,-0.617443975640541
HPC,Heavily indebted poor countries (HIPC),1971,1.74459324431149
HPC,Heavily indebted poor countries (HIPC),1970,-2.65842103838388
HPC,Heavily indebted poor countries (HIPC),1969,1.86973181445612
HPC,Heavily indebted poor countries (HIPC),1968,1.70563688605507
HPC,Heavily indebted poor countries (HIPC),1967,-0.352607444822397
HPC,Heavily indebted poor countries (HIPC),1966,1.18527386856964
HPC,Heavily indebted poor countries (HIPC),1965,1.18153620929304
HPC,Heavily indebted poor countries (HIPC),1964,0.744214989089784
HPC,Heavily indebted poor countries (HIPC),1963,0.833289181363654
HPC,Heavily indebted poor countries (HIPC),1962,4.7259401308837
HPC,Heavily indebted poor countries (HIPC),1961,-2.60224515415301
,High income,2025,1.491208012499
,High income,2024,1.26561178308084
,High income,2023,1.06443008976875
,High income,2022,2.64727980277173
,High income,2021,6.09745933762946
,High income,2020,-4.12157731967358
,High income,2019,1.53833432565686
,High income,2018,2.0708879859272
,High income,2017,2.04390159976985
,High income,2016,1.22676107176582
,High income,2015,1.72624124181921
,High income,2014,1.65798385851559
,High income,2013,1.03317287688949
,High income,2012,0.914133081852441
,High income,2011,1.55688540737493
,High income,2010,2.58896047122603
,High income,2009,-3.95310917949044
,High income,2008,-0.00417087613298861
,High income,2007,2.23115447904607
,High income,2006,2.64313508698702
,High income,2005,2.45531491020598
,High income,2004,2.94598115816287
,High income,2003,1.74480305622649
,High income,2002,1.13060641431363
,High income,2001,1.05960079319645
,High income,2000,3.77120715288967
,High income,1999,3.03692989642039
,High income,1998,2.08345080435024
,High income,1997,2.96492672018407
,High income,1996,2.3158217437089
,High income,1995,2.20935971302609
,High income,1994,2.36564689277307
,High income,1993,0.440232859459329
,High income,1992,0.819052190870792
,High income,1991,0.118431045062422
,High income,1990,1.96050787421416
,High income,1989,3.10472421222092
,High income,1988,3.90959954096539
,High income,1987,2.84659327199874
,High income,1986,2.52706716219053
,High income,1985,2.81585159847113
,High income,1984,4.05922055055777
,High income,1983,2.13850695837775
,High income,1982,-0.841084908576221
,High income,1981,1.098891887018
,High income,1980,0.437435380189413
,High income,1979,3.21659406554593
,High income,1978,3.41271083111612
,High income,1977,2.97810203307935
,High income,1976,4.15866685625579
,High income,1975,-0.713867518385484
,High income,1974,0.349483268256236
,High income,1973,5.41428407726035
,High income,1972,4.44292858862798
,High income,1971,2.62501945097988
,High income,1970,2.07799343957112
,High income,1969,4.61574582192439
,High income,1968,4.92742561361
,High income,1967,2.84115518997139
,High income,1966,4.45807704089903
,High income,1965,4.36216900967096
,High income,1964,5.14963822580997
,High income,1963,3.79839485098807
,High income,1962,4.30609890399623
,High income,1961,3.14227176146373
IBD,IBRD only,2025,3.73750748610804
IBD,IBRD only,2024,3.84980237542972
IBD,IBRD only,2023,4.13171883700751
IBD,IBRD only,2022,3.28550278277888
IBD,IBRD only,2021,7.03392164910011
IBD,IBRD only,2020,-1.95919363416803
IBD,IBRD only,2019,3.1704530745513
IBD,IBRD only,2018,3.9626414753573
IBD,IBRD only,2017,4.18633209525461
IBD,IBRD only,2016,3.45615158819554
IBD,IBRD only,2015,3.28878410956486
IBD,IBRD only,2014,3.67919208751066
IBD,IBRD only,2013,4.0695504882339
IBD,IBRD only,2012,4.32341402658156
IBD,IBRD only,2011,5.24638491452197
IBD,IBRD only,2010,6.66353806370803
IBD,IBRD only,2009,1.73268142458205
IBD,IBRD only,2008,4.86176999424882
IBD,IBRD only,2007,7.8623898338473
IBD,IBRD only,2006,7.1926943939785
IBD,IBRD only,2005,6.09511523432549
IBD,IBRD only,2004,6.54536534066071
IBD,IBRD only,2003,4.72128563438893
IBD,IBRD only,2002,3.33047788991504
IBD,IBRD only,2001,2.42447067921682
IBD,IBRD only,2000,4.61247640881443
IBD,IBRD only,1999,2.36735991293892
IBD,IBRD only,1998,1.30100313422308
IBD,IBRD only,1997,3.9600832546614
IBD,IBRD only,1996,3.98931562434623
IBD,IBRD only,1995,2.5861441333477
IBD,IBRD only,1994,2.09079786712616
IBD,IBRD only,1993,2.14344687923551
IBD,IBRD only,1992,0.0642541292363461
IBD,IBRD only,1991,-0.416458861469977
IBD,IBRD only,1990,0.237103081436089
IBD,IBRD only,1989,1.08957029819376
IBD,IBRD only,1988,2.16677747646318
IBD,IBRD only,1987,2.9260601404588
IBD,IBRD only,1986,1.96552431888158
IBD,IBRD only,1985,2.47956424469938
IBD,IBRD only,1984,2.99604097418981
IBD,IBRD only,1983,-0.381943908370829
IBD,IBRD only,1982,0.909824190754051
IBD,IBRD only,1981,0.241130256963771
IBD,IBRD only,1980,2.9696609565504
IBD,IBRD only,1979,2.83641758904491
IBD,IBRD only,1978,2.16078424643192
IBD,IBRD only,1977,2.75797902692993
IBD,IBRD only,1976,4.26909503582607
IBD,IBRD only,1975,2.56832879450566
IBD,IBRD only,1974,3.48308733434499
IBD,IBRD only,1973,4.75879262109326
IBD,IBRD only,1972,4.21870534486581
IBD,IBRD only,1971,3.5837384543767
IBD,IBRD only,1970,5.24314793675507
IBD,IBRD only,1969,5.26953388336011
IBD,IBRD only,1968,3.96130510380345
IBD,IBRD only,1967,1.73301306338674
IBD,IBRD only,1966,3.08367625232187
IBD,IBRD only,1965,3.77954727847121
IBD,IBRD only,1964,5.82003935869521
IBD,IBRD only,1963,2.27367191444668
IBD,IBRD only,1962,1.40516149140015
IBD,IBRD only,1961,0.0318658376188949
IBT,IDA & IBRD total,2025,3.31486517864012
IBT,IDA & IBRD total,2024,3.39607730039803
IBT,IDA & IBRD total,2023,3.55440202600994
IBT,IDA & IBRD total,2022,2.87965503152803
IBT,IDA & IBRD total,2021,6.29715320132634
IBT,IDA & IBRD total,2020,-2.39238386518089
IBT,IDA & IBRD total,2019,2.78433354520935
IBT,IDA & IBRD total,2018,3.57038078098807
IBT,IDA & IBRD total,2017,3.77144903827553
IBT,IDA & IBRD total,2016,3.05640604210005
IBT,IDA & IBRD total,2015,2.93694451209075
IBT,IDA & IBRD total,2014,3.45828596172075
IBT,IDA & IBRD total,2013,3.83024236222774
IBT,IDA & IBRD total,2012,3.87095350120991
IBT,IDA & IBRD total,2011,4.74249187207701
IBT,IDA & IBRD total,2010,6.19657676770574
IBT,IDA & IBRD total,2009,1.5842385759107
IBT,IDA & IBRD total,2008,4.45058772627979
IBT,IDA & IBRD total,2007,7.26239529391619
IBT,IDA & IBRD total,2006,6.67031468661261
IBT,IDA & IBRD total,2005,5.69137986374896
IBT,IDA & IBRD total,2004,6.15057122709715
IBT,IDA & IBRD total,2003,4.32141175004743
IBT,IDA & IBRD total,2002,3.11513205058276
IBT,IDA & IBRD total,2001,2.18028876581968
IBT,IDA & IBRD total,2000,4.16991207921136
IBT,IDA & IBRD total,1999,2.04890636395776
IBT,IDA & IBRD total,1998,1.1146725367484
IBT,IDA & IBRD total,1997,3.56742693707359
IBT,IDA & IBRD total,1996,3.67829102308706
IBT,IDA & IBRD total,1995,2.28858574126569
IBT,IDA & IBRD total,1994,1.61706978069553
IBT,IDA & IBRD total,1993,1.63695531929507
IBT,IDA & IBRD total,1992,-0.127541680867708
IBT,IDA & IBRD total,1991,-0.534837387160664
IBT,IDA & IBRD total,1990,0.222967519859026
IBT,IDA & IBRD total,1989,0.846951516240949
IBT,IDA & IBRD total,1988,2.07798109657932
IBT,IDA & IBRD total,1987,2.62133620967504
IBT,IDA & IBRD total,1986,1.69461712922072
IBT,IDA & IBRD total,1985,2.27533196268281
IBT,IDA & IBRD total,1984,2.46028149101927
IBT,IDA & IBRD total,1983,-0.818730604794965
IBT,IDA & IBRD total,1982,0.40959437303583
IBT,IDA & IBRD total,1981,-0.212555234145512
IBT,IDA & IBRD total,1980,2.63166552931338
IBT,IDA & IBRD total,1979,2.50504351902865
IBT,IDA & IBRD total,1978,1.65194243803803
IBT,IDA & IBRD total,1977,2.53211695030544
IBT,IDA & IBRD total,1976,4.03484627476915
IBT,IDA & IBRD total,1975,1.79849820900746
IBT,IDA & IBRD total,1974,3.58612400815433
IBT,IDA & IBRD total,1973,4.27895126834059
IBT,IDA & IBRD total,1972,3.52252748256861
IBT,IDA & IBRD total,1971,3.59878481582865
IBT,IDA & IBRD total,1970,5.25180606837459
IBT,IDA & IBRD total,1969,5.36977567494159
IBT,IDA & IBRD total,1968,3.57202037774238
IBT,IDA & IBRD total,1967,0.773007450482595
IBT,IDA & IBRD total,1966,2.47797800069549
IBT,IDA & IBRD total,1965,3.46210963291857
IBT,IDA & IBRD total,1964,5.24496791664781
IBT,IDA & IBRD total,1963,2.26096650084384
IBT,IDA & IBRD total,1962,1.68243737768753
IBT,IDA & IBRD total,1961,-0.204329777821371
IDB,IDA blend,2025,2.63225498994106
IDB,IDA blend,2024,2.18364142933443
IDB,IDA blend,2023,0.939591479184969
IDB,IDA blend,2022,2.78051210670669
IDB,IDA blend,2021,2.27745033681279
IDB,IDA blend,2020,-5.14467412879881
IDB,IDA blend,2019,1.04339132267074
IDB,IDA blend,2018,1.83956782828241
IDB,IDA blend,2017,0.809983153675972
IDB,IDA blend,2016,0.386730729939828
IDB,IDA blend,2015,1.84539859064165
IDB,IDA blend,2014,3.6495906438635
IDB,IDA blend,2013,3.50997238266093
IDB,IDA blend,2012,2.18764319812391
IDB,IDA blend,2011,1.7512917603087
IDB,IDA blend,2010,3.2847529363214
IDB,IDA blend,2009,3.19665889353367
IDB,IDA blend,2008,1.51086670695133
IDB,IDA blend,2007,2.73886575674929
IDB,IDA blend,2006,3.13836676022696
IDB,IDA blend,2005,3.36971986089762
IDB,IDA blend,2004,4.71346182461723
IDB,IDA blend,2003,1.97435602149088
IDB,IDA blend,2002,3.74753194768078
IDB,IDA blend,2001,1.26589748654902
IDB,IDA blend,2000,0.86965777861208
IDB,IDA blend,1999,-0.5489515126105
IDB,IDA blend,1998,0.117335013860668
IDB,IDA blend,1997,-0.228235038382735
IDB,IDA blend,1996,1.93956226010161
IDB,IDA blend,1995,-0.454015581309051
IDB,IDA blend,1994,-1.79979408697622
IDB,IDA blend,1993,-2.91346915834689
IDB,IDA blend,1992,-0.0732592489945461
IDB,IDA blend,1991,-1.0974510219218
IDB,IDA blend,1990,2.76940717744915
IDB,IDA blend,1989,0.0759491807820183
IDB,IDA blend,1988,2.91550988230354
IDB,IDA blend,1987,0.362339289805334
IDB,IDA blend,1986,-0.188273336572252
IDB,IDA blend,1985,2.77884487807411
IDB,IDA blend,1984,-1.60473521737109
IDB,IDA blend,1983,-5.88444178704356
IDB,IDA blend,1982,-4.18202982075468
IDB,IDA blend,1981,-6.87143850619655
IDB,IDA blend,1980,0.470864892466267
IDB,IDA blend,1979,2.28955717604408
IDB,IDA blend,1978,-2.55408575373947
IDB,IDA blend,1977,2.29365184762464
IDB,IDA blend,1976,3.69195715639175
IDB,IDA blend,1975,-4.15126565868914
IDB,IDA blend,1974,5.11055085226538
IDB,IDA blend,1973,2.70621761190326
IDB,IDA blend,1972,1.22495428663095
IDB,IDA blend,1971,7.48320726681786
IDB,IDA blend,1970,14.0019140649669
IDB,IDA blend,1969,11.9952048700928
IDB,IDA blend,1968,0.357102306930784
IDB,IDA blend,1967,-9.29653455592691
IDB,IDA blend,1966,-2.05130847224019
IDB,IDA blend,1965,2.45680751160369
IDB,IDA blend,1964,3.11139577769599
IDB,IDA blend,1963,5.44931675394969
IDB,IDA blend,1962,1.51985047846337
IDB,IDA blend,1961,-0.744783606696416
IDX,IDA only,2025,2.57682242278253
IDX,IDA only,2024,2.27680779915779
IDX,IDA only,2023,1.04095710269014
IDX,IDA only,2022,2.04861342246542
IDX,IDA only,2021,1.33394305159082
IDX,IDA only,2020,-2.61639463625202
IDX,IDA only,2019,2.42256695384096
IDX,IDA only,2018,2.50425371715082
IDX,IDA only,2017,2.89661809861434
IDX,IDA only,2016,1.91186128878971
IDX,IDA only,2015,0.853424786703755
IDX,IDA only,2014,2.81643485398297
IDX,IDA only,2013,2.97876319747641
IDX,IDA only,2012,0.128854269605313
IDX,IDA only,2011,1.68665395064747
IDX,IDA only,2010,4.11003255094562
IDX,IDA only,2009,1.86666688022274
IDX,IDA only,2008,3.55850935467534
IDX,IDA only,2007,4.02688577896878
IDX,IDA only,2006,3.90781502864712
IDX,IDA only,2005,3.97938715462082
IDX,IDA only,2004,3.6096772121568
IDX,IDA only,2003,2.66529099893961
IDX,IDA only,2002,2.19046971964458
IDX,IDA only,2001,1.85288719508554
IDX,IDA only,2000,1.94176245525458
IDX,IDA only,1999,1.6252224507963
IDX,IDA only,1998,1.79062386499029
IDX,IDA only,1997,2.8954190078544
IDX,IDA only,1996,2.55745920063222
IDX,IDA only,1995,2.51964380505486
IDX,IDA only,1994,-1.29751116527218
IDX,IDA only,1993,-0.497358032791368
IDX,IDA only,1992,-1.49817193313022
IDX,IDA only,1991,-0.189608795472623
IDX,IDA only,1990,-1.19900630908208
IDX,IDA only,1989,-1.25393039251612
IDX,IDA only,1988,0.73327390034747
IDX,IDA only,1987,1.11795633961269
IDX,IDA only,1986,0.360524200477812
IDX,IDA only,1985,-0.475804968336135
IDX,IDA only,1984,-0.764152530260816
IDX,IDA only,1983,-1.16749037444835
IDX,IDA only,1982,-1.59784876259859
IDX,IDA only,1981,1.09826890819062
IDX,IDA only,1980,0.357395451094192
IDX,IDA only,1979,-1.65447158484828
IDX,IDA only,1978,-0.426304315078553
IDX,IDA only,1977,-0.184086046516427
IDX,IDA only,1976,1.3640391619121
IDX,IDA only,1975,-1.82844794152638
IDX,IDA only,1974,3.68284346967758
IDX,IDA only,1973,-0.306447016993701
IDX,IDA only,1972,-3.00101600432153
IDX,IDA only,1971,-0.211021785126235
IDX,IDA only,1970,-2.26102644365257
IDX,IDA only,1969,1.41775470521659
IDX,IDA only,1968,1.96390447493924
IDX,IDA only,1967,-0.832368912041872
IDX,IDA only,1966,0.120706539465772
IDX,IDA only,1965,1.08288109575018
IDX,IDA only,1964,1.33321652402086
IDX,IDA only,1963,-0.53610510661774
IDX,IDA only,1962,4.83437123177848
IDA,IDA total,2025,2.55562989838116
IDA,IDA total,2024,2.18039386495528
IDA,IDA total,2023,0.945460377937763
IDA,IDA total,2022,2.37481158565804
IDA,IDA total,2021,1.76108450185006
IDA,IDA total,2020,-3.91181214659618
IDA,IDA total,2019,1.68407247446345
IDA,IDA total,2018,2.13006130176771
IDA,IDA total,2017,1.79598805251833
IDA,IDA total,2016,1.0917147250679
IDA,IDA total,2015,1.34387618395647
IDA,IDA total,2014,3.2372519766835
IDA,IDA total,2013,3.26117979267599
IDA,IDA total,2012,1.17339530704574
IDA,IDA total,2011,1.74984938996067
IDA,IDA total,2010,3.74479619609735
IDA,IDA total,2009,2.58298734589704
IDA,IDA total,2008,2.57020105740384
IDA,IDA total,2007,3.4128165263986
IDA,IDA total,2006,3.53533514124192
IDA,IDA total,2005,3.69590132323876
IDA,IDA total,2004,4.21111630865867
IDA,IDA total,2003,2.32304343990708
IDA,IDA total,2002,3.00277726350538
IDA,IDA total,2001,1.6055921573351
IDA,IDA total,2000,1.4312682244793
IDA,IDA total,1999,0.521113170205382
IDA,IDA total,1998,0.947922198874338
IDA,IDA total,1997,1.26714696517898
IDA,IDA total,1996,2.25916610996271
IDA,IDA total,1995,0.937752222513893
IDA,IDA total,1994,-1.55648557205166
IDA,IDA total,1993,-1.8156731648548
IDA,IDA total,1992,-0.675897252636531
IDA,IDA total,1991,-0.565083762269012
IDA,IDA total,1990,1.12455411030783
IDA,IDA total,1989,-0.412154323045073
IDA,IDA total,1988,2.03422235601616
IDA,IDA total,1987,0.830287716788277
IDA,IDA total,1986,0.181617293077466
IDA,IDA total,1985,1.30606135526925
IDA,IDA total,1984,-1.13491214852473
IDA,IDA total,1983,-3.59629187052886
IDA,IDA total,1982,-2.83217369770729
IDA,IDA total,1981,-3.06727701987006
IDA,IDA total,1980,0.704804422978228
IDA,IDA total,1979,0.639689048782259
IDA,IDA total,1978,-1.47566853858824
IDA,IDA total,1977,1.30776902463805
IDA,IDA total,1976,2.73735314343799
IDA,IDA total,1975,-3.00205709646372
IDA,IDA total,1974,4.52186919831654
IDA,IDA total,1973,1.35683734014427
IDA,IDA total,1972,-0.713216893329999
IDA,IDA total,1971,3.74349947347193
IDA,IDA total,1970,5.40599702514928
IDA,IDA total,1969,6.13271219663748
IDA,IDA total,1968,1.25656689123564
IDA,IDA total,1967,-4.83193290352997
IDA,IDA total,1966,-0.899249230291304
IDA,IDA total,1965,1.758624984363
IDA,IDA total,1964,2.19292408665304
IDA,IDA total,1963,2.21752909756734
IDA,IDA total,1962,3.31099657682896
IDA,IDA total,1961,-1.32359034793519
LTE,Late-demographic dividend,2025,4.38387890823684
LTE,Late-demographic dividend,2024,4.4096510939122
LTE,Late-demographic dividend,2023,4.32054638951722
LTE,Late-demographic dividend,2022,3.12653946173087
LTE,Late-demographic dividend,2021,7.40961972079273
LTE,Late-demographic dividend,2020,-0.0794028018832478
LTE,Late-demographic dividend,2019,4.27160406449451
LTE,Late-demographic dividend,2018,4.86661405428367
LTE,Late-demographic dividend,2017,4.57020741359528
LTE,Late-demographic dividend,2016,3.77298749406765
LTE,Late-demographic dividend,2015,4.0131640063116
LTE,Late-demographic dividend,2014,4.52281290830467
LTE,Late-demographic dividend,2013,4.88507730959265
LTE,Late-demographic dividend,2012,5.1117519714912
LTE,Late-demographic dividend,2011,6.50214753502176
LTE,Late-demographic dividend,2010,7.40838417839808
LTE,Late-demographic dividend,2009,3.10637215188167
LTE,Late-demographic dividend,2008,6.26534007350021
LTE,Late-demographic dividend,2007,9.49603074797787
LTE,Late-demographic dividend,2006,8.60120094354617
LTE,Late-demographic dividend,2005,7.12130302429937
LTE,Late-demographic dividend,2004,7.52274408907591
LTE,Late-demographic dividend,2003,6.18456807851109
LTE,Late-demographic dividend,2002,5.33306620407585
LTE,Late-demographic dividend,2001,4.43150673085364
LTE,Late-demographic dividend,2000,6.18965954214352
LTE,Late-demographic dividend,1999,3.7636306324049
LTE,Late-demographic dividend,1998,1.92228451995371
LTE,Late-demographic dividend,1997,4.6332658698299
LTE,Late-demographic dividend,1996,4.0727149630206
LTE,Late-demographic dividend,1995,4.59973858805816
LTE,Late-demographic dividend,1994,3.35185932709885
LTE,Late-demographic dividend,1993,3.18572732579932
LTE,Late-demographic dividend,1992,-0.375622336908293
LTE,Late-demographic dividend,1991,-0.754913676043984
LTE,Late-demographic dividend,1990,-1.10494866769271
LTE,Late-demographic dividend,1989,3.19128824241233
LTE,Late-demographic dividend,1988,3.52814420976402
LTE,Late-demographic dividend,1987,4.80809048574291
LTE,Late-demographic dividend,1986,4.21610521516391
LTE,Late-demographic dividend,1985,5.70419131806436
LTE,Late-demographic dividend,1984,6.30033464712416
LTE,Late-demographic dividend,1983,0.258927685208832
LTE,Late-demographic dividend,1982,0.394882456074768
LTE,Late-demographic dividend,1981,-1.26421271943971
LTE,Late-demographic dividend,1980,5.79631665568819
LTE,Late-demographic dividend,1979,6.21166779360026
LTE,Late-demographic dividend,1978,5.09819504484641
LTE,Late-demographic dividend,1977,4.74355921950603
LTE,Late-demographic dividend,1976,4.90111687966738
LTE,Late-demographic dividend,1975,2.5562780528353
LTE,Late-demographic dividend,1974,2.96769550257355
LTE,Late-demographic dividend,1973,7.58425436507079
LTE,Late-demographic dividend,1972,5.57104611013143
LTE,Late-demographic dividend,1971,6.0009685931838
LTE,Late-demographic dividend,1970,8.27177732043187
LTE,Late-demographic dividend,1969,7.42378564150962
LTE,Late-demographic dividend,1968,2.81076439150463
LTE,Late-demographic dividend,1967,-0.516135040179421
LTE,Late-demographic dividend,1966,5.15711420314319
LTE,Late-demographic dividend,1965,4.32833533677255
LTE,Late-demographic dividend,1964,4.8529139961859
LTE,Late-demographic dividend,1963,1.78026903822001
LTE,Late-demographic dividend,1962,1.65243789419836
LTE,Late-demographic dividend,1961,-3.89286262106504
LCN,Latin America & Caribbean,2025,1.64506712959161
LCN,Latin America & Caribbean,2024,1.54941018109591
LCN,Latin America & Caribbean,2023,1.50609084727324
LCN,Latin America & Caribbean,2022,3.47347159273626
LCN,Latin America & Caribbean,2021,6.45960269873731
LCN,Latin America & Caribbean,2020,-7.51392201082636
LCN,Latin America & Caribbean,2019,-0.494031203348314
LCN,Latin America & Caribbean,2018,0.369053683682139
LCN,Latin America & Caribbean,2017,0.638987772497558
LCN,Latin America & Caribbean,2016,-1.66359354962314
LCN,Latin America & Caribbean,2015,-0.735070167846246
LCN,Latin America & Caribbean,2014,0.178576307110575
LCN,Latin America & Caribbean,2013,1.65694565560521
LCN,Latin America & Caribbean,2012,1.56308145761643
LCN,Latin America & Caribbean,2011,3.28266013948726
LCN,Latin America & Caribbean,2010,5.00192200748344
LCN,Latin America & Caribbean,2009,-3.39134983502808
LCN,Latin America & Caribbean,2008,2.50504470148563
LCN,Latin America & Caribbean,2007,4.06635917571647
LCN,Latin America & Caribbean,2006,4.01951163630008
LCN,Latin America & Caribbean,2005,2.84285836592404
LCN,Latin America & Caribbean,2004,4.40699756191363
LCN,Latin America & Caribbean,2003,0.898840652065601
LCN,Latin America & Caribbean,2002,-1.11610981485492
LCN,Latin America & Caribbean,2001,-0.859343399602309
LCN,Latin America & Caribbean,2000,2.12093116235033
LCN,Latin America & Caribbean,1999,-0.98973153447713
LCN,Latin America & Caribbean,1998,1.33000974740591
LCN,Latin America & Caribbean,1997,3.79529896850997
LCN,Latin America & Caribbean,1996,2.21287698834325
LCN,Latin America & Caribbean,1995,-0.72607885471318
LCN,Latin America & Caribbean,1994,3.26381491935588
LCN,Latin America & Caribbean,1993,2.45670037481396
LCN,Latin America & Caribbean,1992,0.852380031681861
LCN,Latin America & Caribbean,1991,1.29961825230444
LCN,Latin America & Caribbean,1990,-2.03796144957407
LCN,Latin America & Caribbean,1989,-0.706073859148319
LCN,Latin America & Caribbean,1988,-1.15171374726475
LCN,Latin America & Caribbean,1987,1.32003688989965
LCN,Latin America & Caribbean,1986,1.48396070344074
LCN,Latin America & Caribbean,1985,0.930740951759617
LCN,Latin America & Caribbean,1984,1.75055602953205
LCN,Latin America & Caribbean,1983,-4.57191779924044
LCN,Latin America & Caribbean,1982,-2.20471910469597
LCN,Latin America & Caribbean,1981,-1.02412192075995
LCN,Latin America & Caribbean,1980,3.9307273564044
LCN,Latin America & Caribbean,1979,4.76453691471963
LCN,Latin America & Caribbean,1978,2.09888466596921
LCN,Latin America & Caribbean,1977,2.55163814834727
LCN,Latin America & Caribbean,1976,3.10683754131031
LCN,Latin America & Caribbean,1975,1.20133362853103
LCN,Latin America & Caribbean,1974,3.58169730321052
LCN,Latin America & Caribbean,1973,5.39360419112242
LCN,Latin America & Caribbean,1972,4.38169908368489
LCN,Latin America & Caribbean,1971,4.07612846952017
LCN,Latin America & Caribbean,1970,3.98336422332702
LCN,Latin America & Caribbean,1969,3.92476399303379
LCN,Latin America & Caribbean,1968,4.41790795473349
LCN,Latin America & Caribbean,1967,1.59085013240676
LCN,Latin America & Caribbean,1966,2.03888119311841
LCN,Latin America & Caribbean,1965,2.77957555439023
LCN,Latin America & Caribbean,1964,4.56167576755287
LCN,Latin America & Caribbean,1963,-0.628224032833302
LCN,Latin America & Caribbean,1962,1.64843946464104
LCN,Latin America & Caribbean,1961,3.13329875661765
LAC,Latin America & Caribbean (excluding high income),2025,1.52280118586252
LAC,Latin America & Caribbean (excluding high income),2024,1.27349096665037
LAC,Latin America & Caribbean (excluding high income),2023,1.41171986859447
LAC,Latin America & Caribbean (excluding high income),2022,3.34251506658867
LAC,Latin America & Caribbean (excluding high income),2021,6.22639139854549
LAC,Latin America & Caribbean (excluding high income),2020,-7.45498063570554
LAC,Latin America & Caribbean (excluding high income),2019,-0.604200706419533
LAC,Latin America & Caribbean (excluding high income),2018,0.306496369053605
LAC,Latin America & Caribbean (excluding high income),2017,0.675953326545113
LAC,Latin America & Caribbean (excluding high income),2016,-1.91455399237026
LAC,Latin America & Caribbean (excluding high income),2015,-0.916473326874495
LAC,Latin America & Caribbean (excluding high income),2014,0.0831961992979302
LAC,Latin America & Caribbean (excluding high income),2013,1.64817928362572
LAC,Latin America & Caribbean (excluding high income),2012,1.34199639861183
LAC,Latin America & Caribbean (excluding high income),2011,3.28560554955506
LAC,Latin America & Caribbean (excluding high income),2010,5.25385794642037
LAC,Latin America & Caribbean (excluding high income),2009,-3.55001396952508
LAC,Latin America & Caribbean (excluding high income),2008,2.56976459128404
LAC,Latin America & Caribbean (excluding high income),2007,4.16353359183117
LAC,Latin America & Caribbean (excluding high income),2006,4.09874475410963
LAC,Latin America & Caribbean (excluding high income),2005,2.876243572927
LAC,Latin America & Caribbean (excluding high income),2004,4.26844497817049
LAC,Latin America & Caribbean (excluding high income),2003,0.774854802664066
LAC,Latin America & Caribbean (excluding high income),2002,-1.29259723565207
LAC,Latin America & Caribbean (excluding high income),2001,-1.17318113404163
LAC,Latin America & Caribbean (excluding high income),2000,2.09499534402097
LAC,Latin America & Caribbean (excluding high income),1999,-1.21548945807169
LAC,Latin America & Caribbean (excluding high income),1998,1.07209064125186
LAC,Latin America & Caribbean (excluding high income),1997,3.67146443765543
LAC,Latin America & Caribbean (excluding high income),1996,2.10586853784585
LAC,Latin America & Caribbean (excluding high income),1995,-1.17027645131787
LAC,Latin America & Caribbean (excluding high income),1994,3.26815655344251
LAC,Latin America & Caribbean (excluding high income),1993,2.35920143510482
LAC,Latin America & Caribbean (excluding high income),1992,0.368002383734492
LAC,Latin America & Caribbean (excluding high income),1991,1.17020726831316
LAC,Latin America & Caribbean (excluding high income),1990,-2.16575061265092
LAC,Latin America & Caribbean (excluding high income),1989,-1.12069897246802
LAC,Latin America & Caribbean (excluding high income),1988,-1.43606417229149
LAC,Latin America & Caribbean (excluding high income),1987,1.13647217296769
LAC,Latin America & Caribbean (excluding high income),1986,1.32823492073504
LAC,Latin America & Caribbean (excluding high income),1985,0.919628182322896
LAC,Latin America & Caribbean (excluding high income),1984,1.70078194241545
LAC,Latin America & Caribbean (excluding high income),1983,-4.486304499501
LAC,Latin America & Caribbean (excluding high income),1982,-1.77846847116562
LAC,Latin America & Caribbean (excluding high income),1981,-1.22168389435767
LAC,Latin America & Caribbean (excluding high income),1980,3.88022422594598
LAC,Latin America & Caribbean (excluding high income),1979,4.66973858152677
LAC,Latin America & Caribbean (excluding high income),1978,1.8011911225518
LAC,Latin America & Caribbean (excluding high income),1977,2.34550060929473
LAC,Latin America & Caribbean (excluding high income),1976,3.11961864187278
LAC,Latin America & Caribbean (excluding high income),1975,1.74231048821387
LAC,Latin America & Caribbean (excluding high income),1974,3.92916915032755
LAC,Latin America & Caribbean (excluding high income),1973,5.99393413856049
LAC,Latin America & Caribbean (excluding high income),1972,4.80259069012301
LAC,Latin America & Caribbean (excluding high income),1971,4.08059089313559
LAC,Latin America & Caribbean (excluding high income),1970,4.18312813455751
LAC,Latin America & Caribbean (excluding high income),1969,3.88677920266399
LAC,Latin America & Caribbean (excluding high income),1968,4.64310336196053
LAC,Latin America & Caribbean (excluding high income),1967,1.59174897251057
LAC,Latin America & Caribbean (excluding high income),1966,1.63865505587972
LAC,Latin America & Caribbean (excluding high income),1965,2.86313351729687
LAC,Latin America & Caribbean (excluding high income),1964,4.86665528576744
LAC,Latin America & Caribbean (excluding high income),1963,-0.996423541010444
LAC,Latin America & Caribbean (excluding high income),1962,1.6371953900158
LAC,Latin America & Caribbean (excluding high income),1961,3.10910957146979
TLA,Latin America & the Caribbean (IDA & IBRD countries),2025,1.65507364095035
TLA,Latin America & the Caribbean (IDA & IBRD countries),2024,1.54974762807592
TLA,Latin America & the Caribbean (IDA & IBRD countries),2023,1.55453696328813
TLA,Latin America & the Caribbean (IDA & IBRD countries),2022,3.47493418430733
TLA,Latin America & the Caribbean (IDA & IBRD countries),2021,6.63088122482624
TLA,Latin America & the Caribbean (IDA & IBRD countries),2020,-7.45985095513528
TLA,Latin America & the Caribbean (IDA & IBRD countries),2019,-0.537530145676683
TLA,Latin America & the Caribbean (IDA & IBRD countries),2018,0.409790732513144
TLA,Latin America & the Caribbean (IDA & IBRD countries),2017,0.669310455952328
TLA,Latin America & the Caribbean (IDA & IBRD countries),2016,-1.71464298979453
TLA,Latin America & the Caribbean (IDA & IBRD countries),2015,-0.818605909518368
TLA,Latin America & the Caribbean (IDA & IBRD countries),2014,0.194969154818693
TLA,Latin America & the Caribbean (IDA & IBRD countries),2013,1.71218470284219
TLA,Latin America & the Caribbean (IDA & IBRD countries),2012,1.60160928929973
TLA,Latin America & the Caribbean (IDA & IBRD countries),2011,3.41574869621064
TLA,Latin America & the Caribbean (IDA & IBRD countries),2010,5.23665058383366
TLA,Latin America & the Caribbean (IDA & IBRD countries),2009,-3.46924086688827
TLA,Latin America & the Caribbean (IDA & IBRD countries),2008,2.63373716949653
TLA,Latin America & the Caribbean (IDA & IBRD countries),2007,4.19787438556112
TLA,Latin America & the Caribbean (IDA & IBRD countries),2006,4.09729997552233
TLA,Latin America & the Caribbean (IDA & IBRD countries),2005,2.91232184226536
TLA,Latin America & the Caribbean (IDA & IBRD countries),2004,4.30423398273314
TLA,Latin America & the Caribbean (IDA & IBRD countries),2003,0.931321083955922
TLA,Latin America & the Caribbean (IDA & IBRD countries),2002,-1.19342029287705
TLA,Latin America & the Caribbean (IDA & IBRD countries),2001,-1.10723017688797
TLA,Latin America & the Caribbean (IDA & IBRD countries),2000,2.06004528663684
TLA,Latin America & the Caribbean (IDA & IBRD countries),1999,-1.25201384335377
TLA,Latin America & the Caribbean (IDA & IBRD countries),1998,1.25258247321729
TLA,Latin America & the Caribbean (IDA & IBRD countries),1997,3.82182424308253
TLA,Latin America & the Caribbean (IDA & IBRD countries),1996,2.17304192055371
TLA,Latin America & the Caribbean (IDA & IBRD countries),1995,-0.889751470595229
TLA,Latin America & the Caribbean (IDA & IBRD countries),1994,3.30806473408704
TLA,Latin America & the Caribbean (IDA & IBRD countries),1993,2.72354885841224
TLA,Latin America & the Caribbean (IDA & IBRD countries),1992,1.04714564025932
TLA,Latin America & the Caribbean (IDA & IBRD countries),1991,1.60837669136151
TLA,Latin America & the Caribbean (IDA & IBRD countries),1990,-1.93130878152662
TLA,Latin America & the Caribbean (IDA & IBRD countries),1989,-0.835795405846895
TLA,Latin America & the Caribbean (IDA & IBRD countries),1988,-1.39307939902072
TLA,Latin America & the Caribbean (IDA & IBRD countries),1987,1.34770334852237
TLA,Latin America & the Caribbean (IDA & IBRD countries),1986,1.494907227892
TLA,Latin America & the Caribbean (IDA & IBRD countries),1985,0.914165059718329
TLA,Latin America & the Caribbean (IDA & IBRD countries),1984,1.53334129425104
TLA,Latin America & the Caribbean (IDA & IBRD countries),1983,-4.80637040603564
TLA,Latin America & the Caribbean (IDA & IBRD countries),1982,-2.41265527602522
TLA,Latin America & the Caribbean (IDA & IBRD countries),1981,-1.3557293383294
TLA,Latin America & the Caribbean (IDA & IBRD countries),1980,4.1194781754253
TLA,Latin America & the Caribbean (IDA & IBRD countries),1979,4.75166281305582
TLA,Latin America & the Caribbean (IDA & IBRD countries),1978,1.91663531489685
TLA,Latin America & the Caribbean (IDA & IBRD countries),1977,2.39176451988232
TLA,Latin America & the Caribbean (IDA & IBRD countries),1976,3.04147016245533
TLA,Latin America & the Caribbean (IDA & IBRD countries),1975,1.20917048750562
TLA,Latin America & the Caribbean (IDA & IBRD countries),1974,3.79382427496502
TLA,Latin America & the Caribbean (IDA & IBRD countries),1973,5.48820637263177
TLA,Latin America & the Caribbean (IDA & IBRD countries),1972,4.42410784365248
TLA,Latin America & the Caribbean (IDA & IBRD countries),1971,4.03612542365137
TLA,Latin America & the Caribbean (IDA & IBRD countries),1970,3.9576767726266
TLA,Latin America & the Caribbean (IDA & IBRD countries),1969,3.80554871731434
TLA,Latin America & the Caribbean (IDA & IBRD countries),1968,4.41877014180638
TLA,Latin America & the Caribbean (IDA & IBRD countries),1967,1.47915046748454
TLA,Latin America & the Caribbean (IDA & IBRD countries),1966,1.91852822110268
TLA,Latin America & the Caribbean (IDA & IBRD countries),1965,2.64209371769024
TLA,Latin America & the Caribbean (IDA & IBRD countries),1964,4.52895133155057
TLA,Latin America & the Caribbean (IDA & IBRD countries),1963,-0.827607231023791
TLA,Latin America & the Caribbean (IDA & IBRD countries),1962,1.51528280929489
TLA,Latin America & the Caribbean (IDA & IBRD countries),1961,3.06000194912821
LDC,Least developed countries: UN classification,2025,1.93781088503502
LDC,Least developed countries: UN classification,2024,1.51553582090563
LDC,Least developed countries: UN classification,2023,0.724668923960621
LDC,Least developed countries: UN classification,2022,2.37507352258028
LDC,Least developed countries: UN classification,2021,0.393407486773057
LDC,Least developed countries: UN classification,2020,-2.53960624176722
LDC,Least developed countries: UN classification,2019,2.35952298459333
LDC,Least developed countries: UN classification,2018,2.2146778862929
LDC,Least developed countries: UN classification,2017,2.06655566027429
LDC,Least developed countries: UN classification,2016,1.39043635024866
LDC,Least developed countries: UN classification,2015,0.382324181252329
LDC,Least developed countries: UN classification,2014,2.88284183709224
LDC,Least developed countries: UN classification,2013,3.57990703971487
LDC,Least developed countries: UN classification,2012,0.877019108362532
LDC,Least developed countries: UN classification,2011,0.654044982597696
LDC,Least developed countries: UN classification,2010,3.91781723057288
LDC,Least developed countries: UN classification,2009,1.80111346268646
LDC,Least developed countries: UN classification,2008,4.00725617528653
LDC,Least developed countries: UN classification,2007,4.79655356478743
LDC,Least developed countries: UN classification,2006,4.32398800776461
LDC,Least developed countries: UN classification,2005,4.86113348716542
LDC,Least developed countries: UN classification,2004,4.02051239880015
LDC,Least developed countries: UN classification,2003,2.5675201194251
LDC,Least developed countries: UN classification,2002,2.83006142991286
LDC,Least developed countries: UN classification,2001,2.43023533533065
LDC,Least developed countries: UN classification,2000,1.79499617264365
LDC,Least developed countries: UN classification,1999,1.4563460043625
LDC,Least developed countries: UN classification,1998,1.42240633826079
LDC,Least developed countries: UN classification,1997,2.66695696431076
LDC,Least developed countries: UN classification,1996,2.89062411269629
LDC,Least developed countries: UN classification,1995,3.02239403571146
LDC,Least developed countries: UN classification,1994,-2.02629922851997
LDC,Least developed countries: UN classification,1993,-3.29962185874126
LDC,Least developed countries: UN classification,1992,-2.36320370201059
LDC,Least developed countries: UN classification,1991,-0.63638395477939
LDC,Least developed countries: UN classification,1990,-2.55692728741772
LDC,Least developed countries: UN classification,1989,-0.78300320956032
LDC,Least developed countries: UN classification,1988,0.322958018720485
LDC,Least developed countries: UN classification,1987,1.54849779987374
LDC,Least developed countries: UN classification,1986,0.675387965133424
LDC,Least developed countries: UN classification,1985,-0.956546122018608
LDC,Least developed countries: UN classification,1984,-0.337234856489914
LDC,Least developed countries: UN classification,1983,-1.05364669033759
LDC,Least developed countries: UN classification,1982,-1.51368155030663
LDC,Least developed countries: UN classification,1981,0.118547066313383
LDC,Least developed countries: UN classification,1980,-0.368541171026365
LDC,Least developed countries: UN classification,1979,-0.774558945496764
LDC,Least developed countries: UN classification,1978,-0.942787690911857
LDC,Least developed countries: UN classification,1977,-0.426006118990472
LDC,Least developed countries: UN classification,1976,1.40517912902315
LDC,Least developed countries: UN classification,1975,-1.94934360223426
LDC,Least developed countries: UN classification,1974,2.87919843456783
LDC,Least developed countries: UN classification,1973,-0.389879039264684
LDC,Least developed countries: UN classification,1972,-3.72717085484331
LDC,Least developed countries: UN classification,1971,-0.599765794005435
LDC,Least developed countries: UN classification,1970,-3.08630506511291
LDC,Least developed countries: UN classification,1969,0.672335669380814
LDC,Least developed countries: UN classification,1968,2.43243182786124
LDC,Least developed countries: UN classification,1967,-1.51364237846686
LDC,Least developed countries: UN classification,1966,0.747715497355131
LDC,Least developed countries: UN classification,1965,1.11709020923267
LDC,Least developed countries: UN classification,1964,1.0504812344065
LDC,Least developed countries: UN classification,1963,-0.442448337621997
LDC,Least developed countries: UN classification,1962,4.95695076923239
LMY,Low & middle income,2025,3.47520835449863
LMY,Low & middle income,2024,3.36529396809169
LMY,Low & middle income,2023,3.64154019809749
LMY,Low & middle income,2022,3.01752669811273
LMY,Low & middle income,2021,6.26231382141904
LMY,Low & middle income,2020,-2.26761076460159
LMY,Low & middle income,2019,2.8517222638573
LMY,Low & middle income,2018,3.62729024158838
LMY,Low & middle income,2017,3.9208071852632
LMY,Low & middle income,2016,3.30715564605583
LMY,Low & middle income,2015,3.29106215208836
LMY,Low & middle income,2014,3.72151341186479
LMY,Low & middle income,2013,4.16747281760148
LMY,Low & middle income,2012,4.01801737191268
LMY,Low & middle income,2011,4.8633084945013
LMY,Low & middle income,2010,6.60198286407984
LMY,Low & middle income,2009,2.52296746808958
LMY,Low & middle income,2008,4.46823188885921
LMY,Low & middle income,2007,7.32810061177256
LMY,Low & middle income,2006,6.69634826930441
LMY,Low & middle income,2005,5.84872443481275
LMY,Low & middle income,2004,6.19343319148011
LMY,Low & middle income,2003,4.24892606305704
LMY,Low & middle income,2002,3.11254091350534
LMY,Low & middle income,2001,2.0726338728676
LMY,Low & middle income,2000,3.89377820786937
LMY,Low & middle income,1999,1.92725637607791
LMY,Low & middle income,1998,1.57852082888701
LMY,Low & middle income,1997,3.89556649454161
LMY,Low & middle income,1996,4.36870269374113
LMY,Low & middle income,1995,2.79487053171128
LMY,Low & middle income,1994,3.21159876856044
LMY,Low & middle income,1993,3.04811223747139
LMY,Low & middle income,1992,2.31322437998061
LMY,Low & middle income,1991,0.965218017807786
LMY,Low & middle income,1990,1.05966806812911
LMY,Low & middle income,1989,0.720976616230388
LMY,Low & middle income,1988,1.98024564044992
LMY,Low & middle income,1987,2.46142252134003
LMY,Low & middle income,1986,1.54634837202086
LMY,Low & middle income,1985,2.22858789284255
LMY,Low & middle income,1984,2.47459838675394
LMY,Low & middle income,1983,-0.715126088468693
LMY,Low & middle income,1982,0.665387246985148
LMY,Low & middle income,1981,-0.233542566060777
LMY,Low & middle income,1980,2.40975277333885
LMY,Low & middle income,1979,2.33949308828029
LMY,Low & middle income,1978,1.50923462588761
LMY,Low & middle income,1977,2.43144171669137
LMY,Low & middle income,1976,3.99955676169661
LMY,Low & middle income,1975,1.95218323531667
LMY,Low & middle income,1974,3.53825932929345
LMY,Low & middle income,1973,4.36003957819429
LMY,Low & middle income,1972,3.54913869242093
LMY,Low & middle income,1971,3.48183020584416
LMY,Low & middle income,1970,5.25902606194177
LMY,Low & middle income,1969,5.32751733912558
LMY,Low & middle income,1968,3.50659794061055
LMY,Low & middle income,1967,0.666924859757628
LMY,Low & middle income,1966,2.23545457021446
LMY,Low & middle income,1965,3.47201284565102
LMY,Low & middle income,1964,5.30084092476046
LMY,Low & middle income,1963,2.19111572646239
LMY,Low & middle income,1962,1.64168612681776
LMY,Low & middle income,1961,-0.385290180256632
,Low income,2025,2.54539024773865
,Low income,2024,0.639358003147834
,Low income,2023,-1.48362052748851
,Low income,2022,1.0301694567531
,Low income,2021,-0.699201762207338
,Low income,2020,-2.51518158181821
,Low income,2019,1.03744548970491
,Low income,2018,0.656538288890957
,Low income,2017,0.404717055790655
,Low income,2016,-0.834959518198602
,Low income,2015,-2.8754943779449
,Low income,2014,1.26262212821391
,Low income,2013,1.49874983005746
,Low income,2012,-5.73538975125484
,Low income,2011,-2.41374051871188
,Low income,2010,4.15099188123347
,Low income,2009,0.850952858292175
,Low income,2008,2.55801915997731
,Low income,2007,3.15835735017933
,Low income,2006,2.66717903352365
,Low income,2005,3.6321452365585
,Low income,2004,3.41053948771426
,Low income,2003,1.32724226901857
,Low income,2002,2.32251982362757
,Low income,2001,1.90942998215795
,Low income,2000,0.417439066280778
,Low income,1999,-0.303686540013132
,Low income,1998,1.27676715286607
,Low income,1997,2.94239813861125
,Low income,1996,2.55375565302064
,Low income,1995,1.88495874527747
,Low income,1994,-1.41335535720692
,Low income,1993,-2.00775418282673
,Low income,1992,-3.07678216157503
,Low income,1991,-1.19456722598066
,Low income,1990,-5.45724476159458
,Low income,1989,-2.80580395223875
,Low income,1988,0.855088225167648
,Low income,1987,2.28520388327517
,Low income,1986,-0.151695475257824
,Low income,1985,-2.01391633733486
,Low income,1984,-3.51256470766394
,Low income,1983,-1.13397577334341
,Low income,1982,-1.20556182129961
,Low income,1981,0.98266091666585
,Low income,1980,0.20701332405919
,Low income,1979,-2.14270882673189
,Low income,1978,-3.00699653054934
,Low income,1977,0.171362118841145
,Low income,1976,0.655805136732752
,Low income,1975,-0.0196679278542433
,Low income,1974,2.95974640825152
,Low income,1973,-1.179322308991
,Low income,1972,-0.913702052511667
,Low income,1971,2.02709369148586
,Low income,1970,0.210152273656689
,Low income,1969,2.9017481483147
,Low income,1968,0.733234596878248
,Lower middle income,2025,4.59818922400088
,Lower middle income,2024,4.01364070640402
,Lower middle income,2023,3.92410899722798
,Lower middle income,2022,4.95053596702628
,Lower middle income,2021,5.44455962162343
,Lower middle income,2020,-5.501062831688
,Lower middle income,2019,2.00945609250778
,Lower middle income,2018,3.45419308120363
,Lower middle income,2017,3.29774162959086
,Lower middle income,2016,3.45160226052911
,Lower middle income,2015,3.95084742578062
,Lower middle income,2014,4.12220607805614
,Lower middle income,2013,3.81982808278904
,Lower middle income,2012,3.30567258813545
,Lower middle income,2011,2.90528136123021
,Lower middle income,2010,4.72954757678959
,Lower middle income,2009,4.15531727838197
,Lower middle income,2008,2.7299803510995
,Lower middle income,2007,5.07154476441154
,Lower middle income,2006,5.27733489682809
,Lower middle income,2005,4.94967795962961
,Lower middle income,2004,5.50989583446044
,Lower middle income,2003,3.43957738789112
,Lower middle income,2002,1.87764140826583
,Lower middle income,2001,2.30026443293355
,Lower middle income,2000,1.90033072604056
,Lower middle income,1999,2.9023207684947
,Lower middle income,1998,2.48895429232248
,Lower middle income,1997,1.69334168559033
,Lower middle income,1996,3.79041724807129
,Lower middle income,1995,2.66068162206142
,Lower middle income,1994,1.14013234007938
,Lower middle income,1993,-0.451411905848275
,Lower middle income,1992,1.39794737204961
,Lower middle income,1991,0.233714872459174
,Lower middle income,1990,2.74911385306029
,Lower middle income,1989,-0.0734428414418318
,Lower middle income,1988,4.32137172545777
,Lower middle income,1987,1.13077746696364
,Lower middle income,1986,1.44193103719303
,Lower middle income,1985,2.18472823739373
,Lower middle income,1984,1.20453846733994
,Lower middle income,1983,-1.17426325431579
,Lower middle income,1982,-0.598540104583776
,Lower middle income,1981,-1.25237383687046
,Lower middle income,1980,1.66949429882224
,Lower middle income,1979,-1.69614065168381
,Lower middle income,1978,0.909997470808037
,Lower middle income,1977,3.15018968102412
,Lower middle income,1976,2.80895580852902
,Lower middle income,1975,0.70412919691239
,Lower middle income,1974,2.23595566753347
,Lower middle income,1973,1.83166131357773
,Lower middle income,1972,-0.955418835572601
,Lower middle income,1971,2.10736939048519
,Lower middle income,1970,5.08833292176298
,Lower middle income,1969,5.02448026966735
,Lower middle income,1968,1.63096977457324
,Lower middle income,1967,-1.03010981850505
,Lower middle income,1966,-1.26908574329137
,Lower middle income,1965,-0.45673688746858
,Lower middle income,1964,4.67836178860006
,Lower middle income,1963,3.33045417729892
,Lower middle income,1962,1.57552331637237
,Lower middle income,1961,0.577031580117236
MEA,"Middle East, North Africa, Afghanistan & Pakistan",2025,0.902149208958633
MEA,"Middle East, North Africa, Afghanistan & Pakistan",2024,0.394120504907065
MEA,"Middle East, North Africa, Afghanistan & Pakistan",2023,0.309531781719485
MEA,"Middle East, North Africa, Afghanistan & Pakistan",2022,4.43975563340516
MEA,"Middle East, North Africa, Afghanistan & Pakistan",2021,3.50154983313058
MEA,"Middle East, North Africa, Afghanistan & Pakistan",2020,-5.30250517107758
MEA,"Middle East, North Africa, Afghanistan & Pakistan",2019,-0.108430427791035
MEA,"Middle East, North Africa, Afghanistan & Pakistan",2018,0.793973736056614
MEA,"Middle East, North Africa, Afghanistan & Pakistan",2017,0.392186775879551
MEA,"Middle East, North Africa, Afghanistan & Pakistan",2016,2.61313274873265
MEA,"Middle East, North Africa, Afghanistan & Pakistan",2015,0.769254744026199
MEA,"Middle East, North Africa, Afghanistan & Pakistan",2014,1.05765959461645
MEA,"Middle East, North Africa, Afghanistan & Pakistan",2013,0.19668763546899
MEA,"Middle East, North Africa, Afghanistan & Pakistan",2012,1.97002219417845
MEA,"Middle East, North Africa, Afghanistan & Pakistan",2011,1.52697140309841
MEA,"Middle East, North Africa, Afghanistan & Pakistan",2010,2.60728618376078
MEA,"Middle East, North Africa, Afghanistan & Pakistan",2009,-1.22853059312369
MEA,"Middle East, North Africa, Afghanistan & Pakistan",2008,1.94300223164741
MEA,"Middle East, North Africa, Afghanistan & Pakistan",2007,2.75451918134952
MEA,"Middle East, North Africa, Afghanistan & Pakistan",2006,3.46428801476092
MEA,"Middle East, North Africa, Afghanistan & Pakistan",2005,2.80604984175461
MEA,"Middle East, North Africa, Afghanistan & Pakistan",2004,5.4181925442502
MEA,"Middle East, North Africa, Afghanistan & Pakistan",2003,2.22820316525755
MEA,"Middle East, North Africa, Afghanistan & Pakistan",2002,-0.174500898399629
MEA,"Middle East, North Africa, Afghanistan & Pakistan",2001,-0.346326827365914
MEA,"Middle East, North Africa, Afghanistan & Pakistan",2000,3.9110280120356
MEA,"Middle East, North Africa, Afghanistan & Pakistan",1999,0.368744518149938
MEA,"Middle East, North Africa, Afghanistan & Pakistan",1998,1.70481770014955
MEA,"Middle East, North Africa, Afghanistan & Pakistan",1997,1.66098516737895
MEA,"Middle East, North Africa, Afghanistan & Pakistan",1996,2.55242300942615
MEA,"Middle East, North Africa, Afghanistan & Pakistan",1995,0.657983921153345
MEA,"Middle East, North Africa, Afghanistan & Pakistan",1994,0.446186401213851
MEA,"Middle East, North Africa, Afghanistan & Pakistan",1993,-0.315206971630118
MEA,"Middle East, North Africa, Afghanistan & Pakistan",1992,3.24892016785827
MEA,"Middle East, North Africa, Afghanistan & Pakistan",1991,-0.630108230991993
MEA,"Middle East, North Africa, Afghanistan & Pakistan",1990,4.99479103436667
MEA,"Middle East, North Africa, Afghanistan & Pakistan",1989,0.783526024822351
MEA,"Middle East, North Africa, Afghanistan & Pakistan",1988,-0.764018596346546
MEA,"Middle East, North Africa, Afghanistan & Pakistan",1987,-2.10852375238035
MEA,"Middle East, North Africa, Afghanistan & Pakistan",1986,-4.57007262197912
MEA,"Middle East, North Africa, Afghanistan & Pakistan",1985,-2.57083377015171
MEA,"Middle East, North Africa, Afghanistan & Pakistan",1984,-3.04999386261615
MEA,"Middle East, North Africa, Afghanistan & Pakistan",1983,-3.5247473058421
MEA,"Middle East, North Africa, Afghanistan & Pakistan",1982,-4.34585154247
MEA,"Middle East, North Africa, Afghanistan & Pakistan",1981,-2.6051325208099
MEA,"Middle East, North Africa, Afghanistan & Pakistan",1980,-1.70170884706245
MEA,"Middle East, North Africa, Afghanistan & Pakistan",1979,2.38479709708623
MEA,"Middle East, North Africa, Afghanistan & Pakistan",1978,-3.24972521038084
MEA,"Middle East, North Africa, Afghanistan & Pakistan",1977,0.668694871609901
MEA,"Middle East, North Africa, Afghanistan & Pakistan",1976,10.425847556875
MEA,"Middle East, North Africa, Afghanistan & Pakistan",1975,-2.81365433305436
MEA,"Middle East, North Africa, Afghanistan & Pakistan",1974,5.60862036095111
MEA,"Middle East, North Africa, Afghanistan & Pakistan",1973,8.0125724289625
MEA,"Middle East, North Africa, Afghanistan & Pakistan",1972,10.4421272033569
MEA,"Middle East, North Africa, Afghanistan & Pakistan",1971,5.95779519633122
MEA,"Middle East, North Africa, Afghanistan & Pakistan",1970,14.1251905067656
MEA,"Middle East, North Africa, Afghanistan & Pakistan",1969,7.32485573275518
MEA,"Middle East, North Africa, Afghanistan & Pakistan",1968,9.16455256312192
MEA,"Middle East, North Africa, Afghanistan & Pakistan",1967,4.75348322611993
MEA,"Middle East, North Africa, Afghanistan & Pakistan",1966,3.76509998337788
MEA,"Middle East, North Africa, Afghanistan & Pakistan",1965,8.82017794229183
MEA,"Middle East, North Africa, Afghanistan & Pakistan",1964,6.652989305053
MEA,"Middle East, North Africa, Afghanistan & Pakistan",1963,7.64875505595543
MEA,"Middle East, North Africa, Afghanistan & Pakistan",1962,2.70205357291661
MEA,"Middle East, North Africa, Afghanistan & Pakistan",1961,3.43119433148003
MNA,"Middle East, North Africa, Afghanistan & Pakistan (excluding high income)",2025,0.343268739466239
MNA,"Middle East, North Africa, Afghanistan & Pakistan (excluding high income)",2024,0.522275386145267
MNA,"Middle East, North Africa, Afghanistan & Pakistan (excluding high income)",2023,1.12206421514816
MNA,"Middle East, North Africa, Afghanistan & Pakistan (excluding high income)",2022,2.56623046300963
MNA,"Middle East, North Africa, Afghanistan & Pakistan (excluding high income)",2021,2.56573421195382
MNA,"Middle East, North Africa, Afghanistan & Pakistan (excluding high income)",2020,-4.31298527755949
MNA,"Middle East, North Africa, Afghanistan & Pakistan (excluding high income)",2019,-0.39907077607802
MNA,"Middle East, North Africa, Afghanistan & Pakistan (excluding high income)",2018,0.314341379714136
MNA,"Middle East, North Africa, Afghanistan & Pakistan (excluding high income)",2017,1.6816842383211
MNA,"Middle East, North Africa, Afghanistan & Pakistan (excluding high income)",2016,3.84829461792189
MNA,"Middle East, North Africa, Afghanistan & Pakistan (excluding high income)",2015,-0.601384882987574
MNA,"Middle East, North Africa, Afghanistan & Pakistan (excluding high income)",2014,0.525851959768602
MNA,"Middle East, North Africa, Afghanistan & Pakistan (excluding high income)",2013,-0.787355063059366
MNA,"Middle East, North Africa, Afghanistan & Pakistan (excluding high income)",2012,1.50106616098311
MNA,"Middle East, North Africa, Afghanistan & Pakistan (excluding high income)",2011,-2.43549487284585
MNA,"Middle East, North Africa, Afghanistan & Pakistan (excluding high income)",2010,2.58916335205174
MNA,"Middle East, North Africa, Afghanistan & Pakistan (excluding high income)",2009,0.588157631759898
MNA,"Middle East, North Africa, Afghanistan & Pakistan (excluding high income)",2008,1.25276421448586
MNA,"Middle East, North Africa, Afghanistan & Pakistan (excluding high income)",2007,3.5364271010537
MNA,"Middle East, North Africa, Afghanistan & Pakistan (excluding high income)",2006,3.03114425458226
MNA,"Middle East, North Africa, Afghanistan & Pakistan (excluding high income)",2005,2.59788728155728
MNA,"Middle East, North Africa, Afghanistan & Pakistan (excluding high income)",2004,5.28911799265171
MNA,"Middle East, North Africa, Afghanistan & Pakistan (excluding high income)",2003,0.442027108891835
MNA,"Middle East, North Africa, Afghanistan & Pakistan (excluding high income)",2002,1.06807395815372
MNA,"Middle East, North Africa, Afghanistan & Pakistan (excluding high income)",2001,0.665842733741769
MNA,"Middle East, North Africa, Afghanistan & Pakistan (excluding high income)",2000,3.42001756033771
MNA,"Middle East, North Africa, Afghanistan & Pakistan (excluding high income)",1999,1.83831412206466
MNA,"Middle East, North Africa, Afghanistan & Pakistan (excluding high income)",1998,2.99970104918155
MNA,"Middle East, North Africa, Afghanistan & Pakistan (excluding high income)",1997,1.07576916774248
MNA,"Middle East, North Africa, Afghanistan & Pakistan (excluding high income)",1996,3.46470764230374
MNA,"Middle East, North Africa, Afghanistan & Pakistan (excluding high income)",1995,0.475834831851984
MNA,"Middle East, North Africa, Afghanistan & Pakistan (excluding high income)",1994,-0.254089495578015
MNA,"Middle East, North Africa, Afghanistan & Pakistan (excluding high income)",1993,-1.14146403572721
MNA,"Middle East, North Africa, Afghanistan & Pakistan (excluding high income)",1992,2.1245182854455
MNA,"Middle East, North Africa, Afghanistan & Pakistan (excluding high income)",1991,-1.58863920740046
MNA,"Middle East, North Africa, Afghanistan & Pakistan (excluding high income)",1990,6.15337802761296
MNA,"Middle East, North Africa, Afghanistan & Pakistan (excluding high income)",1989,-0.15422021771964
MNA,"Middle East, North Africa, Afghanistan & Pakistan (excluding high income)",1988,-1.15272187546648
MNA,"Middle East, North Africa, Afghanistan & Pakistan (excluding high income)",1987,-1.99326656805317
MNA,"Middle East, North Africa, Afghanistan & Pakistan (excluding high income)",1986,-4.75986722812149
MNA,"Middle East, North Africa, Afghanistan & Pakistan (excluding high income)",1985,1.13544993275316
MNA,"Middle East, North Africa, Afghanistan & Pakistan (excluding high income)",1984,-2.94176541020664
MNA,"Middle East, North Africa, Afghanistan & Pakistan (excluding high income)",1983,1.54022234002413
MNA,"Middle East, North Africa, Afghanistan & Pakistan (excluding high income)",1982,7.56661677879347
MNA,"Middle East, North Africa, Afghanistan & Pakistan (excluding high income)",1981,-4.4162225181658
MNA,"Middle East, North Africa, Afghanistan & Pakistan (excluding high income)",1980,-6.20685201861201
MNA,"Middle East, North Africa, Afghanistan & Pakistan (excluding high income)",1979,-3.4410016816783
MNA,"Middle East, North Africa, Afghanistan & Pakistan (excluding high income)",1978,-4.70415745841679
MNA,"Middle East, North Africa, Afghanistan & Pakistan (excluding high income)",1977,-1.26732808638019
MNA,"Middle East, North Africa, Afghanistan & Pakistan (excluding high income)",1976,11.798961426759
MNA,"Middle East, North Africa, Afghanistan & Pakistan (excluding high income)",1975,0.172233802665374
MNA,"Middle East, North Africa, Afghanistan & Pakistan (excluding high income)",1974,4.42679088636847
MNA,"Middle East, North Africa, Afghanistan & Pakistan (excluding high income)",1973,2.58664250081064
MNA,"Middle East, North Africa, Afghanistan & Pakistan (excluding high income)",1972,8.89897620622102
MNA,"Middle East, North Africa, Afghanistan & Pakistan (excluding high income)",1971,2.72919403334217
MNA,"Middle East, North Africa, Afghanistan & Pakistan (excluding high income)",1970,5.73071729275982
MNA,"Middle East, North Africa, Afghanistan & Pakistan (excluding high income)",1969,7.98992952709831
MNA,"Middle East, North Africa, Afghanistan & Pakistan (excluding high income)",1968,9.35171114372213
MNA,"Middle East, North Africa, Afghanistan & Pakistan (excluding high income)",1967,4.64543538946775
MNA,"Middle East, North Africa, Afghanistan & Pakistan (excluding high income)",1966,4.29512419527718
MNA,"Middle East, North Africa, Afghanistan & Pakistan (excluding high income)",1965,9.28176154802381
MNA,"Middle East, North Africa, Afghanistan & Pakistan (excluding high income)",1964,7.30141601444079
MNA,"Middle East, North Africa, Afghanistan & Pakistan (excluding high income)",1963,8.35065701776976
MNA,"Middle East, North Africa, Afghanistan & Pakistan (excluding high income)",1962,0.0173353040614472
MNA,"Middle East, North Africa, Afghanistan & Pakistan (excluding high income)",1961,1.14254357754804
TMN,"Middle East, North Africa, Afghanistan & Pakistan (IDA & IBRD)",2025,0.335936580117107
TMN,"Middle East, North Africa, Afghanistan & Pakistan (IDA & IBRD)",2024,0.702002887304801
TMN,"Middle East, North Africa, Afghanistan & Pakistan (IDA & IBRD)",2023,1.15478640878561
TMN,"Middle East, North Africa, Afghanistan & Pakistan (IDA & IBRD)",2022,2.57324290621594
TMN,"Middle East, North Africa, Afghanistan & Pakistan (IDA & IBRD)",2021,2.55215368770129
TMN,"Middle East, North Africa, Afghanistan & Pakistan (IDA & IBRD)",2020,-4.24047625319255
TMN,"Middle East, North Africa, Afghanistan & Pakistan (IDA & IBRD)",2019,-0.39382022336298
TMN,"Middle East, North Africa, Afghanistan & Pakistan (IDA & IBRD)",2018,0.326473050965774
TMN,"Middle East, North Africa, Afghanistan & Pakistan (IDA & IBRD)",2017,1.69971272581245
TMN,"Middle East, North Africa, Afghanistan & Pakistan (IDA & IBRD)",2016,3.82694829405483
TMN,"Middle East, North Africa, Afghanistan & Pakistan (IDA & IBRD)",2015,-0.617213179085795
TMN,"Middle East, North Africa, Afghanistan & Pakistan (IDA & IBRD)",2014,0.54901478012323
TMN,"Middle East, North Africa, Afghanistan & Pakistan (IDA & IBRD)",2013,-0.810846038108807
TMN,"Middle East, North Africa, Afghanistan & Pakistan (IDA & IBRD)",2012,1.48565183401644
TMN,"Middle East, North Africa, Afghanistan & Pakistan (IDA & IBRD)",2011,-2.49874708294988
TMN,"Middle East, North Africa, Afghanistan & Pakistan (IDA & IBRD)",2010,2.58589811860644
TMN,"Middle East, North Africa, Afghanistan & Pakistan (IDA & IBRD)",2009,0.555447738317966
TMN,"Middle East, North Africa, Afghanistan & Pakistan (IDA & IBRD)",2008,1.2329595101649
TMN,"Middle East, North Africa, Afghanistan & Pakistan (IDA & IBRD)",2007,3.5513213953321
TMN,"Middle East, North Africa, Afghanistan & Pakistan (IDA & IBRD)",2006,3.07451152392679
TMN,"Middle East, North Africa, Afghanistan & Pakistan (IDA & IBRD)",2005,2.56102640720056
TMN,"Middle East, North Africa, Afghanistan & Pakistan (IDA & IBRD)",2004,5.21430974951069
TMN,"Middle East, North Africa, Afghanistan & Pakistan (IDA & IBRD)",2003,0.389191641161133
TMN,"Middle East, North Africa, Afghanistan & Pakistan (IDA & IBRD)",2002,1.16117948813879
TMN,"Middle East, North Africa, Afghanistan & Pakistan (IDA & IBRD)",2001,0.747771245577283
TMN,"Middle East, North Africa, Afghanistan & Pakistan (IDA & IBRD)",2000,3.53073435898166
TMN,"Middle East, North Africa, Afghanistan & Pakistan (IDA & IBRD)",1999,1.81024579197093
TMN,"Middle East, North Africa, Afghanistan & Pakistan (IDA & IBRD)",1998,2.94128428618647
TMN,"Middle East, North Africa, Afghanistan & Pakistan (IDA & IBRD)",1997,1.02135709751285
TMN,"Middle East, North Africa, Afghanistan & Pakistan (IDA & IBRD)",1996,3.50803354203961
TMN,"Middle East, North Africa, Afghanistan & Pakistan (IDA & IBRD)",1995,0.46272604852895
TMN,"Middle East, North Africa, Afghanistan & Pakistan (IDA & IBRD)",1994,-0.24278237117916
TMN,"Middle East, North Africa, Afghanistan & Pakistan (IDA & IBRD)",1993,-1.13124672948335
TMN,"Middle East, North Africa, Afghanistan & Pakistan (IDA & IBRD)",1992,2.13444719263542
TMN,"Middle East, North Africa, Afghanistan & Pakistan (IDA & IBRD)",1991,-1.57951356403184
TMN,"Middle East, North Africa, Afghanistan & Pakistan (IDA & IBRD)",1990,6.73776996354947
TMN,"Middle East, North Africa, Afghanistan & Pakistan (IDA & IBRD)",1989,-0.15422021771964
TMN,"Middle East, North Africa, Afghanistan & Pakistan (IDA & IBRD)",1988,-1.15272187546648
TMN,"Middle East, North Africa, Afghanistan & Pakistan (IDA & IBRD)",1987,-1.99326656805316
TMN,"Middle East, North Africa, Afghanistan & Pakistan (IDA & IBRD)",1986,-4.75986722812148
TMN,"Middle East, North Africa, Afghanistan & Pakistan (IDA & IBRD)",1985,1.13544993275316
TMN,"Middle East, North Africa, Afghanistan & Pakistan (IDA & IBRD)",1984,-2.94176541020664
TMN,"Middle East, North Africa, Afghanistan & Pakistan (IDA & IBRD)",1983,1.54022234002416
TMN,"Middle East, North Africa, Afghanistan & Pakistan (IDA & IBRD)",1982,7.56661677879345
TMN,"Middle East, North Africa, Afghanistan & Pakistan (IDA & IBRD)",1981,-4.4162225181658
TMN,"Middle East, North Africa, Afghanistan & Pakistan (IDA & IBRD)",1980,-6.20685201861201
TMN,"Middle East, North Africa, Afghanistan & Pakistan (IDA & IBRD)",1979,-3.4410016816783
TMN,"Middle East, North Africa, Afghanistan & Pakistan (IDA & IBRD)",1978,-4.70415745841679
TMN,"Middle East, North Africa, Afghanistan & Pakistan (IDA & IBRD)",1977,-1.26732808638019
TMN,"Middle East, North Africa, Afghanistan & Pakistan (IDA & IBRD)",1976,11.798961426759
TMN,"Middle East, North Africa, Afghanistan & Pakistan (IDA & IBRD)",1975,0.172233802665374
TMN,"Middle East, North Africa, Afghanistan & Pakistan (IDA & IBRD)",1974,4.42679088636847
TMN,"Middle East, North Africa, Afghanistan & Pakistan (IDA & IBRD)",1973,2.58664250081064
TMN,"Middle East, North Africa, Afghanistan & Pakistan (IDA & IBRD)",1972,8.89897620622105
TMN,"Middle East, North Africa, Afghanistan & Pakistan (IDA & IBRD)",1971,2.72919403334217
TMN,"Middle East, North Africa, Afghanistan & Pakistan (IDA & IBRD)",1970,5.73071729275981
TMN,"Middle East, North Africa, Afghanistan & Pakistan (IDA & IBRD)",1969,7.98992952709831
TMN,"Middle East, North Africa, Afghanistan & Pakistan (IDA & IBRD)",1968,9.35171114372211
TMN,"Middle East, North Africa, Afghanistan & Pakistan (IDA & IBRD)",1967,4.64543538946775
TMN,"Middle East, North Africa, Afghanistan & Pakistan (IDA & IBRD)",1966,4.29512419527718
TMN,"Middle East, North Africa, Afghanistan & Pakistan (IDA & IBRD)",1965,9.28176154802381
TMN,"Middle East, North Africa, Afghanistan & Pakistan (IDA & IBRD)",1964,7.3014160144408
TMN,"Middle East, North Africa, Afghanistan & Pakistan (IDA & IBRD)",1963,8.35065701776972
TMN,"Middle East, North Africa, Afghanistan & Pakistan (IDA & IBRD)",1962,0.0173353040614757
TMN,"Middle East, North Africa, Afghanistan & Pakistan (IDA & IBRD)",1961,1.14254357754801
MIC,Middle income,2025,3.68244523665442
MIC,Middle income,2024,3.59614598545868
MIC,Middle income,2023,3.90854895831414
MIC,Middle income,2022,3.2282771988063
MIC,Middle income,2021,6.55056171359863
MIC,Middle income,2020,-2.09977802467874
MIC,Middle income,2019,3.04534597960439
MIC,Middle income,2018,3.82603227870828
MIC,Middle income,2017,4.11441470064922
MIC,Middle income,2016,3.49896351822166
MIC,Middle income,2015,3.50412437515068
MIC,Middle income,2014,3.86400180741549
MIC,Middle income,2013,4.31643919815595
MIC,Middle income,2012,4.31416292239368
MIC,Middle income,2011,5.12776195278828
MIC,Middle income,2010,6.77116331239394
MIC,Middle income,2009,2.67076962779267
MIC,Middle income,2008,4.62145767534805
MIC,Middle income,2007,7.53295109160061
MIC,Middle income,2006,6.89721550699329
MIC,Middle income,2005,6.00134831362753
MIC,Middle income,2004,6.35281960890003
MIC,Middle income,2003,4.41466573198441
MIC,Middle income,2002,3.22615304228515
MIC,Middle income,2001,2.15252939833701
MIC,Middle income,2000,4.03891509636125
MIC,Middle income,1999,2.05111795550191
MIC,Middle income,1998,1.657237859087
MIC,Middle income,1997,3.98663190908601
MIC,Middle income,1996,4.48067872507852
MIC,Middle income,1995,2.8802888083622
MIC,Middle income,1994,3.37997463586032
MIC,Middle income,1993,3.23780518409231
MIC,Middle income,1992,2.49515242554924
MIC,Middle income,1991,1.04960399293073
MIC,Middle income,1990,1.22731515095562
MIC,Middle income,1989,0.831814370802689
MIC,Middle income,1988,2.03402262236357
MIC,Middle income,1987,2.49209692045487
MIC,Middle income,1986,1.60990532974306
MIC,Middle income,1985,2.35761473585762
MIC,Middle income,1984,2.65465159452648
MIC,Middle income,1983,-0.680237846012716
MIC,Middle income,1982,0.721882185449047
MIC,Middle income,1981,-0.270638859174781
MIC,Middle income,1980,2.46934335584778
MIC,Middle income,1979,2.48552195968266
MIC,Middle income,1978,1.65775189803226
MIC,Middle income,1977,2.51158584929551
MIC,Middle income,1976,4.11296585372875
MIC,Middle income,1975,2.02475376661049
MIC,Middle income,1974,3.56962040912055
MIC,Middle income,1973,4.53660428529727
MIC,Middle income,1972,3.6958622903423
MIC,Middle income,1971,3.53360876275354
MIC,Middle income,1970,5.43299297276998
MIC,Middle income,1969,5.41522152788627
MIC,Middle income,1968,3.61003953774927
MIC,Middle income,1967,0.709402564823989
MIC,Middle income,1966,2.29637382734778
MIC,Middle income,1965,3.5732206963439
MIC,Middle income,1964,5.59085660923601
MIC,Middle income,1963,2.30945065734647
MIC,Middle income,1962,1.39248968775145
MIC,Middle income,1961,-0.17930259898435
NAC,North America,2025,1.55175297374161
NAC,North America,2024,1.53396052630106
NAC,North America,2023,1.80657555120456
NAC,North America,2022,1.97124885038085
NAC,North America,2021,5.92621538103285
NAC,North America,2020,-2.77805867201248
NAC,North America,2019,1.90533268356306
NAC,North America,2018,2.25847906214749
NAC,North America,2017,1.74379840481494
NAC,North America,2016,0.926338117760125
NAC,North America,2015,1.94842331238854
NAC,North America,2014,1.71567749484846
NAC,North America,2013,1.33391954595872
NAC,North America,2012,1.40176936827258
NAC,North America,2011,0.865490723577025
NAC,North America,2010,1.8318475584756
NAC,North America,2009,-3.48013995362957
NAC,North America,2008,-0.774886611162046
NAC,North America,2007,1.04070815749402
NAC,North America,2006,1.78328376842212
NAC,North America,2005,2.50962270621625
NAC,North America,2004,2.83072337144152
NAC,North America,2003,1.83410100434681
NAC,North America,2002,0.845649662027796
NAC,North America,2001,0.0258439877579377
NAC,North America,2000,3.02774834362273
NAC,North America,1999,3.65254564980046
NAC,North America,1998,3.2610132489973
NAC,North America,1997,3.20599323452579
NAC,North America,1996,2.42104506495942
NAC,North America,1995,1.48533597130832
NAC,North America,1994,2.80929202354308
NAC,North America,1993,1.42080652591335
NAC,North America,1992,1.90610153959405
NAC,North America,1991,-1.58755134661524
NAC,North America,1990,0.563733103963088
NAC,North America,1989,2.49802039113534
NAC,North America,1988,3.2153171513233
NAC,North America,1987,2.54284485850691
NAC,North America,1986,2.39264930049829
NAC,North America,1985,3.29223016029809
NAC,North America,1984,6.18682001868325
NAC,North America,1983,3.44866329534517
NAC,North America,1982,-2.87807929801917
NAC,North America,1981,1.58730864239712
NAC,North America,1980,-1.03030109519266
NAC,North America,1979,2.09175415947323
NAC,North America,1978,4.27333930778269
NAC,North America,1977,3.4673879160479
NAC,North America,1976,4.39961824395915
NAC,North America,1975,-1.07938413852209
NAC,North America,1974,-1.17104146999451
NAC,North America,1973,4.70090820280336
NAC,North America,1972,4.1453224762374
NAC,North America,1971,1.89034971314921
NAC,North America,1970,-0.751401453703622
NAC,North America,1969,2.21218672973917
NAC,North America,1968,3.71361912845228
NAC,North America,1967,1.37129462830616
NAC,North America,1966,5.23146276205375
NAC,North America,1965,5.016863335369
NAC,North America,1964,4.35996647623007
NAC,North America,1963,2.93409699412533
NAC,North America,1962,4.54739730743637
NAC,North America,1961,0.651305915311013
OED,OECD members,2025,1.37692492529541
OED,OECD members,2024,1.12779539475203
OED,OECD members,2023,1.11062600058609
OED,OECD members,2022,2.64885988874985
OED,OECD members,2021,5.90338766727407
OED,OECD members,2020,-4.22683605904867
OED,OECD members,2019,1.25975589333113
OED,OECD members,2018,1.77987448413401
OED,OECD members,2017,2.00432730661259
OED,OECD members,2016,1.21113178285266
OED,OECD members,2015,1.89826680906103
OED,OECD members,2014,1.61827330748035
OED,OECD members,2013,1.02934089904029
OED,OECD members,2012,0.777378602693261
OED,OECD members,2011,1.3055785974355
OED,OECD members,2010,2.27809290252907
OED,OECD members,2009,-4.09448508506959
OED,OECD members,2008,-0.387696237916998
OED,OECD members,2007,1.91986482915692
OED,OECD members,2006,2.31514729935438
OED,OECD members,2005,2.13195703317068
OED,OECD members,2004,2.51344792807471
OED,OECD members,2003,1.28582561222763
OED,OECD members,2002,0.797333580734332
OED,OECD members,2001,0.650538032198526
OED,OECD members,2000,3.40186387754162
OED,OECD members,1999,2.68267268607889
OED,OECD members,1998,2.17750452450993
OED,OECD members,1997,2.88355089490761
OED,OECD members,1996,2.31116581499032
OED,OECD members,1995,1.95088085241515
OED,OECD members,1994,2.47570290714521
OED,OECD members,1993,0.526710152193971
OED,OECD members,1992,1.1671863397985
OED,OECD members,1991,0.173060250291286
OED,OECD members,1990,1.99769779276342
OED,OECD members,1989,2.85647888986469
OED,OECD members,1988,3.6540197180646
OED,OECD members,1987,2.70964614367315
OED,OECD members,1986,2.283066563182
OED,OECD members,1985,2.84023177464256
OED,OECD members,1984,3.96643997005492
OED,OECD members,1983,1.99382114959815
OED,OECD members,1982,-0.633875082028922
OED,OECD members,1981,1.17173629594028
OED,OECD members,1980,0.2605436517443
OED,OECD members,1979,2.90332378913649
OED,OECD members,1978,3.38419634357963
OED,OECD members,1977,2.69151136482743
OED,OECD members,1976,3.76942213166167
OED,OECD members,1975,-0.629147328577488
OED,OECD members,1974,0.097795714699501
OED,OECD members,1973,4.94581754857893
OED,OECD members,1972,4.10320067202062
OED,OECD members,1971,2.23535270284545
OED,OECD members,1970,1.61383931379152
OED,OECD members,1969,4.31288242706913
OED,OECD members,1968,4.74710515206253
OED,OECD members,1967,2.59764319271005
OED,OECD members,1966,4.25619484092113
OED,OECD members,1965,4.14345720798977
OED,OECD members,1964,5.06102933310868
OED,OECD members,1963,3.67400516344325
OED,OECD members,1962,4.08947915001359
OED,OECD members,1961,2.92687304117258
OSS,Other small states,2025,2.07003737946552
OSS,Other small states,2024,1.89668398744962
OSS,Other small states,2023,2.20929038752742
OSS,Other small states,2022,3.10703669830706
OSS,Other small states,2021,6.91866279847429
OSS,Other small states,2020,-6.7922535010394
OSS,Other small states,2019,2.99731395567453
OSS,Other small states,2018,3.11434808578828
OSS,Other small states,2017,3.858229830418
OSS,Other small states,2016,2.97547599299999
OSS,Other small states,2015,2.19705220642598
OSS,Other small states,2014,1.00405978907303
OSS,Other small states,2013,-0.264237783788872
OSS,Other small states,2012,0.132215061286928
OSS,Other small states,2011,2.25035005985768
OSS,Other small states,2010,1.34374399731789
OSS,Other small states,2009,-6.22413231790385
OSS,Other small states,2008,-0.32497428334996
OSS,Other small states,2007,4.19555500957283
OSS,Other small states,2006,4.98345299003233
OSS,Other small states,2005,3.51913306162439
OSS,Other small states,2004,3.43365870328654
OSS,Other small states,2003,2.9141181028121
OSS,Other small states,2002,1.71314891343499
OSS,Other small states,2001,1.3926331933573
OSS,Other small states,2000,6.98055800454152
OSS,Other small states,1999,2.46746951534745
OSS,Other small states,1998,2.06390565367967
OSS,Other small states,1997,4.84888057792026
OSS,Other small states,1996,2.13401266811439
OSS,Other small states,1995,3.65701393911644
OSS,Other small states,1994,1.9752251404318
OSS,Other small states,1993,-0.145960245312367
OSS,Other small states,1992,-3.86826968534967
OSS,Other small states,1991,-2.50180864054738
OSS,Other small states,1990,3.07488724225121
OSS,Other small states,1989,0.856435219071287
OSS,Other small states,1988,1.15117182276111
OSS,Other small states,1987,4.11542266196557
OSS,Other small states,1986,0.153916889387389
OSS,Other small states,1985,0.192497277099875
OSS,Other small states,1984,0.992652694163681
OSS,Other small states,1983,-0.727390492343872
OSS,Other small states,1982,1.23101008887883
OSS,Other small states,1981,-9.16063795261149
OSS,Other small states,1980,-4.48552174419858
OSS,Other small states,1979,12.6943988893085
OSS,Other small states,1978,5.04472963270484
OSS,Other small states,1977,8.03738458260889
OSS,Other small states,1976,14.2017927670714
PSS,Pacific island small states,2025,2.0751617057749
PSS,Pacific island small states,2024,2.40155951036476
PSS,Pacific island small states,2023,5.9122273758105
PSS,Pacific island small states,2022,7.08879739911916
PSS,Pacific island small states,2021,-3.7316730396974
PSS,Pacific island small states,2020,-11.1755907945831
PSS,Pacific island small states,2019,0.113780627669229
PSS,Pacific island small states,2018,1.42957738701017
PSS,Pacific island small states,2017,2.55215413551939
PSS,Pacific island small states,2016,2.41733856697036
PSS,Pacific island small states,2015,2.63039361468142
PSS,Pacific island small states,2014,2.23159662114986
PSS,Pacific island small states,2013,1.90614635789801
PSS,Pacific island small states,2012,-0.290129845276837
PSS,Pacific island small states,2011,2.43556875122617
PSS,Pacific island small states,2010,2.3961061050241
PSS,Pacific island small states,2009,-1.45471635017645
PSS,Pacific island small states,2008,0.965068010672155
PSS,Pacific island small states,2007,-0.948094563948899
PSS,Pacific island small states,2006,1.26738973017393
PSS,Pacific island small states,2005,1.31354578395266
PSS,Pacific island small states,2004,2.76450695227611
PSS,Pacific island small states,2003,0.700496995476769
PSS,Pacific island small states,2002,0.650941155531527
PSS,Pacific island small states,2001,-0.456339270206712
PSS,Pacific island small states,2000,-2.81409131097085
PSS,Pacific island small states,1999,2.68010725313322
PSS,Pacific island small states,1998,-0.125519965500999
PSS,Pacific island small states,1997,-2.65853805441992
PSS,Pacific island small states,1996,1.64991527952284
PSS,Pacific island small states,1995,3.05762549468129
PSS,Pacific island small states,1994,3.42060720680163
PSS,Pacific island small states,1993,0.44157934180258
PSS,Pacific island small states,1992,3.28708330593834
PSS,Pacific island small states,1991,-1.93135467878939
PSS,Pacific island small states,1990,2.16109961577318
PSS,Pacific island small states,1989,2.84130782871581
PSS,Pacific island small states,1988,-0.583948886353539
PSS,Pacific island small states,1987,-3.86654373763277
PSS,Pacific island small states,1986,3.01897781979399
PSS,Pacific island small states,1985,-3.83805615025679
PSS,Pacific island small states,1984,3.03455795851085
PSS,Pacific island small states,1983,-3.28101221657558
PSS,Pacific island small states,1982,-5.33537080179222
PSS,Pacific island small states,1981,0.716739065802585
PSS,Pacific island small states,1980,-5.59122569425362
PSS,Pacific island small states,1979,6.1357995965062
PSS,Pacific island small states,1978,-0.110501387772715
PSS,Pacific island small states,1977,1.09045852026412
PSS,Pacific island small states,1976,-1.09898326357309
PSS,Pacific island small states,1975,-1.58635087245736
PSS,Pacific island small states,1974,1.10459051461136
PSS,Pacific island small states,1973,8.88062188663228
PSS,Pacific island small states,1972,3.38876886441435
PSS,Pacific island small states,1971,4.18171636994269
PST,Post-demographic dividend,2025,1.26536842789299
PST,Post-demographic dividend,2024,1.144812486367
PST,Post-demographic dividend,2023,1.44704815714023
PST,Post-demographic dividend,2022,2.78285200232402
PST,Post-demographic dividend,2021,5.8609240858503
PST,Post-demographic dividend,2020,-4.21976367302902
PST,Post-demographic dividend,2019,1.47534405982735
PST,Post-demographic dividend,2018,1.9244621066143
PST,Post-demographic dividend,2017,2.09128253595492
PST,Post-demographic dividend,2016,1.33779657613209
PST,Post-demographic dividend,2015,1.80428396077887
PST,Post-demographic dividend,2014,1.65031417737984
PST,Post-demographic dividend,2013,1.12895567478748
PST,Post-demographic dividend,2012,0.829081223431729
PST,Post-demographic dividend,2011,1.32874901651536
PST,Post-demographic dividend,2010,2.422080657546
PST,Post-demographic dividend,2009,-3.88653312317003
PST,Post-demographic dividend,2008,-0.240181992982215
PST,Post-demographic dividend,2007,1.98920739972411
PST,Post-demographic dividend,2006,2.39420453623949
PST,Post-demographic dividend,2005,2.28692442420927
PST,Post-demographic dividend,2004,2.6605145960187
PST,Post-demographic dividend,2003,1.49833004333163
PST,Post-demographic dividend,2002,1.02491689486691
PST,Post-demographic dividend,2001,1.01626634639136
PST,Post-demographic dividend,2000,3.55992542897748
PST,Post-demographic dividend,1999,3.04203703477613
PST,Post-demographic dividend,1998,2.23777927490119
PST,Post-demographic dividend,1997,2.93912053508218
PST,Post-demographic dividend,1996,2.36802286165934
PST,Post-demographic dividend,1995,2.25275099500438
PST,Post-demographic dividend,1994,2.6750652199881
PST,Post-demographic dividend,1993,0.543580041945873
PST,Post-demographic dividend,1992,1.23290643568478
PST,Post-demographic dividend,1991,0.305519346387968
PST,Post-demographic dividend,1990,2.01637745911063
PST,Post-demographic dividend,1989,3.11787771625573
PST,Post-demographic dividend,1988,4.03380242159146
PST,Post-demographic dividend,1987,2.94912851071317
PST,Post-demographic dividend,1986,2.70776894239999
PST,Post-demographic dividend,1985,3.13463635146107
PST,Post-demographic dividend,1984,4.31881828162528
PST,Post-demographic dividend,1983,2.54340739167715
PST,Post-demographic dividend,1982,-0.342626017226948
PST,Post-demographic dividend,1981,1.22090675274602
PST,Post-demographic dividend,1980,0.340001742554264
PST,Post-demographic dividend,1979,3.04906353961974
PST,Post-demographic dividend,1978,3.55514751052873
PST,Post-demographic dividend,1977,2.981333593434
PST,Post-demographic dividend,1976,4.05523049386447
PST,Post-demographic dividend,1975,-0.544609099595021
PST,Post-demographic dividend,1974,0.161219044489386
PST,Post-demographic dividend,1973,5.23271910992958
PST,Post-demographic dividend,1972,4.26229142208673
PST,Post-demographic dividend,1971,2.39310290555188
PST,Post-demographic dividend,1970,1.75449653617135
PST,Post-demographic dividend,1969,4.60686276685711
PST,Post-demographic dividend,1968,4.89338937918052
PST,Post-demographic dividend,1967,2.79062046124537
PST,Post-demographic dividend,1966,4.43257358346204
PST,Post-demographic dividend,1965,4.38495195581035
PST,Post-demographic dividend,1964,5.20600553924149
PST,Post-demographic dividend,1963,3.80525504794598
PST,Post-demographic dividend,1962,4.31123526430245
PST,Post-demographic dividend,1961,3.11203441544259
PRE,Pre-demographic dividend,2025,0.988539233489561
PRE,Pre-demographic dividend,2024,0.738066866097228
PRE,Pre-demographic dividend,2023,-0.11984776549248
PRE,Pre-demographic dividend,2022,2.02852918182184
PRE,Pre-demographic dividend,2021,-0.333938014468615
PRE,Pre-demographic dividend,2020,-6.67938111777654
PRE,Pre-demographic dividend,2019,0.405960268306643
PRE,Pre-demographic dividend,2018,-0.130221835116444
PRE,Pre-demographic dividend,2017,-1.13683243441635
PRE,Pre-demographic dividend,2016,-0.328829379809619
PRE,Pre-demographic dividend,2015,0.186647706628634
PRE,Pre-demographic dividend,2014,2.15977907162845
PRE,Pre-demographic dividend,2013,2.99996930024524
PRE,Pre-demographic dividend,2012,1.26482730871389
PRE,Pre-demographic dividend,2011,1.12662776547727
PRE,Pre-demographic dividend,2010,3.5835100196397
PRE,Pre-demographic dividend,2009,1.75362259488523
PRE,Pre-demographic dividend,2008,3.37153862287427
PRE,Pre-demographic dividend,2007,3.21795771667877
PRE,Pre-demographic dividend,2006,3.2197060805802
PRE,Pre-demographic dividend,2005,2.89953678578982
PRE,Pre-demographic dividend,2004,8.78994331754006
PRE,Pre-demographic dividend,2003,-3.50756312465019
PRE,Pre-demographic dividend,2002,2.88962120925495
PRE,Pre-demographic dividend,2001,1.44118794172523
PRE,Pre-demographic dividend,2000,2.56183510323258
PRE,Pre-demographic dividend,1999,1.2704851197425
PRE,Pre-demographic dividend,1998,3.9716371009867
PRE,Pre-demographic dividend,1997,3.51305387213701
PRE,Pre-demographic dividend,1996,2.85947548597227
PRE,Pre-demographic dividend,1995,-0.0544171007155256
PRE,Pre-demographic dividend,1994,-3.19780405774911
PRE,Pre-demographic dividend,1993,-3.70992030723077
PRE,Pre-demographic dividend,1992,-0.645419859721642
PRE,Pre-demographic dividend,1991,-10.3575837543954
PRE,Pre-demographic dividend,1990,5.32452327633447
PRE,Pre-demographic dividend,1989,-1.31711529462711
PRE,Pre-demographic dividend,1988,1.1480275633117
PRE,Pre-demographic dividend,1987,1.07795833469892
PRE,Pre-demographic dividend,1986,-0.261015088409522
PRE,Pre-demographic dividend,1985,0.722078123578186
PRE,Pre-demographic dividend,1984,-2.160319412357
PRE,Pre-demographic dividend,1983,-7.31966530535824
PRE,Pre-demographic dividend,1982,-3.72605441365906
PRE,Pre-demographic dividend,1981,-6.29129824314704
PRE,Pre-demographic dividend,1980,1.25221820952046
PRE,Pre-demographic dividend,1979,2.42835064323563
PRE,Pre-demographic dividend,1978,-3.19197517875639
PRE,Pre-demographic dividend,1977,1.71170840085264
PRE,Pre-demographic dividend,1976,3.9191691874302
PRE,Pre-demographic dividend,1975,-3.13720373465492
PRE,Pre-demographic dividend,1974,5.29344634863884
PRE,Pre-demographic dividend,1973,1.2251890046952
PRE,Pre-demographic dividend,1972,0.688928885044618
PRE,Pre-demographic dividend,1971,6.44015468615902
PRE,Pre-demographic dividend,1970,5.71421416670952
PRE,Pre-demographic dividend,1969,8.40846901186674
PRE,Pre-demographic dividend,1968,0.978404948961284
PRE,Pre-demographic dividend,1967,-8.11562717010432
PRE,Pre-demographic dividend,1966,-1.34306150744558
PRE,Pre-demographic dividend,1965,1.82477768502376
PRE,Pre-demographic dividend,1964,2.07139673587984
PRE,Pre-demographic dividend,1963,3.22270983352959
PRE,Pre-demographic dividend,1962,3.68395657512268
PRE,Pre-demographic dividend,1961,-2.59866005450561
SST,Small states,2025,3.6023685508393
SST,Small states,2024,5.21629662588956
SST,Small states,2023,4.09059236371918
SST,Small states,2022,6.3146452884062
SST,Small states,2021,6.34181667360245
SST,Small states,2020,-7.82785766337196
SST,Small states,2019,1.99558261977337
SST,Small states,2018,2.19311535948404
SST,Small states,2017,2.14915331747969
SST,Small states,2016,0.737301598175421
SST,Small states,2015,1.1968259255388
SST,Small states,2014,1.29951773969792
SST,Small states,2013,0.155315810563962
SST,Small states,2012,1.12982760789566
SST,Small states,2011,1.5319351932601
SST,Small states,2010,1.07123810492507
SST,Small states,2009,-5.2916714167029
SST,Small states,2008,0.149167444170374
SST,Small states,2007,3.58541442819399
SST,Small states,2006,5.4881038665406
SST,Small states,2005,3.79454657696232
SST,Small states,2004,3.51397027567745
SST,Small states,2003,3.52540307017696
SST,Small states,2002,2.08942844968179
SST,Small states,2001,1.22921027245297
SST,Small states,2000,5.36975091129635
SST,Small states,1999,2.99319735508334
SST,Small states,1998,2.52562334798642
SST,Small states,1997,3.964371886686
SST,Small states,1996,2.68913975761483
SST,Small states,1995,3.11258983963
SST,Small states,1994,2.21375657580907
SST,Small states,1993,-0.199799577813906
SST,Small states,1992,-1.85970299241409
SST,Small states,1991,-1.94791627607729
SST,Small states,1990,1.27056634003256
SST,Small states,1989,1.47573748715941
SST,Small states,1988,0.83418694233734
SST,Small states,1987,1.46804284723603
SST,Small states,1986,0.341720426215346
SST,Small states,1985,-0.224885952029979
SST,Small states,1984,1.04800694708985
SST,Small states,1983,-2.58033743682307
SST,Small states,1982,-0.0711208182318188
SST,Small states,1981,-5.06522046596855
SST,Small states,1980,-1.14855759063867
SST,Small states,1979,9.61450335792502
SST,Small states,1978,5.4260037152962
SST,Small states,1977,6.55980602069693
SST,Small states,1976,8.86163651033196
SST,Small states,1975,-1.53448592035831
SAS,South Asia,2025,6.18260956067509
SAS,South Asia,2024,5.81541025169881
SAS,South Asia,2023,5.84899135730251
SAS,South Asia,2022,6.24173655563243
SAS,South Asia,2021,8.33028192678252
SAS,South Asia,2020,-5.90537298010342
SAS,South Asia,2019,3.04100951092985
SAS,South Asia,2018,5.27934085526225
SAS,South Asia,2017,5.60196771944135
SAS,South Asia,2016,6.73733729893509
SAS,South Asia,2015,6.46173917437969
SAS,South Asia,2014,5.96282550719711
SAS,South Asia,2013,4.95217158308627
SAS,South Asia,2012,4.27930192443307
SAS,South Asia,2011,4.05367435324766
SAS,South Asia,2010,6.72705848146049
SAS,South Asia,2009,5.93398148923437
SAS,South Asia,2008,2.07510471121859
SAS,South Asia,2007,6.00206729042027
SAS,South Asia,2006,6.29308020306438
SAS,South Asia,2005,5.97128261072378
SAS,South Asia,2004,5.79387533237205
SAS,South Asia,2003,5.67266297772495
SAS,South Asia,2002,1.95675617609376
SAS,South Asia,2001,2.66761394394325
SAS,South Asia,2000,2.15841091919175
SAS,South Asia,1999,6.17158601613011
SAS,South Asia,1998,3.95906973121973
SAS,South Asia,1997,2.19286365337152
SAS,South Asia,1996,4.97363937990698
SAS,South Asia,1995,5.07850992161903
SAS,South Asia,1994,4.23775582626291
SAS,South Asia,1993,2.66819961820295
SAS,South Asia,1992,3.21687159940383
SAS,South Asia,1991,-0.619111862345875
SAS,South Asia,1990,3.32328731205101
SAS,South Asia,1989,3.17944257131234
SAS,South Asia,1988,6.14425972023558
SAS,South Asia,1987,1.51679139755618
SAS,South Asia,1986,2.32879997656683
SAS,South Asia,1985,2.66351567322265
SAS,South Asia,1984,1.6924352672457
SAS,South Asia,1983,4.17216563808545
SAS,South Asia,1982,0.946561323453722
SAS,South Asia,1981,3.69618902123734
SAS,South Asia,1980,3.3867557291108
SAS,South Asia,1979,-5.77249455430206
SAS,South Asia,1978,3.42070230556382
SAS,South Asia,1977,4.11196877939392
SAS,South Asia,1976,-0.184388212994733
SAS,South Asia,1975,4.79623189693952
SAS,South Asia,1974,-0.0665740150573981
SAS,South Asia,1973,1.02124096814205
SAS,South Asia,1972,-4.24404021982471
SAS,South Asia,1971,-1.51211905455361
SAS,South Asia,1970,2.7715651906385
SAS,South Asia,1969,3.51621897164239
SAS,South Asia,1968,1.92421282611426
SAS,South Asia,1967,3.86062528734348
SAS,South Asia,1966,-1.58536631228358
SAS,South Asia,1965,-4.10785332699055
SAS,South Asia,1964,5.22879304969643
SAS,South Asia,1963,2.41022222755592
SAS,South Asia,1962,0.815664086692664
SAS,South Asia,1961,1.50892202784803
TSA,South Asia (IDA & IBRD),2025,6.18260956067509
TSA,South Asia (IDA & IBRD),2024,5.81541025169881
TSA,South Asia (IDA & IBRD),2023,5.84899135730251
TSA,South Asia (IDA & IBRD),2022,6.24173655563243
TSA,South Asia (IDA & IBRD),2021,8.33028192678252
TSA,South Asia (IDA & IBRD),2020,-5.90537298010342
TSA,South Asia (IDA & IBRD),2019,3.04100951092985
TSA,South Asia (IDA & IBRD),2018,5.27934085526225
TSA,South Asia (IDA & IBRD),2017,5.60196771944135
TSA,South Asia (IDA & IBRD),2016,6.73733729893509
TSA,South Asia (IDA & IBRD),2015,6.46173917437969
TSA,South Asia (IDA & IBRD),2014,5.96282550719711
TSA,South Asia (IDA & IBRD),2013,4.95217158308627
TSA,South Asia (IDA & IBRD),2012,4.27930192443307
TSA,South Asia (IDA & IBRD),2011,4.05367435324766
TSA,South Asia (IDA & IBRD),2010,6.72705848146049
TSA,South Asia (IDA & IBRD),2009,5.93398148923437
TSA,South Asia (IDA & IBRD),2008,2.07510471121859
TSA,South Asia (IDA & IBRD),2007,6.00206729042027
TSA,South Asia (IDA & IBRD),2006,6.29308020306438
TSA,South Asia (IDA & IBRD),2005,5.97128261072378
TSA,South Asia (IDA & IBRD),2004,5.79387533237205
TSA,South Asia (IDA & IBRD),2003,5.67266297772495
TSA,South Asia (IDA & IBRD),2002,1.95675617609376
TSA,South Asia (IDA & IBRD),2001,2.66761394394325
TSA,South Asia (IDA & IBRD),2000,2.15841091919175
TSA,South Asia (IDA & IBRD),1999,6.17158601613011
TSA,South Asia (IDA & IBRD),1998,3.95906973121973
TSA,South Asia (IDA & IBRD),1997,2.19286365337152
TSA,South Asia (IDA & IBRD),1996,4.97363937990698
TSA,South Asia (IDA & IBRD),1995,5.07850992161903
TSA,South Asia (IDA & IBRD),1994,4.23775582626291
TSA,South Asia (IDA & IBRD),1993,2.66819961820295
TSA,South Asia (IDA & IBRD),1992,3.21687159940383
TSA,South Asia (IDA & IBRD),1991,-0.619111862345875
TSA,South Asia (IDA & IBRD),1990,3.32328731205101
TSA,South Asia (IDA & IBRD),1989,3.17944257131234
TSA,South Asia (IDA & IBRD),1988,6.14425972023558
TSA,South Asia (IDA & IBRD),1987,1.51679139755618
TSA,South Asia (IDA & IBRD),1986,2.32879997656683
TSA,South Asia (IDA & IBRD),1985,2.66351567322265
TSA,South Asia (IDA & IBRD),1984,1.6924352672457
TSA,South Asia (IDA & IBRD),1983,4.17216563808545
TSA,South Asia (IDA & IBRD),1982,0.946561323453722
TSA,South Asia (IDA & IBRD),1981,3.69618902123734
TSA,South Asia (IDA & IBRD),1980,3.3867557291108
TSA,South Asia (IDA & IBRD),1979,-5.77249455430206
TSA,South Asia (IDA & IBRD),1978,3.42070230556382
TSA,South Asia (IDA & IBRD),1977,4.11196877939392
TSA,South Asia (IDA & IBRD),1976,-0.184388212994733
TSA,South Asia (IDA & IBRD),1975,4.79623189693952
TSA,South Asia (IDA & IBRD),1974,-0.0665740150573981
TSA,South Asia (IDA & IBRD),1973,1.02124096814205
TSA,South Asia (IDA & IBRD),1972,-4.24404021982471
TSA,South Asia (IDA & IBRD),1971,-1.51211905455361
TSA,South Asia (IDA & IBRD),1970,2.7715651906385
TSA,South Asia (IDA & IBRD),1969,3.51621897164239
TSA,South Asia (IDA & IBRD),1968,1.92421282611426
TSA,South Asia (IDA & IBRD),1967,3.86062528734348
TSA,South Asia (IDA & IBRD),1966,-1.58536631228358
TSA,South Asia (IDA & IBRD),1965,-4.10785332699055
TSA,South Asia (IDA & IBRD),1964,5.22879304969643
TSA,South Asia (IDA & IBRD),1963,2.41022222755592
TSA,South Asia (IDA & IBRD),1962,0.815664086692664
TSA,South Asia (IDA & IBRD),1961,1.50892202784803
SSF,Sub-Saharan Africa,2025,1.64007818065397
SSF,Sub-Saharan Africa,2024,1.11581843190349
SSF,Sub-Saharan Africa,2023,0.215816697729807
SSF,Sub-Saharan Africa,2022,1.48258616307812
SSF,Sub-Saharan Africa,2021,0.993759309882989
SSF,Sub-Saharan Africa,2020,-5.74773720457316
SSF,Sub-Saharan Africa,2019,-0.0879322621984215
SSF,Sub-Saharan Africa,2018,0.107922726885974
SSF,Sub-Saharan Africa,2017,-0.153632140231451
SSF,Sub-Saharan Africa,2016,-1.33177722156033
SSF,Sub-Saharan Africa,2015,0.197701787393044
SSF,Sub-Saharan Africa,2014,1.92581833484637
SSF,Sub-Saharan Africa,2013,2.43070310681756
SSF,Sub-Saharan Africa,2012,0.548363395085261
SSF,Sub-Saharan Africa,2011,1.4721287146276
SSF,Sub-Saharan Africa,2010,3.18035150226854
SSF,Sub-Saharan Africa,2009,0.336898467100212
SSF,Sub-Saharan Africa,2008,2.32853285941215
SSF,Sub-Saharan Africa,2007,3.2840297838693
SSF,Sub-Saharan Africa,2006,3.18978793245321
SSF,Sub-Saharan Africa,2005,3.15320798121984
SSF,Sub-Saharan Africa,2004,3.82546961125017
SSF,Sub-Saharan Africa,2003,1.34921733207109
SSF,Sub-Saharan Africa,2002,3.57015818716992
SSF,Sub-Saharan Africa,2001,1.46417965889722
SSF,Sub-Saharan Africa,2000,0.725239701572747
SSF,Sub-Saharan Africa,1999,-0.507649176389435
SSF,Sub-Saharan Africa,1998,-0.170290746334587
SSF,Sub-Saharan Africa,1997,1.3713882631548
SSF,Sub-Saharan Africa,1996,2.36458114137321
SSF,Sub-Saharan Africa,1995,0.623089124941757
SSF,Sub-Saharan Africa,1994,-1.62288016790951
SSF,Sub-Saharan Africa,1993,-3.7164650272135
SSF,Sub-Saharan Africa,1992,-3.14265335294336
SSF,Sub-Saharan Africa,1991,-2.29381927057531
SSF,Sub-Saharan Africa,1990,-0.546781489912547
SSF,Sub-Saharan Africa,1989,-0.532200985153139
SSF,Sub-Saharan Africa,1988,1.54546723575201
SSF,Sub-Saharan Africa,1987,-0.000567696520064942
SSF,Sub-Saharan Africa,1986,-1.03064983202155
SSF,Sub-Saharan Africa,1985,-0.904516205158998
SSF,Sub-Saharan Africa,1984,-0.63362095936948
SSF,Sub-Saharan Africa,1983,-5.38532212672553
SSF,Sub-Saharan Africa,1982,-4.2037063198035
SSF,Sub-Saharan Africa,1981,-3.73822068138729
SSF,Sub-Saharan Africa,1980,0.720931069509263
SSF,Sub-Saharan Africa,1979,0.856586180203081
SSF,Sub-Saharan Africa,1978,-3.0384277143916
SSF,Sub-Saharan Africa,1977,-0.0565210387183441
SSF,Sub-Saharan Africa,1976,2.2478965809982
SSF,Sub-Saharan Africa,1975,-3.00468015364534
SSF,Sub-Saharan Africa,1974,4.54067077386979
SSF,Sub-Saharan Africa,1973,1.4608882306263
SSF,Sub-Saharan Africa,1972,0.227916094976592
SSF,Sub-Saharan Africa,1971,4.85071062094531
SSF,Sub-Saharan Africa,1970,4.94593539413897
SSF,Sub-Saharan Africa,1969,6.13280660753996
SSF,Sub-Saharan Africa,1968,0.453170663483519
SSF,Sub-Saharan Africa,1967,-3.302878628728
SSF,Sub-Saharan Africa,1966,-0.55607672460215
SSF,Sub-Saharan Africa,1965,2.04033006839688
SSF,Sub-Saharan Africa,1964,2.35411013056456
SSF,Sub-Saharan Africa,1963,3.64016379408558
SSF,Sub-Saharan Africa,1962,3.47962226983458
SSF,Sub-Saharan Africa,1961,-1.32311000981193
SSA,Sub-Saharan Africa (excluding high income),2025,1.63836063219478
SSA,Sub-Saharan Africa (excluding high income),2024,1.11596976341994
SSA,Sub-Saharan Africa (excluding high income),2023,0.213251655075908
SSA,Sub-Saharan Africa (excluding high income),2022,1.47887873010974
SSA,Sub-Saharan Africa (excluding high income),2021,0.996390875055027
SSA,Sub-Saharan Africa (excluding high income),2020,-5.73939273979479
SSA,Sub-Saharan Africa (excluding high income),2019,-0.0909731992642833
SSA,Sub-Saharan Africa (excluding high income),2018,0.105724626953105
SSA,Sub-Saharan Africa (excluding high income),2017,-0.157828803514562
SSA,Sub-Saharan Africa (excluding high income),2016,-1.34082781455908
SSA,Sub-Saharan Africa (excluding high income),2015,0.19298656004112
SSA,Sub-Saharan Africa (excluding high income),2014,1.92623136675671
SSA,Sub-Saharan Africa (excluding high income),2013,2.4339038392404
SSA,Sub-Saharan Africa (excluding high income),2012,0.548375992717979
SSA,Sub-Saharan Africa (excluding high income),2011,1.4675271598723
SSA,Sub-Saharan Africa (excluding high income),2010,3.18159059608914
SSA,Sub-Saharan Africa (excluding high income),2009,0.341366672743447
SSA,Sub-Saharan Africa (excluding high income),2008,2.33576878099086
SSA,Sub-Saharan Africa (excluding high income),2007,3.2813513541174
SSA,Sub-Saharan Africa (excluding high income),2006,3.18679699532009
SSA,Sub-Saharan Africa (excluding high income),2005,3.15042195827652
SSA,Sub-Saharan Africa (excluding high income),2004,3.83397436749146
SSA,Sub-Saharan Africa (excluding high income),2003,1.35906336607212
SSA,Sub-Saharan Africa (excluding high income),2002,3.57580263519968
SSA,Sub-Saharan Africa (excluding high income),2001,1.4713474751383
SSA,Sub-Saharan Africa (excluding high income),2000,0.724092013184219
SSA,Sub-Saharan Africa (excluding high income),1999,-0.507382089070987
SSA,Sub-Saharan Africa (excluding high income),1998,-0.170318529676621
SSA,Sub-Saharan Africa (excluding high income),1997,1.36255236798341
SSA,Sub-Saharan Africa (excluding high income),1996,2.35948586933897
SSA,Sub-Saharan Africa (excluding high income),1995,0.62591283437645
SSA,Sub-Saharan Africa (excluding high income),1994,-1.61912407018082
SSA,Sub-Saharan Africa (excluding high income),1993,-3.7248801569347
SSA,Sub-Saharan Africa (excluding high income),1992,-3.15005899692272
SSA,Sub-Saharan Africa (excluding high income),1991,-2.29615105835951
SSA,Sub-Saharan Africa (excluding high income),1990,-0.5515720837423
SSA,Sub-Saharan Africa (excluding high income),1989,-0.53889832382707
SSA,Sub-Saharan Africa (excluding high income),1988,1.54443528234052
SSA,Sub-Saharan Africa (excluding high income),1987,-0.00188624530387926
SSA,Sub-Saharan Africa (excluding high income),1986,-1.03009825947935
SSA,Sub-Saharan Africa (excluding high income),1985,-0.910848540227988
SSA,Sub-Saharan Africa (excluding high income),1984,-0.635421693726769
SSA,Sub-Saharan Africa (excluding high income),1983,-5.38711427638256
SSA,Sub-Saharan Africa (excluding high income),1982,-4.2034657623397
SSA,Sub-Saharan Africa (excluding high income),1981,-3.73624711894668
SSA,Sub-Saharan Africa (excluding high income),1980,0.728113752008142
SSA,Sub-Saharan Africa (excluding high income),1979,0.847157973956442
SSA,Sub-Saharan Africa (excluding high income),1978,-3.05225834171648
SSA,Sub-Saharan Africa (excluding high income),1977,-0.0504480647217349
SSA,Sub-Saharan Africa (excluding high income),1976,2.24081149011346
SSA,Sub-Saharan Africa (excluding high income),1975,-3.00682694261745
SSA,Sub-Saharan Africa (excluding high income),1974,4.54448184575436
SSA,Sub-Saharan Africa (excluding high income),1973,1.45774261748177
SSA,Sub-Saharan Africa (excluding high income),1972,0.22586887264751
SSA,Sub-Saharan Africa (excluding high income),1971,4.84607948686934
SSA,Sub-Saharan Africa (excluding high income),1970,4.94527950964662
SSA,Sub-Saharan Africa (excluding high income),1969,6.13816581602227
SSA,Sub-Saharan Africa (excluding high income),1968,0.450578833345986
SSA,Sub-Saharan Africa (excluding high income),1967,-3.30363470994119
SSA,Sub-Saharan Africa (excluding high income),1966,-0.562219857516411
SSA,Sub-Saharan Africa (excluding high income),1965,2.04345896466138
SSA,Sub-Saharan Africa (excluding high income),1964,2.35359108831827
SSA,Sub-Saharan Africa (excluding high income),1963,3.63814138122538
SSA,Sub-Saharan Africa (excluding high income),1962,3.47845237801501
SSA,Sub-Saharan Africa (excluding high income),1961,-1.31971051785779
TSS,Sub-Saharan Africa (IDA & IBRD countries),2025,1.64007818065394
TSS,Sub-Saharan Africa (IDA & IBRD countries),2024,1.11581843190345
TSS,Sub-Saharan Africa (IDA & IBRD countries),2023,0.215816697729807
TSS,Sub-Saharan Africa (IDA & IBRD countries),2022,1.48258616307815
TSS,Sub-Saharan Africa (IDA & IBRD countries),2021,0.993759309883018
TSS,Sub-Saharan Africa (IDA & IBRD countries),2020,-5.74773720457318
TSS,Sub-Saharan Africa (IDA & IBRD countries),2019,-0.0879322621983931
TSS,Sub-Saharan Africa (IDA & IBRD countries),2018,0.107922726885917
TSS,Sub-Saharan Africa (IDA & IBRD countries),2017,-0.153632140231409
TSS,Sub-Saharan Africa (IDA & IBRD countries),2016,-1.33177722156034
TSS,Sub-Saharan Africa (IDA & IBRD countries),2015,0.197701787393029
TSS,Sub-Saharan Africa (IDA & IBRD countries),2014,1.92581833484635
TSS,Sub-Saharan Africa (IDA & IBRD countries),2013,2.43070310681755
TSS,Sub-Saharan Africa (IDA & IBRD countries),2012,0.548363395085303
TSS,Sub-Saharan Africa (IDA & IBRD countries),2011,1.47212871462766
TSS,Sub-Saharan Africa (IDA & IBRD countries),2010,3.18035150226852
TSS,Sub-Saharan Africa (IDA & IBRD countries),2009,0.336898467100255
TSS,Sub-Saharan Africa (IDA & IBRD countries),2008,2.32853285941219
TSS,Sub-Saharan Africa (IDA & IBRD countries),2007,3.28402978386926
TSS,Sub-Saharan Africa (IDA & IBRD countries),2006,3.18978793245319
TSS,Sub-Saharan Africa (IDA & IBRD countries),2005,3.15320798121988
TSS,Sub-Saharan Africa (IDA & IBRD countries),2004,3.82546961125014
TSS,Sub-Saharan Africa (IDA & IBRD countries),2003,1.34921733207113
TSS,Sub-Saharan Africa (IDA & IBRD countries),2002,3.57015818716991
TSS,Sub-Saharan Africa (IDA & IBRD countries),2001,1.46417965889715
TSS,Sub-Saharan Africa (IDA & IBRD countries),2000,0.725239701572804
TSS,Sub-Saharan Africa (IDA & IBRD countries),1999,-0.507649176389435
TSS,Sub-Saharan Africa (IDA & IBRD countries),1998,-0.170290746334558
TSS,Sub-Saharan Africa (IDA & IBRD countries),1997,1.37138826315477
TSS,Sub-Saharan Africa (IDA & IBRD countries),1996,2.36458114137324
TSS,Sub-Saharan Africa (IDA & IBRD countries),1995,0.623089124941686
TSS,Sub-Saharan Africa (IDA & IBRD countries),1994,-1.62288016790949
TSS,Sub-Saharan Africa (IDA & IBRD countries),1993,-3.71646502721354
TSS,Sub-Saharan Africa (IDA & IBRD countries),1992,-3.14265335294327
TSS,Sub-Saharan Africa (IDA & IBRD countries),1991,-2.29381927057534
TSS,Sub-Saharan Africa (IDA & IBRD countries),1990,-0.546781489912576
TSS,Sub-Saharan Africa (IDA & IBRD countries),1989,-0.532200985153139
TSS,Sub-Saharan Africa (IDA & IBRD countries),1988,1.54546723575206
TSS,Sub-Saharan Africa (IDA & IBRD countries),1987,-0.000567696520135996
TSS,Sub-Saharan Africa (IDA & IBRD countries),1986,-1.03064983202145
TSS,Sub-Saharan Africa (IDA & IBRD countries),1985,-0.904516205159013
TSS,Sub-Saharan Africa (IDA & IBRD countries),1984,-0.633620959369523
TSS,Sub-Saharan Africa (IDA & IBRD countries),1983,-5.38532212672554
TSS,Sub-Saharan Africa (IDA & IBRD countries),1982,-4.20370631980343
TSS,Sub-Saharan Africa (IDA & IBRD countries),1981,-3.7382206813873
TSS,Sub-Saharan Africa (IDA & IBRD countries),1980,0.720931069509206
TSS,Sub-Saharan Africa (IDA & IBRD countries),1979,0.856586180203081
TSS,Sub-Saharan Africa (IDA & IBRD countries),1978,-3.0384277143916
TSS,Sub-Saharan Africa (IDA & IBRD countries),1977,-0.0565210387183299
TSS,Sub-Saharan Africa (IDA & IBRD countries),1976,2.24789658099822
TSS,Sub-Saharan Africa (IDA & IBRD countries),1975,-3.00468015364534
TSS,Sub-Saharan Africa (IDA & IBRD countries),1974,4.54067077386978
TSS,Sub-Saharan Africa (IDA & IBRD countries),1973,1.4608882306263
TSS,Sub-Saharan Africa (IDA & IBRD countries),1972,0.227916094976607
TSS,Sub-Saharan Africa (IDA & IBRD countries),1971,4.85071062094534
TSS,Sub-Saharan Africa (IDA & IBRD countries),1970,4.94593539413893
TSS,Sub-Saharan Africa (IDA & IBRD countries),1969,6.13280660753996
TSS,Sub-Saharan Africa (IDA & IBRD countries),1968,0.453170663483576
TSS,Sub-Saharan Africa (IDA & IBRD countries),1967,-3.30287862872798
TSS,Sub-Saharan Africa (IDA & IBRD countries),1966,-0.556076724602178
TSS,Sub-Saharan Africa (IDA & IBRD countries),1965,2.04033006839683
TSS,Sub-Saharan Africa (IDA & IBRD countries),1964,2.35411013056464
TSS,Sub-Saharan Africa (IDA & IBRD countries),1963,3.64016379408558
TSS,Sub-Saharan Africa (IDA & IBRD countries),1962,3.47962226983461
TSS,Sub-Saharan Africa (IDA & IBRD countries),1961,-1.32311000981194
,Upper middle income,2025,3.85087301927436
,Upper middle income,2024,3.87737337600318
,Upper middle income,2023,4.31345051341052
,Upper middle income,2022,3.23353445380006
,Upper middle income,2021,7.11292651598244
,Upper middle income,2020,-1.07465650457317
,Upper middle income,2019,3.51848874215777
,Upper middle income,2018,4.13450320082114
,Upper middle income,2017,4.52293926104565
,Upper middle income,2016,3.74378265254833
,Upper middle income,2015,3.63319170312823
,Upper middle income,2014,4.0438347804169
,Upper middle income,2013,4.67642623030888
,Upper middle income,2012,4.79479361944483
,Upper middle income,2011,5.9280641171385
,Upper middle income,2010,7.55732098825118
,Upper middle income,2009,2.63411800350215
,Upper middle income,2008,5.35801923555452
,Upper middle income,2007,8.44336859379612
,Upper middle income,2006,7.59534286444649
,Upper middle income,2005,6.56745910811492
,Upper middle income,2004,6.88166204140228
,Upper middle income,2003,4.97141498628125
,Upper middle income,2002,3.87526446566318
,Upper middle income,2001,2.43413122916509
,Upper middle income,2000,4.86788810343306
,Upper middle income,1999,2.13195021635109
,Upper middle income,1998,1.74022402818157
,Upper middle income,1997,4.82134824771354
,Upper middle income,1996,4.92697416243661
,Upper middle income,1995,3.20878544887783
,Upper middle income,1994,4.19863452129539
,Upper middle income,1993,4.4320235438494
,Upper middle income,1992,3.00712889383155
,Upper middle income,1991,1.47727790205468
,Upper middle income,1990,1.06019415348521
,Upper middle income,1989,1.24712831374836
,Upper middle income,1988,1.63270469878402
,Upper middle income,1987,3.01730298792631
,Upper middle income,1986,1.84420524369295
,Upper middle income,1985,2.60747964070924
,Upper middle income,1984,3.23205113376919
,Upper middle income,1983,-0.370984708648166
,Upper middle income,1982,1.24434568339042
,Upper middle income,1981,0.194265117968982
,Upper middle income,1980,2.89849055036619
,Upper middle income,1979,3.77873711828296
,Upper middle income,1978,2.01298714798668
,Upper middle income,1977,2.49968746401362
,Upper middle income,1976,4.59312130535783
,Upper middle income,1975,2.49063085212151
,Upper middle income,1974,4.00486926983031
,Upper middle income,1973,5.33073218089871
,Upper middle income,1972,5.0649949228176
,Upper middle income,1971,3.91434985052965
,Upper middle income,1970,5.49887851052844
,Upper middle income,1969,5.48483658507443
,Upper middle income,1968,4.20526510678485
,Upper middle income,1967,1.24447546663113
,Upper middle income,1966,3.43874755505664
,Upper middle income,1965,5.00516806723176
,Upper middle income,1964,5.91913879249799
,Upper middle income,1963,1.92968621238407
,Upper middle income,1962,1.46573523123719
,Upper middle income,1961,-0.126648066592011
WLD,World,2025,1.98760853536297
WLD,World,2024,1.91442962168207
WLD,World,2023,1.91059962837387
WLD,World,2022,2.54679255804791
WLD,World,2021,5.60163318303582
WLD,World,2020,-3.83462307658564
WLD,World,2019,1.61084579114603
WLD,World,2018,2.18116646269766
WLD,World,2017,2.2840083999172
WLD,World,2016,1.59998167249861
WLD,World,2015,1.91380814649979
WLD,World,2014,1.93208205944498
WLD,World,2013,1.63046185927547
WLD,World,2012,1.46205987690962
WLD,World,2011,2.06283093193265
WLD,World,2010,3.25642647375295
WLD,World,2009,-2.56117125930912
WLD,World,2008,0.805663557268105
WLD,World,2007,3.12254724762364
WLD,World,2006,3.16918546984515
WLD,World,2005,2.74475812980714
WLD,World,2004,3.15944562776616
WLD,World,2003,1.7525395943625
WLD,World,2002,0.985885119675174
WLD,World,2001,0.670395205599235
WLD,World,2000,3.15082603447337
WLD,World,1999,2.14131642422612
WLD,World,1998,1.31422265614059
WLD,World,1997,2.48560035870797
WLD,World,1996,2.05400612755047
WLD,World,1995,1.63709987360309
WLD,World,1994,1.84087559569801
WLD,World,1993,0.253836643293909
WLD,World,1992,0.41175563171052
WLD,World,1991,-0.451345199928156
WLD,World,1990,0.933215453331002
WLD,World,1989,1.83750162434431
WLD,World,1988,2.68801111702739
WLD,World,1987,1.9080599868705
WLD,World,1986,1.48548880479589
WLD,World,1985,1.85020706209367
WLD,World,1984,2.9024805278475
WLD,World,1983,0.75109063581165
WLD,World,1982,-1.39202810936608
WLD,World,1981,0.0989214998614756
WLD,World,1980,0.03615910668411
WLD,World,1979,2.31070376473647
WLD,World,1978,2.3266160191495
WLD,World,1977,2.13378546308446
WLD,World,1976,3.34648960240453
WLD,World,1975,-1.0413249738651
WLD,World,1974,0.0421405159205506
WLD,World,1973,4.37213197929192
WLD,World,1972,3.45059788433011
WLD,World,1971,1.94781825124733
WLD,World,1970,1.62832142338797
WLD,World,1969,3.78260922169282
WLD,World,1968,3.79727704996814
WLD,World,1967,1.64196822902645
WLD,World,1966,3.23952504259965
WLD,World,1965,3.47534480704708
WLD,World,1964,4.426260395141
WLD,World,1963,2.81983079750478
WLD,World,1962,3.4763794851645
WLD,World,1961,2.51409787803819
AFG,Afghanistan,2024,-0.975915304703463
AFG,Afghanistan,2023,0.10609280092082
AFG,Afghanistan,2022,-7.57666891152213
AFG,Afghanistan,2021,-22.5844818732987
AFG,Afghanistan,2020,-5.38251464221077
AFG,Afghanistan,2019,0.856294729087764
AFG,Afghanistan,2018,-1.71374269254262
AFG,Afghanistan,2017,-0.195569548342789
AFG,Afghanistan,2016,-0.300121027406746
AFG,Afghanistan,2015,-1.66505744749013
AFG,Afghanistan,2014,-0.939984755736006
AFG,Afghanistan,2013,2.0520682606117
AFG,Afghanistan,2012,8.27936899310519
AFG,Afghanistan,2011,-3.21329500579925
AFG,Afghanistan,2010,11.0550305527288
AFG,Afghanistan,2009,17.0438963216074
AFG,Afghanistan,2008,1.6772791560615
AFG,Afghanistan,2007,11.6923032922081
AFG,Afghanistan,2006,1.13248505528998
AFG,Afghanistan,2005,7.38337728197978
AFG,Afghanistan,2004,-2.14821228495553
AFG,Afghanistan,2003,2.34567163632688
AFG,Afghanistan,2002,22.0201902696299
AFG,Afghanistan,2001,-10.1194841059326
ALB,Albania,2025,5.00582719956736
ALB,Albania,2024,5.55729254637092
ALB,Albania,2023,5.7396783820155
ALB,Albania,2022,6.45698822084806
ALB,Albania,2021,10.6641494274411
ALB,Albania,2020,-1.81016536329729
ALB,Albania,2019,3.64975808463876
ALB,Albania,2018,5.28357949627288
ALB,Albania,2017,4.88935288088643
ALB,Albania,2016,5.52482598081943
ALB,Albania,2015,3.81743447071763
ALB,Albania,2014,3.83017022939833
ALB,Albania,2013,3.28889031489732
ALB,Albania,2012,2.5545386692104
ALB,Albania,2011,2.73953255678821
ALB,Albania,2010,3.48564808644622
ALB,Albania,2009,3.38511539501225
ALB,Albania,2008,7.73056161381389
ALB,Albania,2007,7.30798262922809
ALB,Albania,2006,6.68998139667232
ALB,Albania,2005,5.67025027957055
ALB,Albania,2004,5.70712308403314
ALB,Albania,2003,5.72810598121802
ALB,Albania,2002,4.94262296313663
ALB,Albania,2001,9.89019357107392
ALB,Albania,2000,8.14996793452505
ALB,Albania,1999,12.9639268824224
ALB,Albania,1998,8.99380682261059
ALB,Albania,1997,-11.1576605254893
ALB,Albania,1996,8.00551384353483
ALB,Albania,1995,14.0244959350984
ALB,Albania,1994,8.96976165854495
ALB,Albania,1993,10.2299493392305
ALB,Albania,1992,-6.62255120696442
ALB,Albania,1991,-27.566820834883
ALB,Albania,1990,-11.1879052989609
ALB,Albania,1989,6.92361728508746
ALB,Albania,1988,-3.26252233446826
ALB,Albania,1987,-2.74949637948959
ALB,Albania,1986,3.61465554406625
ALB,Albania,1985,-0.290595348322213
ALB,Albania,1984,-3.30749720231947
ALB,Albania,1983,-1.01680217228541
ALB,Albania,1982,0.79584007109321
ALB,Albania,1981,3.64864854723079
DZA,Algeria,2025,2.45643243285815
DZA,Algeria,2024,2.25996527082104
DZA,Algeria,2023,2.55120301943617
DZA,Algeria,2022,1.96825188100587
DZA,Algeria,2021,2.13263632683078
DZA,Algeria,2020,-6.61247509707083
DZA,Algeria,2019,-0.939992962004737
DZA,Algeria,2018,-0.546019580108478
DZA,Algeria,2017,-0.541667024495979
DZA,Algeria,2016,1.78594064734014
DZA,Algeria,2015,1.09962061859601
DZA,Algeria,2014,2.00005200987388
DZA,Algeria,2013,0.548743629610698
DZA,Algeria,2012,0.379563284418055
DZA,Algeria,2011,1.00399237129356
DZA,Algeria,2010,2.77921908194712
DZA,Algeria,2009,-0.72042057547074
DZA,Algeria,2008,0.652527943948144
DZA,Algeria,2007,1.39346833661227
DZA,Algeria,2006,1.32618894855368
DZA,Algeria,2005,3.86890214242119
DZA,Algeria,2004,3.05086148235007
DZA,Algeria,2003,5.09333212662064
DZA,Algeria,2002,4.00705031536965
DZA,Algeria,2001,1.59517814379704
DZA,Algeria,2000,2.35726435010288
DZA,Algeria,1999,1.77694241787516
DZA,Algeria,1998,3.43950503955708
DZA,Algeria,1997,-0.767068614422456
DZA,Algeria,1996,2.08184989450046
DZA,Algeria,1995,1.67474517206692
DZA,Algeria,1994,-3.0685083752782
DZA,Algeria,1993,-4.42745904751482
DZA,Algeria,1992,-0.649140042449275
DZA,Algeria,1991,-3.52712947648031
DZA,Algeria,1990,-1.66808064996022
DZA,Algeria,1989,1.67998285930979
DZA,Algeria,1988,-3.73441250470079
DZA,Algeria,1987,-3.65704095206092
DZA,Algeria,1986,-2.85296270395477
DZA,Algeria,1985,0.229398496603636
DZA,Algeria,1984,2.05622585528499
DZA,Algeria,1983,1.88412406994871
DZA,Algeria,1982,2.91098891233696
DZA,Algeria,1981,-0.287791268389398
DZA,Algeria,1980,-2.29975786801904
DZA,Algeria,1979,4.32153384386436
DZA,Algeria,1978,6.15192488397878
DZA,Algeria,1977,1.50485663144283
DZA,Algeria,1976,3.56112872678158
DZA,Algeria,1975,1.39325532630959
DZA,Algeria,1974,4.9210705603048
DZA,Algeria,1973,1.39498097018304
DZA,Algeria,1972,24.525779768096
DZA,Algeria,1971,-13.3141204983548
DZA,Algeria,1970,6.43200232891483
DZA,Algeria,1969,5.99242992076996
DZA,Algeria,1968,8.30237960344564
DZA,Algeria,1967,7.02141366831901
DZA,Algeria,1966,-6.49936512383931
DZA,Algeria,1965,4.60801149224909
DZA,Algeria,1964,4.12149478069479
DZA,Algeria,1963,32.28091690407
DZA,Algeria,1962,-20.8548956878044
DZA,Algeria,1961,-15.1207305043075
ASM,American Samoa,2022,3.59327606262792
ASM,American Samoa,2021,0.297884820349225
ASM,American Samoa,2020,5.3517874262504
ASM,American Samoa,2019,0.897584681397618
ASM,American Samoa,2018,4.03850712136055
ASM,American Samoa,2017,-5.79936404816848
ASM,American Samoa,2016,-0.488137584297121
ASM,American Samoa,2015,4.29662336687659
ASM,American Samoa,2014,2.79061243809868
ASM,American Samoa,2013,-1.62801355404956
ASM,American Samoa,2012,-3.62202258510453
ASM,American Samoa,2011,0.606612624100549
ASM,American Samoa,2010,0.84468159199173
ASM,American Samoa,2009,-3.6489098592902
ASM,American Samoa,2008,-2.16041177422564
ASM,American Samoa,2007,2.32559828018989
ASM,American Samoa,2006,-3.68497685539259
ASM,American Samoa,2005,-0.0545952701160815
ASM,American Samoa,2004,0.68022053736145
ASM,American Samoa,2003,1.12678985497159
AND,Andorra,2025,2.65776092136174
AND,Andorra,2024,2.47782130029728
AND,Andorra,2023,1.1232590791063
AND,Andorra,2022,7.72123800096536
AND,Andorra,2021,6.92704485233561
AND,Andorra,2020,-12.2238384935431
AND,Andorra,2019,0.265352820614368
AND,Andorra,2018,-0.30211930399588
AND,Andorra,2017,-1.80605703312767
AND,Andorra,2016,3.69962046811506
AND,Andorra,2015,3.63079793724701
AND,Andorra,2014,4.52989381717444
AND,Andorra,2013,-1.44394540350855
AND,Andorra,2012,-3.80075429834201
AND,Andorra,2011,3.7495175357235
AND,Andorra,2010,1.88988084312282
AND,Andorra,2009,-5.74648545856505
AND,Andorra,2008,-7.38929878788132
AND,Andorra,2007,-1.2896115123411
AND,Andorra,2006,1.95883002800001
AND,Andorra,2005,1.18302768739022
AND,Andorra,2004,1.09540001410325
AND,Andorra,2003,4.03270748560267
AND,Andorra,2002,3.51828473360374
AND,Andorra,2001,7.84516813384302
AND,Andorra,2000,3.56776571144128
AND,Andorra,1999,3.57945484802578
AND,Andorra,1998,2.11836793796665
AND,Andorra,1997,7.86067895733267
AND,Andorra,1996,4.53197827144704
AND,Andorra,1995,3.8829592914651
AND,Andorra,1994,0.259838841219207
AND,Andorra,1993,-5.83663168981438
AND,Andorra,1992,-4.99409016591666
AND,Andorra,1991,-4.81916904530696
AND,Andorra,1990,-0.119515604880633
AND,Andorra,1989,2.33371642842843
AND,Andorra,1988,1.34490703710843
AND,Andorra,1987,1.29670922958218
AND,Andorra,1986,-1.05661369805985
AND,Andorra,1985,-1.30213488514967
AND,Andorra,1984,-2.32782592052799
AND,Andorra,1983,-2.74825922222037
AND,Andorra,1982,-2.91946873272366
AND,Andorra,1981,-3.85913536256933
AND,Andorra,1980,-2.00736097927725
AND,Andorra,1979,-4.53971970772865
AND,Andorra,1978,-3.61402424680732
AND,Andorra,1977,-2.65439397848357
AND,Andorra,1976,-2.53240665067025
AND,Andorra,1975,-5.40568774889164
AND,Andorra,1974,-0.876786144946138
AND,Andorra,1973,0.905266180764357
AND,Andorra,1972,1.01262363185526
AND,Andorra,1971,-2.50058905847796
AGO,Angola,2025,0.0844684076458151
AGO,Angola,2024,1.80585033622316
AGO,Angola,2023,-1.75357049644875
AGO,Angola,2022,0.35327155797566
AGO,Angola,2021,-2.07481613044689
AGO,Angola,2020,-8.31907910122797
AGO,Angola,2019,-4.35122089958229
AGO,Angola,2018,-3.88378811597828
AGO,Angola,2017,-3.63762547583934
AGO,Angola,2016,-3.73813083448252
AGO,Angola,2015,-2.80470818378251
AGO,Angola,2014,0.821220988941135
AGO,Angola,2013,0.921826358320473
AGO,Angola,2012,4.37008778613288
AGO,Angola,2011,-0.356512141669299
AGO,Angola,2010,1.31579076620976
AGO,Angola,2009,-1.80906009330889
AGO,Angola,2008,6.67888592419779
AGO,Angola,2007,8.85163544291423
AGO,Angola,2006,7.79557532887192
AGO,Angola,2005,10.0673593264113
AGO,Angola,2004,7.48604694407922
AGO,Angola,2003,-0.0654379872422197
AGO,Angola,2002,9.85780236283283
AGO,Angola,2001,0.769184669108554
AGO,Angola,2000,-0.302928309017702
AGO,Angola,1999,-1.13079878000084
AGO,Angola,1998,1.24533172766135
AGO,Angola,1997,3.69291015065598
AGO,Angola,1996,9.76893815297632
AGO,Angola,1995,11.2224490335076
AGO,Angola,1994,-1.8930680113733
AGO,Angola,1993,-26.3741958813538
AGO,Angola,1992,-8.87134518935972
AGO,Angola,1991,-2.34465271192013
AGO,Angola,1990,-6.67052697297498
AGO,Angola,1989,-3.31670877387505
AGO,Angola,1988,2.57767901918209
AGO,Angola,1987,0.529253267498845
AGO,Angola,1986,-0.756799921119139
AGO,Angola,1985,-0.238221364131547
AGO,Angola,1984,2.14350685089642
AGO,Angola,1983,0.398925562456355
AGO,Angola,1982,-3.61121699593038
AGO,Angola,1981,-7.819537670774
ATG,Antigua and Barbuda,2025,4.51099369921818
ATG,Antigua and Barbuda,2024,2.04180224398706
ATG,Antigua and Barbuda,2023,3.33568914888815
ATG,Antigua and Barbuda,2022,7.92395469957276
ATG,Antigua and Barbuda,2021,7.58367481372255
ATG,Antigua and Barbuda,2020,-19.2945462845167
ATG,Antigua and Barbuda,2019,2.67761319425004
ATG,Antigua and Barbuda,2018,6.17448976886325
ATG,Antigua and Barbuda,2017,2.1461875762954
ATG,Antigua and Barbuda,2016,3.47228425039911
ATG,Antigua and Barbuda,2015,0.691094824520249
ATG,Antigua and Barbuda,2014,1.39120573166151
ATG,Antigua and Barbuda,2013,-1.50846791062001
ATG,Antigua and Barbuda,2012,2.27378133147778
ATG,Antigua and Barbuda,2011,-3.10800074739414
ATG,Antigua and Barbuda,2010,-9.0794536101368
ATG,Antigua and Barbuda,2009,-13.2817680568047
ATG,Antigua and Barbuda,2008,-1.47076894898352
ATG,Antigua and Barbuda,2007,7.84344693304287
ATG,Antigua and Barbuda,2006,11.3196408319242
ATG,Antigua and Barbuda,2005,5.28070690333209
ATG,Antigua and Barbuda,2004,4.64519467801469
ATG,Antigua and Barbuda,2003,4.91622766558386
ATG,Antigua and Barbuda,2002,-0.235736724833515
ATG,Antigua and Barbuda,2001,-5.99992111346744
ATG,Antigua and Barbuda,2000,4.43708445751554
ATG,Antigua and Barbuda,1999,1.94235195854947
ATG,Antigua and Barbuda,1998,2.76572360104406
ATG,Antigua and Barbuda,1997,3.33223171042644
ATG,Antigua and Barbuda,1996,4.42573962263424
ATG,Antigua and Barbuda,1995,-6.24765118209551
ATG,Antigua and Barbuda,1994,4.67192490428931
ATG,Antigua and Barbuda,1993,3.38094182895334
ATG,Antigua and Barbuda,1992,-0.43883830028318
ATG,Antigua and Barbuda,1991,1.6594153249851
ATG,Antigua and Barbuda,1990,3.43486298151443
ATG,Antigua and Barbuda,1989,5.74760641106589
ATG,Antigua and Barbuda,1988,5.74727601654992
ATG,Antigua and Barbuda,1987,7.17639021932308
ATG,Antigua and Barbuda,1986,12.0400709213822
ATG,Antigua and Barbuda,1985,8.12880918168268
ATG,Antigua and Barbuda,1984,10.2535226083518
ATG,Antigua and Barbuda,1983,5.12204706420198
ATG,Antigua and Barbuda,1982,-0.268580068501166
ATG,Antigua and Barbuda,1981,3.57042439618608
ATG,Antigua and Barbuda,1980,7.76127835512368
ATG,Antigua and Barbuda,1979,7.68260225929458
ATG,Antigua and Barbuda,1978,4.09662815534941
ARG,Argentina,2025,4.01402236988311
ARG,Argentina,2024,-1.68352700528746
ARG,Argentina,2023,-2.13703473540124
ARG,Argentina,2022,5.79747980169367
ARG,Argentina,2021,10.1485599877349
ARG,Argentina,2020,-10.3361096878518
ARG,Argentina,2019,-2.69506723533574
ARG,Argentina,2018,-3.41553683867816
ARG,Argentina,2017,1.91639608148853
ARG,Argentina,2016,-3.02450095578762
ARG,Argentina,2015,1.66091253843923
ARG,Argentina,2014,-3.51326421042003
ARG,Argentina,2013,1.39351266056681
ARG,Argentina,2012,-2.0383253093713
ARG,Argentina,2011,4.88127252804149
ARG,Argentina,2010,8.96819672899282
ARG,Argentina,2009,-6.9103121153056
ARG,Argentina,2008,3.00856892610517
ARG,Argentina,2007,7.93261011269163
ARG,Argentina,2006,6.94185160089025
ARG,Argentina,2005,7.73898107569444
ARG,Argentina,2004,7.92951713016532
ARG,Argentina,2003,7.71839038006088
ARG,Argentina,2002,-11.8423138177008
ARG,Argentina,2001,-5.45263903304014
ARG,Argentina,2000,-1.90684139222867
ARG,Argentina,1999,-4.49306655170841
ARG,Argentina,1998,2.63654066984506
ARG,Argentina,1997,6.80582114293425
ARG,Argentina,1996,4.20805017284493
ARG,Argentina,1995,-4.10993598659498
ARG,Argentina,1994,4.42731162216963
ARG,Argentina,1993,6.75211494763417
ARG,Argentina,1992,6.45332357113911
ARG,Argentina,1991,7.57513507305919
ARG,Argentina,1990,-3.91119229289714
ARG,Argentina,1989,-8.56786939027158
ARG,Argentina,1988,-2.61112478271322
ARG,Argentina,1987,1.1301429501441
ARG,Argentina,1986,4.51505097092362
ARG,Argentina,1985,-6.66838660626058
ARG,Argentina,1984,-0.0338209216825902
ARG,Argentina,1983,2.69083801550656
ARG,Argentina,1982,-2.31535975378387
ARG,Argentina,1981,-6.69655885721481
ARG,Argentina,1980,-0.0856397028385061
ARG,Argentina,1979,8.47665216535873
ARG,Argentina,1978,-6.0207877961285
ARG,Argentina,1977,5.25406554729264
ARG,Argentina,1976,-3.53995334802055
ARG,Argentina,1975,-1.62320618621685
ARG,Argentina,1974,3.81225224716344
ARG,Argentina,1973,1.16290357603461
ARG,Argentina,1972,0.0320089147512164
ARG,Argentina,1971,4.00782333157468
ARG,Argentina,1970,1.45058523570245
ARG,Argentina,1969,8.00868538956887
ARG,Argentina,1968,3.23085080817873
ARG,Argentina,1967,1.62972299154983
ARG,Argentina,1966,-2.16954271817043
ARG,Argentina,1965,8.85345574605236
ARG,Argentina,1964,8.3710623352716
ARG,Argentina,1963,-6.85164319621322
ARG,Argentina,1962,-2.48121195562244
ARG,Argentina,1961,3.69719814247078
ARM,Armenia,2025,5.35238280364143
ARM,Armenia,2024,3.48421625230606
ARM,Armenia,2023,8.47902034166535
ARM,Armenia,2022,12.3383335576379
ARM,Armenia,2021,5.77142760758333
ARM,Armenia,2020,-7.16866452731679
ARM,Armenia,2019,7.83608438672164
ARM,Armenia,2018,5.56850117850011
ARM,Armenia,2017,7.96544606461424
ARM,Armenia,2016,0.611877151180408
ARM,Armenia,2015,3.51599547257022
ARM,Armenia,2014,3.88187670110254
ARM,Armenia,2013,3.37178358702843
ARM,Armenia,2012,7.33470454115984
ARM,Armenia,2011,5.28437530828725
ARM,Armenia,2010,2.91158696816194
ARM,Armenia,2009,-13.5088421403002
ARM,Armenia,2008,7.60294775074826
ARM,Armenia,2007,14.4208244850475
ARM,Armenia,2006,13.8986537041733
ARM,Armenia,2005,14.5697018806234
ARM,Armenia,2004,11.1144901880771
ARM,Armenia,2003,14.6197014940959
ARM,Armenia,2002,13.6245265308361
ARM,Armenia,2001,9.91735475361723
ARM,Armenia,2000,4.13075887426186
ARM,Armenia,1999,4.64095231749397
ARM,Armenia,1998,8.56710543978232
ARM,Armenia,1997,4.35375293195368
ARM,Armenia,1996,6.79679451868454
ARM,Armenia,1995,8.74315812160908
ARM,Armenia,1994,8.17931421395623
ARM,Armenia,1993,-5.66973360505507
ARM,Armenia,1992,-41.1137635319795
ARM,Armenia,1991,-13.2111499901537
ABW,Aruba,2024,6.18175077559285
ABW,Aruba,2023,9.46637557708961
ABW,Aruba,2022,11.0099466413272
ABW,Aruba,2021,15.779443924071
ABW,Aruba,2020,-23.5085810660208
ABW,Aruba,2019,0.955684591453277
ABW,Aruba,2018,3.0485184481057
ABW,Aruba,2017,3.48581549286742
ABW,Aruba,2016,0.469912651203259
ABW,Aruba,2015,2.556217861775
ABW,Aruba,2014,0.351129288189497
ABW,Aruba,2013,4.85525795729174
ABW,Aruba,2012,-2.4846479774957
ABW,Aruba,2011,2.61052505937265
ABW,Aruba,2010,-2.95695264975568
ABW,Aruba,2009,-12.2749362798142
ABW,Aruba,2008,1.06177235220186
ABW,Aruba,2007,2.32267757939195
ABW,Aruba,2006,-0.673257700327071
ABW,Aruba,2005,-2.93082349408309
ABW,Aruba,2004,5.02691151582482
ABW,Aruba,2003,-0.0338394415310148
ABW,Aruba,2002,-1.62809915245946
ABW,Aruba,2001,3.21240568796392
ABW,Aruba,2000,6.51922376579444
ABW,Aruba,1999,-0.12596572599432
ABW,Aruba,1998,-0.487159557964318
ABW,Aruba,1997,2.97839664366641
ABW,Aruba,1996,-2.73386429761131
ABW,Aruba,1995,-0.292643137693034
ABW,Aruba,1994,2.75152351032429
ABW,Aruba,1993,0.49219478038809
ABW,Aruba,1992,1.11185560632529
ABW,Aruba,1991,2.81343465185566
ABW,Aruba,1990,0.134479696268457
ABW,Aruba,1989,10.0669319753621
ABW,Aruba,1988,18.3046873736158
ABW,Aruba,1987,17.5932059495681
AUS,Australia,2025,-0.191544720344581
AUS,Australia,2024,-0.618565861462017
AUS,Australia,2023,1.09251403364293
AUS,Australia,2022,2.91752727950202
AUS,Australia,2021,1.86332687000336
AUS,Australia,2020,-1.35774770320791
AUS,Australia,2019,0.695209563773375
AUS,Australia,2018,1.3466306507712
AUS,Australia,2017,0.62251098729871
AUS,Australia,2016,1.16312811538609
AUS,Australia,2015,0.704511799724457
AUS,Australia,2014,1.08218148890933
AUS,Australia,2013,0.902732553895234
AUS,Australia,2012,2.15339832775771
AUS,Australia,2011,0.981771621515961
AUS,Australia,2010,0.632264496011231
AUS,Australia,2009,-0.124768741461196
AUS,Australia,2008,1.56811983624921
AUS,Australia,2007,1.91249613831002
AUS,Australia,2006,1.39339848998918
AUS,Australia,2005,1.90739095765275
AUS,Australia,2004,3.11057041061613
AUS,Australia,2003,1.91232481392237
AUS,Australia,2002,2.7740361493122
AUS,Australia,2001,0.729781869182801
AUS,Australia,2000,2.73354609011429
AUS,Australia,1999,3.88549898573662
AUS,Australia,1998,3.63864607453812
AUS,Australia,1997,2.79958588575271
AUS,Australia,1996,2.61251726692284
AUS,Australia,1995,2.73953092805972
AUS,Australia,1994,2.98223871616621
AUS,Australia,1993,3.12440890934566
AUS,Australia,1992,-0.685109221290034
AUS,Australia,1991,-1.64629276060377
AUS,Australia,1990,2.05133530941588
AUS,Australia,1989,2.13527239489717
AUS,Australia,1988,4.04503594783567
AUS,Australia,1987,1.00854231476922
AUS,Australia,1986,2.47666322407724
AUS,Australia,1985,3.88854366204454
AUS,Australia,1984,3.3166427647013
AUS,Australia,1983,-3.5547506280931
AUS,Australia,1982,1.55263603794884
AUS,Australia,1981,1.74096259685159
AUS,Australia,1980,1.78622666488002
AUS,Australia,1979,2.93317958655169
AUS,Australia,1978,-0.271138184658298
AUS,Australia,1977,2.43177916273716
AUS,Australia,1976,1.56435628568006
AUS,Australia,1975,0.098681908405382
AUS,Australia,1974,1.50451470944581
AUS,Australia,1973,1.06162772647569
AUS,Australia,1972,2.01446321197041
AUS,Australia,1971,0.544201826656504
AUS,Australia,1970,5.08382058838998
AUS,Australia,1969,4.83035616153123
AUS,Australia,1968,3.25734337802564
AUS,Australia,1967,4.97344570831932
AUS,Australia,1966,0.0699690591845439
AUS,Australia,1965,3.92086428494349
AUS,Australia,1964,4.89875635634509
AUS,Australia,1963,4.19678819635753
AUS,Australia,1962,-1.14543513600115
AUS,Australia,1961,0.461907273703787
AUT,Austria,2025,0.285965556994498
AUT,Austria,2024,-1.15937778694629
AUT,Austria,2023,-1.76308859891033
AUT,Austria,2022,4.32849751156559
AUT,Austria,2021,4.4669658436443
AUT,Austria,2020,-6.70639361073974
AUT,Austria,2019,1.30350317565873
AUT,Austria,2018,1.98626296400239
AUT,Austria,2017,1.56430689663536
AUT,Austria,2016,1.01887723192984
AUT,Austria,2015,0.174259722821304
AUT,Austria,2014,-0.0285805465757676
AUT,Austria,2013,-0.836906795346636
AUT,Austria,2012,0.170488694211613
AUT,Austria,2011,2.5811033185299
AUT,Austria,2010,1.56453337880819
AUT,Austria,2009,-3.83849307623562
AUT,Austria,2008,1.13621131218787
AUT,Austria,2007,3.43938549159965
AUT,Austria,2006,2.75962370061296
AUT,Austria,2005,1.62565909591297
AUT,Austria,2004,1.93089688878541
AUT,Austria,2003,0.650068295894712
AUT,Austria,2002,0.986311683800295
AUT,Austria,2001,0.929888060915275
AUT,Austria,2000,2.94168464206538
AUT,Austria,1999,3.56023814714031
AUT,Austria,1998,3.3793812628262
AUT,Austria,1997,2.03015241563726
AUT,Austria,1996,2.07784870159793
AUT,Austria,1995,2.51091305108029
AUT,Austria,1994,2.00876130503556
AUT,Austria,1993,-0.298753799856229
AUT,Austria,1992,0.976092051303695
AUT,Austria,1991,2.41398616813638
AUT,Austria,1990,3.55354808185622
AUT,Austria,1989,3.42010175394032
AUT,Austria,1988,3.14974642661939
AUT,Austria,1987,1.29304520975597
AUT,Austria,1986,2.23640193792993
AUT,Austria,1985,2.45056602359712
AUT,Austria,1984,0.0575734873694387
AUT,Austria,1983,3.13962788748358
AUT,Austria,1982,1.938121352414
AUT,Austria,1981,-0.398620558135931
AUT,Austria,1980,1.73137769291853
AUT,Austria,1979,5.5364479723966
AUT,Austria,1978,-0.129830444595243
AUT,Austria,1977,5.03964822542808
AUT,Austria,1976,4.76336934989831
AUT,Austria,1975,-0.0990304305082361
AUT,Austria,1974,3.76537315680999
AUT,Austria,1973,4.31090644461429
AUT,Austria,1972,5.59238102009265
AUT,Austria,1971,4.64694258702778
AUT,Austria,1970,6.74943472590654
AUT,Austria,1969,5.90949579938591
AUT,Austria,1968,3.93124144500578
AUT,Austria,1967,2.24100937127145
AUT,Austria,1966,4.90447902203863
AUT,Austria,1965,2.81001241312468
AUT,Austria,1964,5.41933573141662
AUT,Austria,1963,3.4714664070703
AUT,Austria,1962,2.02146916136823
AUT,Austria,1961,4.96071689337595
AZE,Azerbaijan,2025,1.01259270392453
AZE,Azerbaijan,2024,3.65914632279566
AZE,Azerbaijan,2023,1.23267992863603
AZE,Azerbaijan,2022,4.673317967871
AZE,Azerbaijan,2021,5.15148935903709
AZE,Azerbaijan,2020,-4.85235140794201
AZE,Azerbaijan,2019,1.61582943287135
AZE,Azerbaijan,2018,0.62488437469257
AZE,Azerbaijan,2017,-0.824348468311783
AZE,Azerbaijan,2016,-4.14117487259738
AZE,Azerbaijan,2015,-0.147024760133903
AZE,Azerbaijan,2014,1.52243135535144
AZE,Azerbaijan,2013,4.48320316777964
AZE,Azerbaijan,2012,0.85388594737168
AZE,Azerbaijan,2011,-2.84718268648209
AZE,Azerbaijan,2010,3.54945543779385
AZE,Azerbaijan,2009,7.12223856098808
AZE,Azerbaijan,2008,8.29339095519384
AZE,Azerbaijan,2007,24.0486787589595
AZE,Azerbaijan,2006,32.9970665765516
AZE,Azerbaijan,2005,26.6600947700296
AZE,Azerbaijan,2004,8.30153847939059
AZE,Azerbaijan,2003,9.37646036430615
AZE,Azerbaijan,2002,8.62535106573642
AZE,Azerbaijan,2001,9.05182203818752
AZE,Azerbaijan,2000,10.1910292674816
AZE,Azerbaijan,1999,6.46158407611676
AZE,Azerbaijan,1998,8.96088676293809
AZE,Azerbaijan,1997,4.78428235238688
AZE,Azerbaijan,1996,0.280213889570334
AZE,Azerbaijan,1995,-12.8134294386306
AZE,Azerbaijan,1994,-20.7755585486808
AZE,Azerbaijan,1993,-24.2568641648081
AZE,Azerbaijan,1992,-23.7612021557258
AZE,Azerbaijan,1991,-2.01238310352751
BHS,"Bahamas, The",2024,2.90387123462988
BHS,"Bahamas, The",2023,2.55756046187126
BHS,"Bahamas, The",2022,10.5529690990486
BHS,"Bahamas, The",2021,17.434844816468
BHS,"Bahamas, The",2020,-20.3291813559269
BHS,"Bahamas, The",2019,-1.33052999956263
BHS,"Bahamas, The",2018,1.8159781736959
BHS,"Bahamas, The",2017,2.728115494957
BHS,"Bahamas, The",2016,-1.84653148444181
BHS,"Bahamas, The",2015,0.198544914739557
BHS,"Bahamas, The",2014,0.955837779605616
BHS,"Bahamas, The",2013,-3.756252482479
BHS,"Bahamas, The",2012,3.47892776270808
BHS,"Bahamas, The",2011,-0.537416355238307
BHS,"Bahamas, The",2010,0.248837037553542
BHS,"Bahamas, The",2009,-5.41414044702256
BHS,"Bahamas, The",2008,-3.62901783567871
BHS,"Bahamas, The",2007,0.0223161568588637
BHS,"Bahamas, The",2006,1.197964733166
BHS,"Bahamas, The",2005,2.1597593545269
BHS,"Bahamas, The",2004,-0.353931310699963
BHS,"Bahamas, The",2003,-2.44284894921039
BHS,"Bahamas, The",2002,1.5348629318823
BHS,"Bahamas, The",2001,1.37353399953901
BHS,"Bahamas, The",2000,2.79090551843051
BHS,"Bahamas, The",1999,5.72071861955573
BHS,"Bahamas, The",1998,3.23454357427582
BHS,"Bahamas, The",1997,-0.222584467419338
BHS,"Bahamas, The",1996,2.5876999442699
BHS,"Bahamas, The",1995,2.66415684647076
BHS,"Bahamas, The",1994,1.3503874431031
BHS,"Bahamas, The",1993,-1.55554108245764
BHS,"Bahamas, The",1992,-5.57330907482256
BHS,"Bahamas, The",1991,-5.81532737138369
BHS,"Bahamas, The",1990,-3.29619175946311
BHS,"Bahamas, The",1989,4.86574711954306
BHS,"Bahamas, The",1988,0.576822781492382
BHS,"Bahamas, The",1987,1.25497231137513
BHS,"Bahamas, The",1986,0.0649144081291979
BHS,"Bahamas, The",1985,3.05230906313199
BHS,"Bahamas, The",1984,12.2603670641799
BHS,"Bahamas, The",1983,1.86802114455067
BHS,"Bahamas, The",1982,4.92512069760862
BHS,"Bahamas, The",1981,-10.7947081234762
BHS,"Bahamas, The",1980,4.52774396336473
BHS,"Bahamas, The",1979,23.6693465364009
BHS,"Bahamas, The",1978,11.8302166080684
BHS,"Bahamas, The",1977,6.83592798874075
BHS,"Bahamas, The",1976,2.92212033284149
BHS,"Bahamas, The",1975,-16.6476256741461
BHS,"Bahamas, The",1974,-18.5992072340605
BHS,"Bahamas, The",1973,5.03040328662334
BHS,"Bahamas, The",1972,-6.05590801214298
BHS,"Bahamas, The",1971,-1.50177965770737
BHS,"Bahamas, The",1970,-9.22052020394058
BHS,"Bahamas, The",1969,4.14921820208349
BHS,"Bahamas, The",1968,3.43569724018798
BHS,"Bahamas, The",1967,4.60474580689618
BHS,"Bahamas, The",1966,4.19702466554497
BHS,"Bahamas, The",1965,5.6309736668166
BHS,"Bahamas, The",1964,5.47259346808362
BHS,"Bahamas, The",1963,5.12904592754285
BHS,"Bahamas, The",1962,5.03996022525013
BHS,"Bahamas, The",1961,5.34190503045808
BHR,Bahrain,2025,2.72509987815381
BHR,Bahrain,2024,2.14506863901964
BHR,Bahrain,2023,0.42885937985659
BHR,Bahrain,2022,4.76451212539493
BHR,Bahrain,2021,2.11919822497499
BHR,Bahrain,2020,-5.17307400932464
BHR,Bahrain,2019,3.38274086937953
BHR,Bahrain,2018,1.91849572888873
BHR,Bahrain,2017,-0.457057166110175
BHR,Bahrain,2016,-0.0791098754103388
BHR,Bahrain,2015,-1.66329278716239
BHR,Bahrain,2014,-0.560855463138182
BHR,Bahrain,2013,1.5766868455926
BHR,Bahrain,2012,2.60578123430011
BHR,Bahrain,2011,4.78747209697194
BHR,Bahrain,2010,0.0771669589062469
BHR,Bahrain,2009,-3.97919772562874
BHR,Bahrain,2008,0.0637144631576234
BHR,Bahrain,2007,0.0756469326690166
BHR,Bahrain,2006,-1.47038032480991
BHR,Bahrain,2005,-1.04880316974081
BHR,Bahrain,2004,-0.710582645687865
BHR,Bahrain,2003,-1.20657192911173
BHR,Bahrain,2002,-3.81287513307996
BHR,Bahrain,2001,-1.18735356761402
BHR,Bahrain,2000,2.55964691370853
BHR,Bahrain,1999,1.58798229607446
BHR,Bahrain,1998,2.06527153677192
BHR,Bahrain,1997,0.411529525314464
BHR,Bahrain,1996,1.40416077716732
BHR,Bahrain,1995,1.2311327478419
BHR,Bahrain,1994,-2.84120790487738
BHR,Bahrain,1993,9.93939920516908
BHR,Bahrain,1992,3.92058393511722
BHR,Bahrain,1991,13.8269392087557
BHR,Bahrain,1990,0.893819936325329
BHR,Bahrain,1989,-3.14702885262435
BHR,Bahrain,1988,3.19312676440913
BHR,Bahrain,1987,6.44724314575416
BHR,Bahrain,1986,-2.42823907607398
BHR,Bahrain,1985,-8.12303760275989
BHR,Bahrain,1984,1.34961001401166
BHR,Bahrain,1983,2.73304290430794
BHR,Bahrain,1982,-10.7713482626281
BHR,Bahrain,1981,-9.00391241881118
BHR,Bahrain,1980,-1.85494661016521
BHR,Bahrain,1979,-1.17342345830538
BHR,Bahrain,1978,-0.957468007430705
BHR,Bahrain,1977,7.61285509034586
BHR,Bahrain,1976,24.0721335465394
BHR,Bahrain,1975,-13.4068775816101
BHR,Bahrain,1974,2.94132346845394
BHR,Bahrain,1973,8.0310734621964
BHR,Bahrain,1972,5.85135349848397
BHR,Bahrain,1971,-1.00158981075438
BGD,Bangladesh,2025,2.23843076756387
BGD,Bangladesh,2024,2.96499837954917
BGD,Bangladesh,2023,4.4907040939439
BGD,Bangladesh,2022,6.00847462887278
BGD,Bangladesh,2021,6.07069417020969
BGD,Bangladesh,2020,2.58647816564581
BGD,Bangladesh,2019,6.97264399779152
BGD,Bangladesh,2018,6.44197494702485
BGD,Bangladesh,2017,5.68710307010265
BGD,Bangladesh,2016,6.16181560014782
BGD,Bangladesh,2015,5.60449539732434
BGD,Bangladesh,2014,5.09905460197942
BGD,Bangladesh,2013,5.02341839695075
BGD,Bangladesh,2012,5.50548020192592
BGD,Bangladesh,2011,5.501503282369
BGD,Bangladesh,2010,4.65046297355514
BGD,Bangladesh,2009,4.07076421640669
BGD,Bangladesh,2008,4.96057170242533
BGD,Bangladesh,2007,5.91320275589507
BGD,Bangladesh,2006,5.44042881455881
BGD,Bangladesh,2005,5.20131368672413
BGD,Bangladesh,2004,3.81635685042457
BGD,Bangladesh,2003,3.22632477639362
BGD,Bangladesh,2002,2.24286058481829
BGD,Bangladesh,2001,3.34027882244948
BGD,Bangladesh,2000,3.38671358983686
BGD,Bangladesh,1999,2.70069249240193
BGD,Bangladesh,1998,3.20995244419584
BGD,Bangladesh,1997,2.57102378007102
BGD,Bangladesh,1996,2.62954460746047
BGD,Bangladesh,1995,3.18589383291992
BGD,Bangladesh,1994,1.98156571211732
BGD,Bangladesh,1993,2.7790785666494
BGD,Bangladesh,1992,3.47383819956345
BGD,Bangladesh,1991,1.52679628840617
BGD,Bangladesh,1990,3.54080541439843
BGD,Bangladesh,1989,0.752490665566441
BGD,Bangladesh,1988,0.260566560580443
BGD,Bangladesh,1987,1.4749596769563
BGD,Bangladesh,1986,1.75594933819035
BGD,Bangladesh,1985,0.828029751172664
BGD,Bangladesh,1984,2.14633009039818
BGD,Bangladesh,1983,1.13444624118337
BGD,Bangladesh,1982,-0.629252594549101
BGD,Bangladesh,1981,4.51854466481316
BGD,Bangladesh,1980,-1.56496896529997
BGD,Bangladesh,1979,2.30715778158729
BGD,Bangladesh,1978,4.49252820443358
BGD,Bangladesh,1977,0.149792973513058
BGD,Bangladesh,1976,3.01376173963934
BGD,Bangladesh,1975,-6.57057421501683
BGD,Bangladesh,1974,6.5326988625076
BGD,Bangladesh,1973,0.409364379671672
BGD,Bangladesh,1972,-15.6125172381123
BGD,Bangladesh,1971,-7.11748025644755
BGD,Bangladesh,1970,2.92079667006378
BGD,Bangladesh,1969,-1.61576476400852
BGD,Bangladesh,1968,6.313411168743
BGD,Bangladesh,1967,-4.72039172988215
BGD,Bangladesh,1966,-0.372470692121908
BGD,Bangladesh,1965,-1.31822516540159
BGD,Bangladesh,1964,7.76033319575897
BGD,Bangladesh,1963,-3.31559302385679
BGD,Bangladesh,1962,2.43477384125657
BGD,Bangladesh,1961,3.11041971905573
BRB,Barbados,2025,2.64331268678124
BRB,Barbados,2024,3.31901066583377
BRB,Barbados,2023,1.80770713344864
BRB,Barbados,2022,15.875092547021
BRB,Barbados,2021,7.84797752187261
BRB,Barbados,2020,-17.5498930398064
BRB,Barbados,2019,0.0642920087754248
BRB,Barbados,2018,-0.443969056511889
BRB,Barbados,2017,0.448798759502438
BRB,Barbados,2016,1.19578953850676
BRB,Barbados,2015,-1.00095793249055
BRB,Barbados,2014,0.559968073840309
BRB,Barbados,2013,-0.0670156985556787
BRB,Barbados,2012,-3.13823714957955
BRB,Barbados,2011,-0.398444637384998
BRB,Barbados,2010,-8.4547528569926
BRB,Barbados,2009,-5.50548934989462
BRB,Barbados,2008,0.107255997096644
BRB,Barbados,2007,1.59529257370816
BRB,Barbados,2006,5.56141194035619
BRB,Barbados,2005,3.41073802053506
BRB,Barbados,2004,0.834158257525331
BRB,Barbados,2003,1.54960929677372
BRB,Barbados,2002,0.129979696257749
BRB,Barbados,2001,-2.50014530996479
BRB,Barbados,2000,4.62813462345788
BRB,Barbados,1999,0.303697764045239
BRB,Barbados,1998,3.71107309137055
BRB,Barbados,1997,4.69699278396935
BRB,Barbados,1996,3.87935130812093
BRB,Barbados,1995,1.85087808025122
BRB,Barbados,1994,1.77955972284978
BRB,Barbados,1993,0.499602142580684
BRB,Barbados,1992,-6.01646078213255
BRB,Barbados,1991,-4.1929800229244
BRB,Barbados,1990,-3.48446373308893
BRB,Barbados,1989,3.46112223905372
BRB,Barbados,1988,3.31103086007293
BRB,Barbados,1987,2.3273907799562
BRB,Barbados,1986,4.77732628524356
BRB,Barbados,1985,0.742566225121564
BRB,Barbados,1984,3.22323163924467
BRB,Barbados,1983,0.146322174140167
BRB,Barbados,1982,-5.2109277138603
BRB,Barbados,1981,-2.18984863095606
BRB,Barbados,1980,4.26724933727161
BRB,Barbados,1979,8.01409681058935
BRB,Barbados,1978,4.90820839954573
BRB,Barbados,1977,3.56641801799663
BRB,Barbados,1976,4.2493935001899
BRB,Barbados,1975,-2.05544461307403
BRB,Barbados,1974,-4.82383903230431
BRB,Barbados,1973,1.07188575702379
BRB,Barbados,1972,1.07503210758013
BRB,Barbados,1971,4.00405393540977
BRB,Barbados,1970,9.53443250762993
BRB,Barbados,1969,7.12875165425311
BRB,Barbados,1968,6.29846203410811
BRB,Barbados,1967,9.69809022366535
BRB,Barbados,1966,2.90855869677198
BRB,Barbados,1965,10.3044843174269
BRB,Barbados,1964,3.95420560983612
BRB,Barbados,1963,-6.01062700790673
BRB,Barbados,1962,8.09822870233732
BRB,Barbados,1961,6.65489240850489
BLR,Belarus,2025,1.819968531776
BLR,Belarus,2024,4.87181326291299
BLR,Belarus,2023,4.69120797390816
BLR,Belarus,2022,-3.88854008026519
BLR,Belarus,2021,3.29081749370279
BLR,Belarus,2020,-0.251224685296094
BLR,Belarus,2019,1.6513675093432
BLR,Belarus,2018,3.36999150781449
BLR,Belarus,2017,2.64480751685403
BLR,Belarus,2016,-2.61191381567238
BLR,Belarus,2015,-3.9572512636508
BLR,Belarus,2014,1.59406202466224
BLR,Belarus,2013,1.03749004802856
BLR,Belarus,2012,1.86726973670382
BLR,Belarus,2011,5.7975501732946
BLR,Belarus,2010,7.98573283435519
BLR,Belarus,2009,0.446705717445226
BLR,Belarus,2008,10.581305038428
BLR,Belarus,2007,9.09946004068696
BLR,Belarus,2006,10.6755867171242
BLR,Belarus,2005,10.1497671646981
BLR,Belarus,2004,12.2126184264071
BLR,Belarus,2003,7.79491781867831
BLR,Belarus,2002,5.71608251433059
BLR,Belarus,2001,5.26389218814623
BLR,Belarus,2000,6.29963628199231
BLR,Belarus,1999,3.86637869492188
BLR,Belarus,1998,8.88936445502398
BLR,Belarus,1997,11.8639521970984
BLR,Belarus,1996,3.14668598096435
BLR,Belarus,1995,-10.1088526843034
BLR,Belarus,1994,-11.5955750793052
BLR,Belarus,1993,-7.80377013813873
BLR,Belarus,1992,-9.79838350074243
BLR,Belarus,1991,-1.24556719322608
BEL,Belgium,2025,0.279800186935191
BEL,Belgium,2024,0.427122650657566
BEL,Belgium,2023,0.701377653356133
BEL,Belgium,2022,3.18730563990106
BEL,Belgium,2021,5.8180102265206
BEL,Belgium,2020,-5.20244011003201
BEL,Belgium,2019,1.89071932044187
BEL,Belgium,2018,1.41528937457539
BEL,Belgium,2017,1.08431151262542
BEL,Belgium,2016,0.682454832714654
BEL,Belgium,2015,0.887876358046185
BEL,Belgium,2014,1.31477462306464
BEL,Belgium,2013,-0.166173060728624
BEL,Belgium,2012,-0.403775116080638
BEL,Belgium,2011,0.613616927857308
BEL,Belgium,2010,1.77618341639121
BEL,Belgium,2009,-2.69253471722568
BEL,Belgium,2008,-0.343476136908251
BEL,Belgium,2007,2.91838151983706
BEL,Belgium,2006,1.87817418916214
BEL,Belgium,2005,1.76045646457337
BEL,Belgium,2004,3.1239312841995
BEL,Belgium,2003,0.615852527269695
BEL,Belgium,2002,1.25199428184297
BEL,Belgium,2001,0.752467698420773
BEL,Belgium,2000,3.46547823151502
BEL,Belgium,1999,3.30568109675036
BEL,Belgium,1998,1.74434797656973
BEL,Belgium,1997,3.54280305613241
BEL,Belgium,1996,1.12365026891848
BEL,Belgium,1995,2.17055024299408
BEL,Belgium,1994,2.90931869867012
BEL,Belgium,1993,-1.34799947777529
BEL,Belgium,1992,1.11956566849732
BEL,Belgium,1991,1.45537186156888
BEL,Belgium,1990,2.8302678771237
BEL,Belgium,1989,3.09399911803459
BEL,Belgium,1988,4.39079485847489
BEL,Belgium,1987,2.21947823908795
BEL,Belgium,1986,1.78646985792142
BEL,Belgium,1985,1.62151904693751
BEL,Belgium,1984,2.46792120866535
BEL,Belgium,1983,0.319812571005968
BEL,Belgium,1982,0.622329065147227
BEL,Belgium,1981,-0.276653761516926
BEL,Belgium,1980,4.32900829107655
BEL,Belgium,1979,2.24912760560818
BEL,Belgium,1978,2.74599011598598
BEL,Belgium,1977,0.501978435124244
BEL,Belgium,1976,5.46414014877136
BEL,Belgium,1975,-2.24882996195586
BEL,Belgium,1974,4.23677802982603
BEL,Belgium,1973,6.04748854154225
BEL,Belgium,1972,4.88408816782433
BEL,Belgium,1971,3.79648865623842
BEL,Belgium,1970,6.2478456902402
BEL,Belgium,1969,6.32828394205053
BEL,Belgium,1968,3.78504417250348
BEL,Belgium,1967,3.29157601694416
BEL,Belgium,1966,2.46146236126535
BEL,Belgium,1965,2.62444500497776
BEL,Belgium,1964,5.94913962516399
BEL,Belgium,1963,3.57435365102342
BEL,Belgium,1962,4.79403417171878
BEL,Belgium,1961,4.63025697348969
BLZ,Belize,2025,1.32658870222943
BLZ,Belize,2024,2.02408347328358
BLZ,Belize,2023,-1.54675916595728
BLZ,Belize,2022,7.24662103489808
BLZ,Belize,2021,16.6367646067625
BLZ,Belize,2020,-14.6255152617956
BLZ,Belize,2019,2.74257530356437
BLZ,Belize,2018,-1.04044004654376
BLZ,Belize,2017,-4.06828153670182
BLZ,Belize,2016,-2.31386521552362
BLZ,Belize,2015,0.623344723744751
BLZ,Belize,2014,1.71986752597024
BLZ,Belize,2013,1.86924052413502
BLZ,Belize,2012,1.73206971753382
BLZ,Belize,2011,-2.28218512422295
BLZ,Belize,2010,-0.999227091889964
BLZ,Belize,2009,-3.07491344525414
BLZ,Belize,2008,-4.29751566746636
BLZ,Belize,2007,0.469905572241231
BLZ,Belize,2006,1.55376134075311
BLZ,Belize,2005,-0.719879317857163
BLZ,Belize,2004,1.73082295725253
BLZ,Belize,2003,6.43447208603128
BLZ,Belize,2002,2.25779720240918
BLZ,Belize,2001,1.78938135201594
BLZ,Belize,2000,8.63286312471467
BLZ,Belize,1999,5.72065023666906
BLZ,Belize,1998,0.327844039583852
BLZ,Belize,1997,0.813912719992345
BLZ,Belize,1996,-1.85800125948006
BLZ,Belize,1995,-1.75976504320663
BLZ,Belize,1994,-2.12657838875785
BLZ,Belize,1993,4.00371351909538
BLZ,Belize,1992,10.4086919637307
BLZ,Belize,1991,9.40974058942497
BLZ,Belize,1990,8.92908092614448
BLZ,Belize,1989,10.5330297874368
BLZ,Belize,1988,7.38062987711756
BLZ,Belize,1987,8.28155427142181
BLZ,Belize,1986,2.20253142884201
BLZ,Belize,1985,-1.30728393908063
BLZ,Belize,1984,-0.411300256333874
BLZ,Belize,1983,-4.49456516300411
BLZ,Belize,1982,-2.57020069390337
BLZ,Belize,1981,-1.39799187421009
BLZ,Belize,1980,9.49348189473658
BLZ,Belize,1979,5.26693343794875
BLZ,Belize,1978,5.72213652901029
BLZ,Belize,1977,4.31159874677208
BLZ,Belize,1976,-2.07090877900737
BLZ,Belize,1975,1.84332941732113
BLZ,Belize,1974,12.0185070842507
BLZ,Belize,1973,3.87799240415742
BLZ,Belize,1972,8.56426893311841
BLZ,Belize,1971,2.20794823562061
BLZ,Belize,1970,2.46736787927455
BLZ,Belize,1969,2.14391360170669
BLZ,Belize,1968,4.14657371261259
BLZ,Belize,1967,1.73948048913384
BLZ,Belize,1966,1.63372027186317
BLZ,Belize,1965,1.85104139469397
BLZ,Belize,1964,2.003957924091
BLZ,Belize,1963,2.12580899656064
BLZ,Belize,1962,2.26056117997575
BLZ,Belize,1961,2.29999307935888
BEN,Benin,2025,5.5081087133525
BEN,Benin,2024,4.84017869082697
BEN,Benin,2023,3.70332512754182
BEN,Benin,2022,3.58043408047179
BEN,Benin,2021,4.41335435119757
BEN,Benin,2020,1.12020264806804
BEN,Benin,2019,3.98211326561793
BEN,Benin,2018,3.73701554279164
BEN,Benin,2017,2.67041720047298
BEN,Benin,2016,0.361166139903119
BEN,Benin,2015,-1.18432043750336
BEN,Benin,2014,3.26077217060734
BEN,Benin,2013,4.076668026964
BEN,Benin,2012,1.74647753021327
BEN,Benin,2011,-0.0571230167535077
BEN,Benin,2010,-0.888244805144353
BEN,Benin,2009,-0.703743155603306
BEN,Benin,2008,1.77647069609412
BEN,Benin,2007,2.9001757042866
BEN,Benin,2006,0.750089697773319
BEN,Benin,2005,-1.51043339492205
BEN,Benin,2004,1.28077994352564
BEN,Benin,2003,0.336976510869505
BEN,Benin,2002,1.50964025698303
BEN,Benin,2001,2.16452439056758
BEN,Benin,2000,2.65043149973154
BEN,Benin,1999,2.1324003787548
BEN,Benin,1998,0.80483062510794
BEN,Benin,1997,2.65891588399134
BEN,Benin,1996,1.62986021443862
BEN,Benin,1995,3.82668355558341
BEN,Benin,1994,-1.72472268031545
BEN,Benin,1993,1.24312443544126
BEN,Benin,1992,-0.174577693605642
BEN,Benin,1991,1.05989406490245
BEN,Benin,1990,5.67842480823693
BEN,Benin,1989,-5.78117364233306
BEN,Benin,1988,0.30652753344971
BEN,Benin,1987,-4.42457315499306
BEN,Benin,1986,-0.831611571775994
BEN,Benin,1985,4.39975049700094
BEN,Benin,1984,4.82079328816913
BEN,Benin,1983,-7.08354719040462
BEN,Benin,1982,-0.674353710936487
BEN,Benin,1981,6.87596456703679
BEN,Benin,1980,3.87849215726132
BEN,Benin,1979,3.7395567852373
BEN,Benin,1978,-1.33472073423174
BEN,Benin,1977,2.34673007253691
BEN,Benin,1976,-1.59445639492239
BEN,Benin,1975,-7.18018223829337
BEN,Benin,1974,0.907300354118718
BEN,Benin,1973,1.30726050101147
BEN,Benin,1972,4.01165780455808
BEN,Benin,1971,-3.68732525193842
BEN,Benin,1970,-0.128531727614345
BEN,Benin,1969,0.682677457774645
BEN,Benin,1968,1.67436552121521
BEN,Benin,1967,-0.986093720140261
BEN,Benin,1966,1.50086168721739
BEN,Benin,1965,3.2347817246031
BEN,Benin,1964,4.63548010020787
BEN,Benin,1963,2.82528075783458
BEN,Benin,1962,-5.11105170438546
BEN,Benin,1961,1.45114408357531
BMU,Bermuda,2024,1.98596161949381
BMU,Bermuda,2023,4.41671735689361
BMU,Bermuda,2022,6.09120821281877
BMU,Bermuda,2021,4.3339140849598
BMU,Bermuda,2020,-7.36898527070605
BMU,Bermuda,2019,-0.124745932153232
BMU,Bermuda,2018,-0.827444988688441
BMU,Bermuda,2017,3.40119187834931
BMU,Bermuda,2016,-0.633720640096868
BMU,Bermuda,2015,0.878744268938576
BMU,Bermuda,2014,-3.63285540773872
BMU,Bermuda,2013,-0.166771480196203
BMU,Bermuda,2012,-5.17585752397146
BMU,Bermuda,2011,-3.75482688131365
BMU,Bermuda,2010,-2.74767294578886
BMU,Bermuda,2009,-6.02013631834608
BMU,Bermuda,2008,-2.31554307454078
BMU,Bermuda,2007,3.05647529695661
BMU,Bermuda,2006,5.33726015507226
BMU,Bermuda,2005,1.4212811702547
BMU,Bermuda,2004,2.04483377809146
BMU,Bermuda,2003,3.00625355551543
BMU,Bermuda,2002,-1.91378569899915
BMU,Bermuda,2001,6.67303905692422
BMU,Bermuda,2000,8.56055025926008
BMU,Bermuda,1999,2.56233774996586
BMU,Bermuda,1998,3.10840062782201
BMU,Bermuda,1997,3.96729398940536
BMU,Bermuda,1996,2.10816879918625
BMU,Bermuda,1995,3.81687306796867
BMU,Bermuda,1994,-0.042793868031282
BMU,Bermuda,1993,2.2922568686562
BMU,Bermuda,1992,-0.783533833664436
BMU,Bermuda,1991,-4.24143727520426
BMU,Bermuda,1990,-0.727990781411421
BMU,Bermuda,1989,-0.312179174586618
BMU,Bermuda,1988,3.25973110527164
BMU,Bermuda,1987,3.05667377226135
BMU,Bermuda,1986,6.01394430785905
BMU,Bermuda,1985,-2.67035531914217
BMU,Bermuda,1984,-0.23256408613058
BMU,Bermuda,1983,1.28264780416285
BMU,Bermuda,1982,-5.96459459057529
BMU,Bermuda,1981,1.76663252896176
BMU,Bermuda,1980,7.63018738277752
BMU,Bermuda,1979,1.98382302727114
BMU,Bermuda,1978,1.24581939624842
BMU,Bermuda,1977,5.67500401139121
BMU,Bermuda,1976,8.77271355263606
BMU,Bermuda,1975,3.62553710416722
BMU,Bermuda,1974,0.668046202643495
BMU,Bermuda,1973,1.20958580422221
BMU,Bermuda,1972,1.43476923988881
BMU,Bermuda,1971,2.48781057867869
BMU,Bermuda,1970,4.6438966830252
BMU,Bermuda,1969,1.61793205509613
BMU,Bermuda,1968,0.302356940952734
BMU,Bermuda,1967,11.0330569236983
BMU,Bermuda,1966,11.8352607237812
BMU,Bermuda,1965,2.44014244791484
BMU,Bermuda,1964,8.54831716087978
BMU,Bermuda,1963,-1.38430238750236
BMU,Bermuda,1962,1.83457609967974
BMU,Bermuda,1961,2.45886043672175
BTN,Bhutan,2025,7.30576455805061
BTN,Bhutan,2024,6.80062352055369
BTN,Bhutan,2023,3.90421520589868
BTN,Bhutan,2022,4.47661599603487
BTN,Bhutan,2021,3.68935319221934
BTN,Bhutan,2020,-10.8226112381065
BTN,Bhutan,2019,5.05479153201512
BTN,Bhutan,2018,2.76296102776938
BTN,Bhutan,2017,1.21137239128886
BTN,Bhutan,2016,7.42464056841786
BTN,Bhutan,2015,5.58370603464722
BTN,Bhutan,2014,4.74506543590765
BTN,Bhutan,2013,0.614996700864396
BTN,Bhutan,2012,4.006257825918
BTN,Bhutan,2011,7.30476940871061
BTN,Bhutan,2010,10.7124208428696
BTN,Bhutan,2009,6.48266406090858
BTN,Bhutan,2008,3.35523609267926
BTN,Bhutan,2007,14.7631409986349
BTN,Bhutan,2006,4.23383383576189
BTN,Bhutan,2005,5.10597951676202
BTN,Bhutan,2004,3.07510668161098
BTN,Bhutan,2003,5.5461872466835
BTN,Bhutan,2002,8.03559524029754
BTN,Bhutan,2001,4.8804269584859
BTN,Bhutan,2000,0.881596585426465
BTN,Bhutan,1999,5.54766474341531
BTN,Bhutan,1998,3.91677951253379
BTN,Bhutan,1997,3.5041831485531
BTN,Bhutan,1996,5.41224511341356
BTN,Bhutan,1995,8.34574582313611
BTN,Bhutan,1994,4.98481583399588
BTN,Bhutan,1993,6.23389087430508
BTN,Bhutan,1992,8.5856077926902
BTN,Bhutan,1991,-2.15086741379645
BTN,Bhutan,1990,7.44206315606186
BTN,Bhutan,1989,4.24861837427115
BTN,Bhutan,1988,1.67712807389364
BTN,Bhutan,1987,25.1788050049129
BTN,Bhutan,1986,8.00745745286568
BTN,Bhutan,1985,0.834782225993933
BTN,Bhutan,1984,1.30528264426644
BTN,Bhutan,1983,6.96747037877745
BTN,Bhutan,1982,0.163366515154365
BTN,Bhutan,1981,11.4123542413704
BTN,Bhutan,1980,1.56727256680405
BTN,Bhutan,1979,1.30201808422963
BTN,Bhutan,1978,3.53027693727199
BTN,Bhutan,1977,4.27852758482614
BTN,Bhutan,1976,5.29903163061701
BTN,Bhutan,1975,-6.54626151284373
BTN,Bhutan,1974,1.63859307448013
BTN,Bhutan,1973,-1.93024131443221
BTN,Bhutan,1972,-2.22239038601879
BTN,Bhutan,1971,-0.759182925944728
BOL,Bolivia,2025,-2.90063448441337
BOL,Bolivia,2024,-2.47074604396363
BOL,Bolivia,2023,1.11808728662825
BOL,Bolivia,2022,2.54653335522636
BOL,Bolivia,2021,8.91320528866063
BOL,Bolivia,2020,-13.7898619967426
BOL,Bolivia,2019,0.0889440250061426
BOL,Bolivia,2018,1.40411994190022
BOL,Bolivia,2017,2.6837284349174
BOL,Bolivia,2016,2.72220716291487
BOL,Bolivia,2015,3.27865156316338
BOL,Bolivia,2014,3.84418415353171
BOL,Bolivia,2013,5.12847091137223
BOL,Bolivia,2012,3.45406363162328
BOL,Bolivia,2011,3.51064972680194
BOL,Bolivia,2010,2.42845712945092
BOL,Bolivia,2009,1.65007711976043
BOL,Bolivia,2008,4.37162981176147
BOL,Bolivia,2007,2.79100340272169
BOL,Bolivia,2006,3.02573623361984
BOL,Bolivia,2005,2.67600660486002
BOL,Bolivia,2004,2.43501168548734
BOL,Bolivia,2003,1.00515836386165
BOL,Bolivia,2002,0.785766518369655
BOL,Bolivia,2001,-0.0171004400534258
BOL,Bolivia,2000,0.762647496539714
BOL,Bolivia,1999,-1.31118061777946
BOL,Bolivia,1998,3.19121970043321
BOL,Bolivia,1997,3.07606049924196
BOL,Bolivia,1996,2.44811783258328
BOL,Bolivia,1995,2.71949597329531
BOL,Bolivia,1994,2.66087165952555
BOL,Bolivia,1993,2.22139750906945
BOL,Bolivia,1992,-0.406134679730869
BOL,Bolivia,1991,3.09553408586112
BOL,Bolivia,1990,2.45834978447405
BOL,Bolivia,1989,1.61587634304188
BOL,Bolivia,1988,0.751404531935179
BOL,Bolivia,1987,0.324802543244047
BOL,Bolivia,1986,-4.60038364097161
BOL,Bolivia,1985,-3.73470517630113
BOL,Bolivia,1984,-2.31057153866044
BOL,Bolivia,1983,-6.08597774427207
BOL,Bolivia,1982,-6.0134744165937
BOL,Bolivia,1981,-1.9248374768233
BOL,Bolivia,1980,-3.56480336895466
BOL,Bolivia,1979,-2.12022342626696
BOL,Bolivia,1978,-0.264150198024211
BOL,Bolivia,1977,2.57738378331752
BOL,Bolivia,1976,2.2470901580419
BOL,Bolivia,1975,4.90760338374334
BOL,Bolivia,1974,0.638403546500285
BOL,Bolivia,1973,3.38711014285656
BOL,Bolivia,1972,5.56938616555121
BOL,Bolivia,1971,2.72829821232219
BOL,Bolivia,1970,2.89765667530102
BOL,Bolivia,1969,2.16293690409803
BOL,Bolivia,1968,6.14636426814231
BOL,Bolivia,1967,4.01327670777007
BOL,Bolivia,1966,4.88010875329759
BOL,Bolivia,1965,2.69764176427296
BOL,Bolivia,1964,1.783842069717
BOL,Bolivia,1963,4.5900464977892
BOL,Bolivia,1962,3.42321551120968
BOL,Bolivia,1961,0.0249947459172404
BIH,Bosnia and Herzegovina,2025,2.91433522626807
BIH,Bosnia and Herzegovina,2024,3.90600654036231
BIH,Bosnia and Herzegovina,2023,2.62616849156352
BIH,Bosnia and Herzegovina,2022,5.53111118093285
BIH,Bosnia and Herzegovina,2021,9.19342480517756
BIH,Bosnia and Herzegovina,2020,-1.65750707667169
BIH,Bosnia and Herzegovina,2019,4.16109545157208
BIH,Bosnia and Herzegovina,2018,5.10677209046635
BIH,Bosnia and Herzegovina,2017,4.57868807789549
BIH,Bosnia and Herzegovina,2016,4.59597025623206
BIH,Bosnia and Herzegovina,2015,5.65603511201289
BIH,Bosnia and Herzegovina,2014,2.45997274934615
BIH,Bosnia and Herzegovina,2013,4.02941435250273
BIH,Bosnia and Herzegovina,2012,1.11532015786369
BIH,Bosnia and Herzegovina,2011,2.83942425948602
BIH,Bosnia and Herzegovina,2010,2.67372042856877
BIH,Bosnia and Herzegovina,2009,-1.31069341204288
BIH,Bosnia and Herzegovina,2008,7.20155128475226
BIH,Bosnia and Herzegovina,2007,7.1739207271968
BIH,Bosnia and Herzegovina,2006,6.27585979363216
BIH,Bosnia and Herzegovina,2005,5.02566097156414
BIH,Bosnia and Herzegovina,2004,7.28905393914994
BIH,Bosnia and Herzegovina,2003,4.10275862847334
BIH,Bosnia and Herzegovina,2002,4.81267516142945
BIH,Bosnia and Herzegovina,2001,1.94134419076346
BIH,Bosnia and Herzegovina,2000,4.66760703832642
BIH,Bosnia and Herzegovina,1999,8.43574245195533
BIH,Bosnia and Herzegovina,1998,14.587985745824
BIH,Bosnia and Herzegovina,1997,31.7790126800649
BIH,Bosnia and Herzegovina,1996,47.8454192395156
BIH,Bosnia and Herzegovina,1995,16.2756717164714
BIH,Bosnia and Herzegovina,1994,16.4737626872484
BIH,Bosnia and Herzegovina,1993,6.08947143721052
BIH,Bosnia and Herzegovina,1992,-1.49369908365956
BIH,Bosnia and Herzegovina,1991,-9.54507356752423
BWA,Botswana,2025,-2.32173162960181
BWA,Botswana,2024,-4.3568819642385
BWA,Botswana,2023,1.52893817984001
BWA,Botswana,2022,3.82363084321453
BWA,Botswana,2021,10.2596472128547
BWA,Botswana,2020,-10.0332383222742
BWA,Botswana,2019,1.57639094067899
BWA,Botswana,2018,2.72071433079989
BWA,Botswana,2017,2.6459126098983
BWA,Botswana,2016,5.69319455388396
BWA,Botswana,2015,-6.19995412245493
BWA,Botswana,2014,4.17099012944411
BWA,Botswana,2013,9.43871073960261
BWA,Botswana,2012,-1.83175900387364
BWA,Botswana,2011,4.75557328946104
BWA,Botswana,2010,7.82114699392078
BWA,Botswana,2009,-15.8997149078875
BWA,Botswana,2008,1.1992313160418
BWA,Botswana,2007,3.7618955229655
BWA,Botswana,2006,6.36142559180612
BWA,Botswana,2005,2.69660633056192
BWA,Botswana,2004,0.920692081948033
BWA,Botswana,2003,2.80097379395592
BWA,Botswana,2002,4.09320837350506
BWA,Botswana,2001,-1.79114300046759
BWA,Botswana,2000,-0.163772714868571
BWA,Botswana,1999,7.32308245266344
BWA,Botswana,1998,-1.75710977151495
BWA,Botswana,1997,5.86002742979099
BWA,Botswana,1996,3.27499725471586
BWA,Botswana,1995,4.25881194607905
BWA,Botswana,1994,0.795369761855596
BWA,Botswana,1993,-0.960421541128198
BWA,Botswana,1992,0.0625321470667757
BWA,Botswana,1991,4.57073178203704
BWA,Botswana,1990,3.87620060854523
BWA,Botswana,1989,9.96224637065322
BWA,Botswana,1988,15.9394934317422
BWA,Botswana,1987,8.28830337418344
BWA,Botswana,1986,4.56560684847278
BWA,Botswana,1985,3.46975249506856
BWA,Botswana,1984,4.78687227057497
BWA,Botswana,1983,9.15920771421975
BWA,Botswana,1982,7.80091059815022
BWA,Botswana,1981,5.40937065802333
BWA,Botswana,1980,7.71723539697769
BWA,Botswana,1979,5.6188527408687
BWA,Botswana,1978,7.64641696359863
BWA,Botswana,1977,6.25911861544024
BWA,Botswana,1976,5.08545359266064
BWA,Botswana,1975,3.18757520780461
BWA,Botswana,1974,3.55351825263722
BWA,Botswana,1973,15.7250538090994
BWA,Botswana,1972,21.910493717295
BWA,Botswana,1971,23.6949670354989
BWA,Botswana,1970,16.4719075297211
BWA,Botswana,1969,14.5154959849797
BWA,Botswana,1968,9.9927938200797
BWA,Botswana,1967,5.36533773983349
BWA,Botswana,1966,5.75475870754094
BWA,Botswana,1965,4.26761564409675
BWA,Botswana,1964,4.32310983029652
BWA,Botswana,1963,3.47302666538545
BWA,Botswana,1962,4.24893268151148
BWA,Botswana,1961,3.97104422565002
BRA,Brazil,2025,1.89458783745351
BRA,Brazil,2024,3.00083291892194
BRA,Brazil,2023,2.83370012861097
BRA,Brazil,2022,2.64631532411505
BRA,Brazil,2021,4.3179316171849
BRA,Brazil,2020,-3.83550546659214
BRA,Brazil,2019,0.562970837578547
BRA,Brazil,2018,1.09040860447158
BRA,Brazil,2017,0.587668928736335
BRA,Brazil,2016,-4.01012719354725
BRA,Brazil,2015,-4.30639755912077
BRA,Brazil,2014,-0.303163572499983
BRA,Brazil,2013,2.17333080532316
BRA,Brazil,2012,1.09733293821196
BRA,Brazil,2011,3.13169854409105
BRA,Brazil,2010,6.62782994932327
BRA,Brazil,2009,-1.0163236214624
BRA,Brazil,2008,4.09221626720056
BRA,Brazil,2007,5.00147015838483
BRA,Brazil,2006,2.86752083975395
BRA,Brazil,2005,2.07730833836257
BRA,Brazil,2004,4.57169367299971
BRA,Brazil,2003,-0.0458328311687239
BRA,Brazil,2002,1.78204308366739
BRA,Brazil,2001,0.0770005174179715
BRA,Brazil,2000,2.96222045087984
BRA,Brazil,1999,-0.984800297986069
BRA,Brazil,1998,-1.143603910048
BRA,Brazil,1997,1.86924434979963
BRA,Brazil,1996,0.67296877612381
BRA,Brazil,1995,2.63205630347598
BRA,Brazil,1994,4.21094030332965
BRA,Brazil,1993,3.23867795103922
BRA,Brazil,1992,-2.18850140379996
BRA,Brazil,1991,-0.686503405708166
BRA,Brazil,1990,-6.04327176300885
BRA,Brazil,1989,1.27526278524948
BRA,Brazil,1988,-1.9510165069396
BRA,Brazil,1987,1.49867169856199
BRA,Brazil,1986,5.29820398316059
BRA,Brazil,1985,5.57647245248828
BRA,Brazil,1984,3.12069396131707
BRA,Brazil,1983,-5.07417099498288
BRA,Brazil,1982,-1.4420711455688
BRA,Brazil,1981,-6.4539452195249
BRA,Brazil,1980,6.65338211481858
BRA,Brazil,1979,4.2525775151834
BRA,Brazil,1978,2.49490746263923
BRA,Brazil,1977,2.4596571731236
BRA,Brazil,1976,7.66231519452694
BRA,Brazil,1975,2.69442153091077
BRA,Brazil,1974,5.59267280331055
BRA,Brazil,1973,11.2426303275996
BRA,Brazil,1972,9.24930773621521
BRA,Brazil,1971,8.65032390145559
BRA,Brazil,1970,7.70310527998387
BRA,Brazil,1969,6.7879284838472
BRA,Brazil,1968,7.02283124189177
BRA,Brazil,1967,1.48235786793778
BRA,Brazil,1966,3.82403827848321
BRA,Brazil,1965,-0.445326274798447
BRA,Brazil,1964,0.450644645425385
BRA,Brazil,1963,-2.32140190832382
BRA,Brazil,1962,3.46591076186584
BRA,Brazil,1961,5.37233941645053
BRN,Brunei Darussalam,2025,-0.109535164452723
BRN,Brunei Darussalam,2024,3.20430381881549
BRN,Brunei Darussalam,2023,0.339025318690261
BRN,Brunei Darussalam,2022,-2.41660968862067
BRN,Brunei Darussalam,2021,-2.53123842091919
BRN,Brunei Darussalam,2020,0.0657353317528475
BRN,Brunei Darussalam,2019,2.72616506285996
BRN,Brunei Darussalam,2018,-1.09895909064488
BRN,Brunei Darussalam,2017,0.109331621558866
BRN,Brunei Darussalam,2016,-3.69864300009469
BRN,Brunei Darussalam,2015,-1.68097052571925
BRN,Brunei Darussalam,2014,-3.80575468176978
BRN,Brunei Darussalam,2013,-3.46841841572171
BRN,Brunei Darussalam,2012,-0.62162371685136
BRN,Brunei Darussalam,2011,1.91129549119837
BRN,Brunei Darussalam,2010,0.808737769071328
BRN,Brunei Darussalam,2009,-3.72462679896589
BRN,Brunei Darussalam,2008,-5.66095294794741
BRN,Brunei Darussalam,2007,-5.37503174884661
BRN,Brunei Darussalam,2006,2.45784696303623
BRN,Brunei Darussalam,2005,-1.67695306815315
BRN,Brunei Darussalam,2004,-1.67510542923259
BRN,Brunei Darussalam,2003,1.62971827418733
BRN,Brunei Darussalam,2002,1.8968766451203
BRN,Brunei Darussalam,2001,-0.64060526761881
BRN,Brunei Darussalam,2000,1.2515924816352
BRN,Brunei Darussalam,1999,1.96732640011037
BRN,Brunei Darussalam,1998,-8.76195618128142
BRN,Brunei Darussalam,1997,3.88335184862585
BRN,Brunei Darussalam,1996,-2.40064278413038
BRN,Brunei Darussalam,1995,-1.12517717451318
BRN,Brunei Darussalam,1994,-1.53838455173792
BRN,Brunei Darussalam,1993,-3.19233201409052
BRN,Brunei Darussalam,1992,-5.72104855607357
BRN,Brunei Darussalam,1991,0.0482383620452822
BRN,Brunei Darussalam,1990,-0.263026647451184
BRN,Brunei Darussalam,1989,-5.53034900541753
BRN,Brunei Darussalam,1988,-4.41851192945219
BRN,Brunei Darussalam,1987,-1.13139335881442
BRN,Brunei Darussalam,1986,-8.57124115256731
BRN,Brunei Darussalam,1985,-6.12623933511351
BRN,Brunei Darussalam,1984,-5.56827268914583
BRN,Brunei Darussalam,1983,-2.82531288665643
BRN,Brunei Darussalam,1982,-0.892989076325676
BRN,Brunei Darussalam,1981,-24.7564134201952
BRN,Brunei Darussalam,1980,-12.4679873180703
BRN,Brunei Darussalam,1979,20.5218585781723
BRN,Brunei Darussalam,1978,3.58796682578473
BRN,Brunei Darussalam,1977,6.25175091161782
BRN,Brunei Darussalam,1976,16.7833606306051
BRN,Brunei Darussalam,1975,-4.04825476867771
BGR,Bulgaria,2025,3.22647677659302
BGR,Bulgaria,2024,3.47015020389682
BGR,Bulgaria,2023,1.97332517178712
BGR,Bulgaria,2022,4.76332097858048
BGR,Bulgaria,2021,8.54724289833413
BGR,Bulgaria,2020,-2.15683346351801
BGR,Bulgaria,2019,5.26898074561532
BGR,Bulgaria,2018,3.74323659397713
BGR,Bulgaria,2017,4.1152402016823
BGR,Bulgaria,2016,4.37288142099703
BGR,Bulgaria,2015,4.72028599415447
BGR,Bulgaria,2014,2.18296570880787
BGR,Bulgaria,2013,1.48365880262806
BGR,Bulgaria,2012,1.33406575233641
BGR,Bulgaria,2011,2.74691105411546
BGR,Bulgaria,2010,2.22608184788542
BGR,Bulgaria,2009,-2.72241640378013
BGR,Bulgaria,2008,6.87712697728189
BGR,Bulgaria,2007,7.4414860834102
BGR,Bulgaria,2006,7.61685289651042
BGR,Bulgaria,2005,7.86550187137007
BGR,Bulgaria,2004,7.31740326884231
BGR,Bulgaria,2003,6.07406091995806
BGR,Bulgaria,2002,8.19521660591987
BGR,Bulgaria,2001,5.9111581316571
BGR,Bulgaria,2000,5.10505581146323
BGR,Bulgaria,1999,-7.881069661526
BGR,Bulgaria,1998,4.48401803484153
BGR,Bulgaria,1997,-13.5909190240849
BGR,Bulgaria,1996,5.74945681889749
BGR,Bulgaria,1995,3.36166301814281
BGR,Bulgaria,1994,2.16435943061855
BGR,Bulgaria,1993,-0.691213367198486
BGR,Bulgaria,1992,-6.2712632979555
BGR,Bulgaria,1991,-7.53406929487494
BGR,Bulgaria,1990,-7.46320674046325
BGR,Bulgaria,1989,-2.15169094575204
BGR,Bulgaria,1988,10.8200905113965
BGR,Bulgaria,1987,5.8986130495541
BGR,Bulgaria,1986,4.23524193406284
BGR,Bulgaria,1985,2.6849512108283
BGR,Bulgaria,1984,3.15480693588532
BGR,Bulgaria,1983,3.17252242910919
BGR,Bulgaria,1982,2.03229305097511
BGR,Bulgaria,1981,4.55114607461147
BFA,Burkina Faso,2025,2.99493943486739
BFA,Burkina Faso,2024,2.50565566182472
BFA,Burkina Faso,2023,0.688770925071964
BFA,Burkina Faso,2022,-0.693015914774818
BFA,Burkina Faso,2021,4.43100540861892
BFA,Burkina Faso,2020,-0.443420002406739
BFA,Burkina Faso,2019,3.24391866186016
BFA,Burkina Faso,2018,3.76772678322459
BFA,Burkina Faso,2017,3.21640521697573
BFA,Burkina Faso,2016,2.9035090911533
BFA,Burkina Faso,2015,0.888259827767996
BFA,Burkina Faso,2014,1.27047655599692
BFA,Burkina Faso,2013,2.66508275857795
BFA,Burkina Faso,2012,3.28878346500349
BFA,Burkina Faso,2011,3.51633623623128
BFA,Burkina Faso,2010,5.31934915891263
BFA,Burkina Faso,2009,-0.000227773519867469
BFA,Burkina Faso,2008,2.73663676272773
BFA,Burkina Faso,2007,1.00131276742226
BFA,Burkina Faso,2006,2.98889211912471
BFA,Burkina Faso,2005,5.29574030906821
BFA,Burkina Faso,2004,1.24360966999572
BFA,Burkina Faso,2003,4.49294688106092
BFA,Burkina Faso,2002,1.17736897014072
BFA,Burkina Faso,2001,3.40975770830711
BFA,Burkina Faso,2000,-1.10710660159205
BFA,Burkina Faso,1999,4.29384816238002
BFA,Burkina Faso,1998,4.38231550291239
BFA,Burkina Faso,1997,3.61102243460883
BFA,Burkina Faso,1996,8.20998110484305
BFA,Burkina Faso,1995,3.04032535754941
BFA,Burkina Faso,1994,-1.20776072545993
BFA,Burkina Faso,1993,0.920491455019118
BFA,Burkina Faso,1992,-2.20972690363685
BFA,Burkina Faso,1991,6.33847249922952
BFA,Burkina Faso,1990,-3.18766193398135
BFA,Burkina Faso,1989,-0.526129444179062
BFA,Burkina Faso,1988,2.99068268379408
BFA,Burkina Faso,1987,-2.92901265412704
BFA,Burkina Faso,1986,4.95223507393075
BFA,Burkina Faso,1985,5.4289492547686
BFA,Burkina Faso,1984,-4.57317259505054
BFA,Burkina Faso,1983,-2.45706355273177
BFA,Burkina Faso,1982,6.57803533543047
BFA,Burkina Faso,1981,1.44648885946128
BFA,Burkina Faso,1980,-1.87246341521055
BFA,Burkina Faso,1979,1.01443822481875
BFA,Burkina Faso,1978,2.03269818912379
BFA,Burkina Faso,1977,-1.94188225017315
BFA,Burkina Faso,1976,6.23539748425739
BFA,Burkina Faso,1975,0.943213343373543
BFA,Burkina Faso,1974,6.25587535382763
BFA,Burkina Faso,1973,-1.32950738728137
BFA,Burkina Faso,1972,0.563182490208192
BFA,Burkina Faso,1971,-0.322395573174092
BFA,Burkina Faso,1970,-1.61623152218708
BFA,Burkina Faso,1969,0.276666588750047
BFA,Burkina Faso,1968,1.31516494204224
BFA,Burkina Faso,1967,7.01689650698381
BFA,Burkina Faso,1966,-1.09580812913819
BFA,Burkina Faso,1965,2.11732800572504
BFA,Burkina Faso,1964,0.72143838526857
BFA,Burkina Faso,1963,-2.73014695828537
BFA,Burkina Faso,1962,4.58749878804011
BFA,Burkina Faso,1961,2.55023265344265
BDI,Burundi,2025,1.7611109501225
BDI,Burundi,2024,1.4565402745951
BDI,Burundi,2023,0.476410170270753
BDI,Burundi,2022,-0.413741362511459
BDI,Burundi,2021,0.462596737226662
BDI,Burundi,2020,-2.56910007414477
BDI,Burundi,2019,1.08494176938687
BDI,Burundi,2018,2.20950781978466
BDI,Burundi,2017,1.41976304054418
BDI,Burundi,2016,1.43842310958158
BDI,Burundi,2015,-2.63843207790325
BDI,Burundi,2014,0.765722877623617
BDI,Burundi,2013,1.2220776240641
BDI,Burundi,2012,0.762376963720541
BDI,Burundi,2011,0.368535841377152
BDI,Burundi,2010,0.287652254263818
BDI,Burundi,2009,-1.33995105464051
BDI,Burundi,2008,0.668760370648471
BDI,Burundi,2007,-0.311187520314832
BDI,Burundi,2006,1.68473642542624
BDI,Burundi,2005,-2.77894802793541
BDI,Burundi,2004,0.997721140754805
BDI,Burundi,2003,-4.2953882781394
BDI,Burundi,2002,1.54204707066606
BDI,Burundi,2001,-0.469619802706177
BDI,Burundi,2000,-2.89542791949714
BDI,Burundi,1999,-3.35382029606878
BDI,Burundi,1998,2.76802982431101
BDI,Burundi,1997,-1.5824774393535
BDI,Burundi,1996,-8.06350047055535
BDI,Burundi,1995,-13.2699852268517
BDI,Burundi,1994,-4.45293293605653
BDI,Burundi,1993,-3.24124864614819
BDI,Burundi,1992,-1.65473544627476
BDI,Burundi,1991,2.84668515883749
BDI,Burundi,1990,1.36304401339021
BDI,Burundi,1989,-0.620899444131396
BDI,Burundi,1988,2.7300748439757
BDI,Burundi,1987,3.12328954639813
BDI,Burundi,1986,1.33043364051353
BDI,Burundi,1985,9.39438422223908
BDI,Burundi,1984,-2.24212742745944
BDI,Burundi,1983,0.973082536740648
BDI,Burundi,1982,-3.49220029296362
BDI,Burundi,1981,7.68491382091901
BDI,Burundi,1980,-3.15980759837527
BDI,Burundi,1979,-0.830806952552152
BDI,Burundi,1978,-3.76126591931222
BDI,Burundi,1977,8.64448041839579
BDI,Burundi,1976,5.55134642737933
BDI,Burundi,1975,-1.76931158421134
BDI,Burundi,1974,-3.18211193978914
BDI,Burundi,1973,7.04106910814075
BDI,Burundi,1972,-6.39979892230961
BDI,Burundi,1971,0.279710021469654
BDI,Burundi,1970,18.7193093811323
BDI,Burundi,1969,-3.57614475347991
BDI,Burundi,1968,-2.64849014689527
BDI,Burundi,1967,10.9686441322188
BDI,Burundi,1966,2.12302317412258
BDI,Burundi,1965,1.13032095040056
BDI,Burundi,1964,3.28867021830364
BDI,Burundi,1963,1.96499713773683
BDI,Burundi,1962,6.3318748882984
BDI,Burundi,1961,-15.9019652409847
CPV,Cabo Verde,2025,5.80332221747327
CPV,Cabo Verde,2024,6.46991608888079
CPV,Cabo Verde,2023,4.2751322057766
CPV,Cabo Verde,2022,15.1545081084513
CPV,Cabo Verde,2021,6.62540765957627
CPV,Cabo Verde,2020,-20.8937523404244
CPV,Cabo Verde,2019,6.80449531732363
CPV,Cabo Verde,2018,3.60152349643896
CPV,Cabo Verde,2017,4.48221093147532
CPV,Cabo Verde,2016,4.24816232606327
CPV,Cabo Verde,2015,0.922631249857901
CPV,Cabo Verde,2014,0.676815488926465
CPV,Cabo Verde,2013,0.579092309567969
CPV,Cabo Verde,2012,0.983345735610456
CPV,Cabo Verde,2011,3.58680088003479
CPV,Cabo Verde,2010,1.10867941118087
CPV,Cabo Verde,2009,-2.43495532260619
CPV,Cabo Verde,2008,5.93628669264135
CPV,Cabo Verde,2007,13.9029028555293
CPV,Cabo Verde,2006,6.74862061785244
CPV,Cabo Verde,2005,5.64634152921253
CPV,Cabo Verde,2004,8.82078735562469
CPV,Cabo Verde,2003,2.78169096285627
CPV,Cabo Verde,2002,3.72907261625122
CPV,Cabo Verde,2001,0.682276166499946
CPV,Cabo Verde,2000,12.5710382620585
CPV,Cabo Verde,1999,9.54503889861623
CPV,Cabo Verde,1998,10.7299407310629
CPV,Cabo Verde,1997,9.26550233677044
CPV,Cabo Verde,1996,9.39028619703035
CPV,Cabo Verde,1995,12.0601838641087
CPV,Cabo Verde,1994,16.782010354077
CPV,Cabo Verde,1993,6.39603048677317
CPV,Cabo Verde,1992,8.44798979477743
CPV,Cabo Verde,1991,-1.01055136482147
CPV,Cabo Verde,1990,-1.35290150988138
CPV,Cabo Verde,1989,4.12485024834635
CPV,Cabo Verde,1988,4.52624066687233
CPV,Cabo Verde,1987,2.85230662441553
CPV,Cabo Verde,1986,1.4269826540267
CPV,Cabo Verde,1985,7.12207008814126
CPV,Cabo Verde,1984,2.31335740950426
CPV,Cabo Verde,1983,7.92166519671882
CPV,Cabo Verde,1982,1.31753289013552
CPV,Cabo Verde,1981,6.94807494345699
KHM,Cambodia,2025,4.11461115788671
KHM,Cambodia,2024,4.72405869487767
KHM,Cambodia,2023,3.66847775428445
KHM,Cambodia,2022,3.74000920039251
KHM,Cambodia,2021,1.57862051550094
KHM,Cambodia,2020,-4.96368199399319
KHM,Cambodia,2019,6.58272364852731
KHM,Cambodia,2018,7.43177030242717
KHM,Cambodia,2017,6.59196495590379
KHM,Cambodia,2016,6.34300627617029
KHM,Cambodia,2015,5.652931676093
KHM,Cambodia,2014,6.41109251902618
KHM,Cambodia,2013,6.25691498312409
KHM,Cambodia,2012,6.04756982656951
KHM,Cambodia,2011,5.66993084409259
KHM,Cambodia,2010,3.45435117133705
KHM,Cambodia,2009,2.44674504763958
KHM,Cambodia,2008,5.85728555368171
KHM,Cambodia,2007,8.78143916559131
KHM,Cambodia,2006,9.31792401297673
KHM,Cambodia,2005,11.6637861428805
KHM,Cambodia,2004,7.85639001144227
KHM,Cambodia,2003,8.62974314019115
KHM,Cambodia,2002,4.63862356700642
KHM,Cambodia,2001,5.72566644409127
KHM,Cambodia,2000,8.25832877301973
KHM,Cambodia,1999,10.7982054875931
KHM,Cambodia,1998,0.452139873018837
KHM,Cambodia,1997,-2.91199173422457
KHM,Cambodia,1996,-1.77693528347505
KHM,Cambodia,1995,1.35412063704641
KHM,Cambodia,1994,-39.2029703307445
KHM,Cambodia,1993,-1.98219850050883
KHM,Cambodia,1992,1.39521127525019
KHM,Cambodia,1991,3.22292482028995
KHM,Cambodia,1990,-2.97044816189582
KHM,Cambodia,1989,-0.345557696350568
KHM,Cambodia,1988,7.80089546974443
KHM,Cambodia,1987,16.4857143191711
KHM,Cambodia,1986,-0.194040774515756
KHM,Cambodia,1985,1.22955640956965
KHM,Cambodia,1984,1.18163587229544
KHM,Cambodia,1983,0.731842330180569
KHM,Cambodia,1982,-2.79479261397917
KHM,Cambodia,1981,-1.56091097708021
KHM,Cambodia,1980,-7.68323347866135
KHM,Cambodia,1979,-10.7242251782673
KHM,Cambodia,1978,8.76685381778104
KHM,Cambodia,1977,-7.65550610489709
KHM,Cambodia,1976,7.275968294004
CMR,Cameroon,2025,0.590263610869485
CMR,Cameroon,2024,0.854978148597212
CMR,Cameroon,2023,0.652417560279119
CMR,Cameroon,2022,1.04502997524601
CMR,Cameroon,2021,0.631351991581198
CMR,Cameroon,2020,-2.43476031121681
CMR,Cameroon,2019,0.636415290549962
CMR,Cameroon,2018,1.11514946861584
CMR,Cameroon,2017,0.647004976201075
CMR,Cameroon,2016,1.45711722669677
CMR,Cameroon,2015,2.40123368709621
CMR,Cameroon,2014,2.56873406379989
CMR,Cameroon,2013,2.08714719116143
CMR,Cameroon,2012,1.723811615485
CMR,Cameroon,2011,0.496174364645441
CMR,Cameroon,2010,0.000136421484427274
CMR,Cameroon,2009,-0.318334274636157
CMR,Cameroon,2008,-0.054684354254718
CMR,Cameroon,2007,1.44056500100977
CMR,Cameroon,2006,0.995178501621496
CMR,Cameroon,2005,-0.550411134631503
CMR,Cameroon,2004,4.14782057634264
CMR,Cameroon,2003,2.61581878981131
CMR,Cameroon,2002,1.71295981541175
CMR,Cameroon,2001,1.61992408023583
CMR,Cameroon,2000,1.13442792226186
CMR,Cameroon,1999,1.77511312312416
CMR,Cameroon,1998,1.98875448721377
CMR,Cameroon,1997,1.79214014657076
CMR,Cameroon,1996,1.4475466909911
CMR,Cameroon,1995,0.107723326425074
CMR,Cameroon,1994,-0.943945008602924
CMR,Cameroon,1993,-10.5166043582515
CMR,Cameroon,1992,-5.83737588435096
CMR,Cameroon,1991,-6.57350502462501
CMR,Cameroon,1990,-8.83238750824871
CMR,Cameroon,1989,-4.654742471761
CMR,Cameroon,1988,-10.5343154495332
CMR,Cameroon,1987,-5.07549988153178
CMR,Cameroon,1986,3.60245672331487
CMR,Cameroon,1985,4.88990022893367
CMR,Cameroon,1984,4.52904486852626
CMR,Cameroon,1983,4.70153397148707
CMR,Cameroon,1982,4.98805869201293
CMR,Cameroon,1981,13.043422758453
CMR,Cameroon,1980,-5.10455591015526
CMR,Cameroon,1979,3.104612790611
CMR,Cameroon,1978,18.7226571361491
CMR,Cameroon,1977,10.8434696175958
CMR,Cameroon,1976,-7.99324847143026
CMR,Cameroon,1975,8.18407213130715
CMR,Cameroon,1974,7.70293237323871
CMR,Cameroon,1973,2.49785376682739
CMR,Cameroon,1972,-0.0784165028948109
CMR,Cameroon,1971,0.752051370916206
CMR,Cameroon,1970,0.433470229032736
CMR,Cameroon,1969,2.27038725833759
CMR,Cameroon,1968,3.76755010762579
CMR,Cameroon,1967,-12.9990149262665
CMR,Cameroon,1966,2.23836086930811
CMR,Cameroon,1965,-0.235078965206341
CMR,Cameroon,1964,1.28931190798191
CMR,Cameroon,1963,1.49905060205057
CMR,Cameroon,1962,1.12404670359109
CMR,Cameroon,1961,-0.365494072590366
CAN,Canada,2025,0.791681826896635
CAN,Canada,2024,-0.954212030330638
CAN,Canada,2023,-0.844530120415982
CAN,Canada,2022,2.78626569235895
CAN,Canada,2021,5.36528783461416
CAN,Canada,2020,-6.06240641639141
CAN,Canada,2019,0.429657594374362
CAN,Canada,2018,1.28092656218273
CAN,Canada,2017,1.80946447841099
CAN,Canada,2016,-0.0982963673716881
CAN,Canada,2015,-0.112369151907927
CAN,Canada,2014,1.84840950153425
CAN,Canada,2013,1.25359012132115
CAN,Canada,2012,0.658841996943821
CAN,Canada,2011,2.13607718389216
CAN,Canada,2010,1.95144743974238
CAN,Canada,2009,-4.02008815189166
CAN,Canada,2008,-0.093342723123186
CAN,Canada,2007,1.06414483533945
CAN,Canada,2006,1.60290147984234
CAN,Canada,2005,2.23757664033788
CAN,Canada,2004,2.13581556968643
CAN,Canada,2003,0.895018577517163
CAN,Canada,2002,1.88796483475868
CAN,Canada,2001,0.77451943124467
CAN,Canada,2000,4.16394850425988
CAN,Canada,1999,4.2898366032472
CAN,Canada,1998,3.03423773364632
CAN,Canada,1997,3.24897482432046
CAN,Canada,1996,0.631530878229199
CAN,Canada,1995,1.62528130298871
CAN,Canada,1994,3.35581447529287
CAN,Canada,1993,1.53574567835715
CAN,Canada,1992,-0.296709512920273
CAN,Canada,1991,-3.30029999690473
CAN,Canada,1990,-1.29644133757819
CAN,Canada,1989,0.517573873637716
CAN,Canada,1988,3.06576128891155
CAN,Canada,1987,2.7091738969748
CAN,Canada,1986,1.11138107778466
CAN,Canada,1985,3.78497415596264
CAN,Canada,1984,4.90355423972262
CAN,Canada,1983,1.55343278168164
CAN,Canada,1982,-4.31128443854706
CAN,Canada,1981,2.14738046463559
CAN,Canada,1980,0.867987108024522
CAN,Canada,1979,2.70369571183471
CAN,Canada,1978,2.70845218978704
CAN,Canada,1977,2.33026513515004
CAN,Canada,1976,4.50510435079661
CAN,Canada,1975,0.0741861903960768
CAN,Canada,1974,1.92490386403719
CAN,Canada,1973,5.43170389566711
CAN,Canada,1972,4.30183076108925
CAN,Canada,1971,0.996931976073682
CAN,Canada,1970,1.49009088430785
CAN,Canada,1969,3.6480178699757
CAN,Canada,1968,3.32765578255665
CAN,Canada,1967,1.22749144089767
CAN,Canada,1966,4.78936462730918
CAN,Canada,1965,4.4099953748072
CAN,Canada,1964,4.66361623121709
CAN,Canada,1963,3.354068215803
CAN,Canada,1962,5.44826552207256
CAN,Canada,1961,1.12134627382237
CYM,Cayman Islands,2024,1.77902437118955
CYM,Cayman Islands,2023,3.70821524263701
CYM,Cayman Islands,2022,3.47204149366522
CYM,Cayman Islands,2021,2.73935936787683
CYM,Cayman Islands,2020,-6.83262897536278
CYM,Cayman Islands,2019,1.77641822923059
CYM,Cayman Islands,2018,2.04407129171315
CYM,Cayman Islands,2017,0.889645893903833
CYM,Cayman Islands,2016,0.85449283996779
CYM,Cayman Islands,2015,0.360803236980843
CYM,Cayman Islands,2014,0.0864584263895267
CYM,Cayman Islands,2013,-1.34351961199967
CYM,Cayman Islands,2012,-1.48099828738833
CYM,Cayman Islands,2011,-1.57276020805743
CYM,Cayman Islands,2010,-5.37886645271013
CYM,Cayman Islands,2009,-9.78775091467642
CYM,Cayman Islands,2008,-3.20928610347219
CYM,Cayman Islands,2007,0.141681726123494
CAF,Central African Republic,2025,1.03862629845366
CAF,Central African Republic,2024,-1.89436423949913
CAF,Central African Republic,2023,-0.362884514707787
CAF,Central African Republic,2022,0.730965726740934
CAF,Central African Republic,2021,-0.705468755505223
CAF,Central African Republic,2020,-0.744488614542561
CAF,Central African Republic,2019,1.72290159793216
CAF,Central African Republic,2018,1.9780319759616
CAF,Central African Republic,2017,2.7861131027974
CAF,Central African Republic,2016,2.87598768927953
CAF,Central African Republic,2015,4.19878078824811
CAF,Central African Republic,2014,0.497506544343594
CAF,Central African Republic,2013,-36.8245466038613
CAF,Central African Republic,2012,4.00963689358869
CAF,Central African Republic,2011,2.55065326927321
CAF,Central African Republic,2010,5.47038096593693
CAF,Central African Republic,2009,9.30502220176477
CAF,Central African Republic,2008,-0.0996463174017777
CAF,Central African Republic,2007,2.61065388109087
CAF,Central African Republic,2006,2.64652651726671
CAF,Central African Republic,2005,-1.35012540536219
CAF,Central African Republic,2004,3.72625182811642
CAF,Central African Republic,2003,-7.63416642788093
CAF,Central African Republic,2002,1.37690566221247
CAF,Central African Republic,2001,2.17071826482889
CAF,Central African Republic,2000,-5.13401462675454
CAF,Central African Republic,1999,0.804779828695573
CAF,Central African Republic,1998,1.89780136644271
CAF,Central African Republic,1997,2.44553463232529
CAF,Central African Republic,1996,-6.45635774727835
CAF,Central African Republic,1995,4.3152308340197
CAF,Central African Republic,1994,1.67643599170786
CAF,Central African Republic,1993,-2.81054491449957
CAF,Central African Republic,1992,-9.3499022024904
CAF,Central African Republic,1991,-3.61601860351969
CAF,Central African Republic,1990,-5.14384284646127
CAF,Central African Republic,1989,-0.58702401433186
CAF,Central African Republic,1988,0.0308390935576313
CAF,Central African Republic,1987,-6.18183220833238
CAF,Central African Republic,1986,2.26761415846777
CAF,Central African Republic,1985,2.63570726856844
CAF,Central African Republic,1984,8.15142186918453
CAF,Central African Republic,1983,-9.21361481564811
CAF,Central African Republic,1982,6.47111564181645
CAF,Central African Republic,1981,-2.6514936510095
CAF,Central African Republic,1980,-5.52099764656569
CAF,Central African Republic,1979,-3.50467253706556
CAF,Central African Republic,1978,0.152767707165395
CAF,Central African Republic,1977,2.74040696827412
CAF,Central African Republic,1976,3.87700094616103
CAF,Central African Republic,1975,-1.52933268765479
CAF,Central African Republic,1974,4.30863076950688
CAF,Central African Republic,1973,-0.0444254830098316
CAF,Central African Republic,1972,-1.93873848907192
CAF,Central African Republic,1971,-0.94510488147084
CAF,Central African Republic,1970,0.0891249899070345
CAF,Central African Republic,1969,4.66862388144997
CAF,Central African Republic,1968,-0.854278962128973
CAF,Central African Republic,1967,2.41472208599004
CAF,Central African Republic,1966,-1.46604280307963
CAF,Central African Republic,1965,-1.10975097625821
CAF,Central African Republic,1964,0.0537927960757401
CAF,Central African Republic,1963,-2.63156435254359
CAF,Central African Republic,1962,-5.54001494435076
CAF,Central African Republic,1961,3.0031837642328
TCD,Chad,2025,2.04780376097817
TCD,Chad,2024,-0.115072436579638
TCD,Chad,2023,-0.651125322486365
TCD,Chad,2022,0.59175907712094
TCD,Chad,2021,-3.10209208613276
TCD,Chad,2020,-3.51319644390499
TCD,Chad,2019,2.04363651447466
TCD,Chad,2018,2.24768972082788
TCD,Chad,2017,-4.81719582036631
TCD,Chad,2016,-7.08506190157246
TCD,Chad,2015,0.0674074944662948
TCD,Chad,2014,-1.51652756694816
TCD,Chad,2013,-0.767831669389352
TCD,Chad,2012,5.29734255099544
TCD,Chad,2011,0.870883386044198
TCD,Chad,2010,9.80713114990233
TCD,Chad,2009,-4.86874608907731
TCD,Chad,2008,-0.463468027746472
TCD,Chad,2007,0.671852924810707
TCD,Chad,2006,-4.05733919631511
TCD,Chad,2005,12.6968038844502
TCD,Chad,2004,27.8073148127989
TCD,Chad,2003,10.2279881027344
TCD,Chad,2002,4.77730878889039
TCD,Chad,2001,7.95445706927111
TCD,Chad,2000,-4.24950215601882
TCD,Chad,1999,-4.11148626297242
TCD,Chad,1998,3.33471416685542
TCD,Chad,1997,2.06853854491665
TCD,Chad,1996,-2.21398378117826
TCD,Chad,1995,-3.12782188796437
TCD,Chad,1994,7.63158984012236
TCD,Chad,1993,-17.6741907148762
TCD,Chad,1992,3.51468324436661
TCD,Chad,1991,4.63768980178692
TCD,Chad,1990,-6.79304926645887
TCD,Chad,1989,1.38861691573089
TCD,Chad,1988,11.6376083255954
TCD,Chad,1987,-5.74954425120686
TCD,Chad,1986,-6.90931230128338
TCD,Chad,1985,20.5709907410676
TCD,Chad,1984,0.713603679143432
TCD,Chad,1983,10.0878341510115
TCD,Chad,1982,0.510585365650229
TCD,Chad,1981,0.919859630474321
TCD,Chad,1980,-6.25717486646226
TCD,Chad,1979,-23.0804489104332
TCD,Chad,1978,-2.26782337134831
TCD,Chad,1977,0.33775770789093
TCD,Chad,1976,0.944475621719818
TCD,Chad,1975,6.68531638180316
TCD,Chad,1974,2.58260751768957
TCD,Chad,1973,-10.5106738595121
TCD,Chad,1972,-1.08306584014767
TCD,Chad,1971,-4.28847107115794
TCD,Chad,1970,-0.236514145934592
TCD,Chad,1969,4.74778993785957
TCD,Chad,1968,-2.39673120038245
TCD,Chad,1967,-1.17458183471362
TCD,Chad,1966,-3.71002242461593
TCD,Chad,1965,-1.38373144830778
TCD,Chad,1964,-4.47323073421776
TCD,Chad,1963,-3.58230894512012
TCD,Chad,1962,3.24830071213836
TCD,Chad,1961,-0.625977318575295
CHI,Channel Islands,2023,3.42060523333167
CHI,Channel Islands,2022,5.0433512927915
CHI,Channel Islands,2021,9.60318203511517
CHI,Channel Islands,2020,-9.22341035779262
CHI,Channel Islands,2019,1.15023329351136
CHI,Channel Islands,2018,0.736021076194476
CHI,Channel Islands,2017,1.5363504960191
CHI,Channel Islands,2016,0.948076599842508
CHI,Channel Islands,2015,-0.0726855379298144
CHI,Channel Islands,2014,1.8297582773701
CHI,Channel Islands,2013,-0.133468759749221
CHI,Channel Islands,2012,-6.37565059386247
CHI,Channel Islands,2011,0.438026517384117
CHI,Channel Islands,2010,-4.28117501896055
CHL,Chile,2025,1.96836668792395
CHL,Chile,2024,2.25410739557456
CHL,Chile,2023,0.135205921667691
CHL,Chile,2022,1.55914868965226
CHL,Chile,2021,10.8469342332232
CHL,Chile,2020,-6.97738648556296
CHL,Chile,2019,-0.952396500724504
CHL,Chile,2018,2.14988195463914
CHL,Chile,2017,-0.235110167425177
CHL,Chile,2016,0.52983351729867
CHL,Chile,2015,1.11370445947465
CHL,Chile,2014,0.783002086375433
CHL,Chile,2013,2.32789256098182
CHL,Chile,2012,5.14158431251035
CHL,Chile,2011,5.18104033334399
CHL,Chile,2010,4.79363748014636
CHL,Chile,2009,-2.11061042692428
CHL,Chile,2008,2.75755699285021
CHL,Chile,2007,4.14386212927862
CHL,Chile,2006,5.01952135827457
CHL,Chile,2005,4.79182839139716
CHL,Chile,2004,5.60291985486168
CHL,Chile,2003,3.63301530196716
CHL,Chile,2002,2.06991885847773
CHL,Chile,2001,1.96875181903661
CHL,Chile,2000,3.72361873178446
CHL,Chile,1999,-1.52035804686301
CHL,Chile,1998,2.83546295262515
CHL,Chile,1997,5.96496367578787
CHL,Chile,1996,5.61243124571355
CHL,Chile,1995,7.66762918859645
CHL,Chile,1994,3.50625803516114
CHL,Chile,1993,5.03866265296217
CHL,Chile,1992,9.71844044949243
CHL,Chile,1991,5.97914025557384
CHL,Chile,1990,1.88581611632009
CHL,Chile,1989,8.55804238316513
CHL,Chile,1988,5.62260077265265
CHL,Chile,1987,5.05944880092105
CHL,Chile,1986,3.78423839368109
CHL,Chile,1985,1.98564660313194
CHL,Chile,1984,2.43691015051672
CHL,Chile,1983,-6.32588185760476
CHL,Chile,1982,-12.7828094615131
CHL,Chile,1981,5.16367443112149
CHL,Chile,1980,6.58595453296824
CHL,Chile,1979,6.83809301483191
CHL,Chile,1978,6.41042954246262
CHL,Chile,1977,9.45988719207391
CHL,Chile,1976,2.01125750988263
CHL,Chile,1975,-13.6362549356415
CHL,Chile,1974,-0.344988907097871
CHL,Chile,1973,-6.55933963735458
CHL,Chile,1972,-2.32226217340738
CHL,Chile,1971,7.7719419764128
CHL,Chile,1970,-0.0104849141995942
CHL,Chile,1969,2.32265859451304
CHL,Chile,1968,1.76912924900685
CHL,Chile,1967,1.73531298518171
CHL,Chile,1966,9.41443342353779
CHL,Chile,1965,-1.23260501621641
CHL,Chile,1964,0.463701102108359
CHL,Chile,1963,3.57681333197451
CHL,Chile,1962,1.82384341341766
CHL,Chile,1961,3.34640006200324
CHN,China,2025,5.13829164139675
CHN,China,2024,5.08754856303446
CHN,China,2023,5.52547619540933
CHN,China,2022,3.14736528950196
CHN,China,2021,8.47352592384939
CHN,China,2020,2.09618372204399
CHN,China,2019,5.69178029552671
CHN,China,2018,6.25969538838069
CHN,China,2017,6.24623915563534
CHN,China,2016,6.16357090866066
CHN,China,2015,6.36137631292877
CHN,China,2014,6.78578256558413
CHN,China,2013,7.06293206554041
CHN,China,2012,7.12864747408331
CHN,China,2011,8.86552016620182
CHN,China,2010,10.0588648070302
CHN,China,2009,8.86328559816117
CHN,China,2008,9.10828477328671
CHN,China,2007,13.5561478146964
CHN,China,2006,12.0478875638328
CHN,China,2005,10.7999508064974
CHN,China,2004,9.48820783119425
CHN,China,2003,9.43008751939767
CHN,China,2002,8.50661398311242
CHN,China,2001,7.54005288797013
CHN,China,2000,7.72142235903391
CHN,China,1999,6.81238630667758
CHN,China,1998,6.8929171395732
CHN,China,1997,8.18469305732251
CHN,China,1996,8.82663191414676
CHN,China,1995,9.81575006667488
CHN,China,1994,11.8117788799513
CHN,China,1993,12.6238858280969
CHN,China,1992,12.9054122880499
CHN,China,1991,7.89340902881477
CHN,China,1990,2.40879373505875
CHN,China,1989,2.62235859030879
CHN,China,1988,9.44451484164723
CHN,China,1987,9.87903623382846
CHN,China,1986,7.33530986061663
CHN,China,1985,11.8943958853723
CHN,China,1984,13.6906069747567
CHN,China,1983,9.18274938247932
CHN,China,1982,7.43053410407046
CHN,China,1981,3.77697891086211
CHN,China,1980,6.49729406965412
CHN,China,1979,6.16909471555913
CHN,China,1978,9.84712009643518
CHN,China,1977,6.11400167606095
CHN,China,1976,-3.08132198489825
CHN,China,1975,6.81644050625665
CHN,China,1974,0.218005667350923
CHN,China,1973,5.32729301395436
CHN,China,1972,1.29010597100438
CHN,China,1971,4.15917620130968
CHN,China,1970,16.0503992929066
CHN,China,1969,13.7793403435182
CHN,China,1968,-6.57145161430678
CHN,China,1967,-8.16149758528853
CHN,China,1966,7.608403928295
CHN,China,1965,14.197889011518
CHN,China,1964,15.468995418925
CHN,China,1963,7.62225446093558
CHN,China,1962,-6.35150486433241
CHN,China,1961,-26.5276436063691
COL,Colombia,2025,1.60595920382266
COL,Colombia,2024,0.408620603822158
COL,Colombia,2023,-0.282233597731121
COL,Colombia,2022,6.18779953705864
COL,Colombia,2021,9.5929782838861
COL,Colombia,2020,-8.50949477621059
COL,Colombia,2019,1.36014067984289
COL,Colombia,2018,0.695264947238812
COL,Colombia,2017,-0.101221554133033
COL,Colombia,2016,1.08114925712198
COL,Colombia,2015,2.06923227113727
COL,Colombia,2014,3.5703066542077
COL,Colombia,2013,4.14129387844136
COL,Colombia,2012,2.87569627540904
COL,Colombia,2011,5.80823503363762
COL,Colombia,2010,3.31434936742798
COL,Colombia,2009,-0.0317051022677077
COL,Colombia,2008,2.04799051810861
COL,Colombia,2007,5.39446786231066
COL,Colombia,2006,5.31174394421016
COL,Colombia,2005,3.37111077766936
COL,Colombia,2004,3.79715867736165
COL,Colombia,2003,2.36282939630979
COL,Colombia,2002,0.939608606713477
COL,Colombia,2001,0.0920725777672828
COL,Colombia,2000,1.25270223212341
COL,Colombia,1999,-5.85488076514964
COL,Colombia,1998,-1.21587529995685
COL,Colombia,1997,1.59578906492865
COL,Colombia,1996,0.213941191632387
COL,Colombia,1995,3.21251345205344
COL,Colombia,1994,3.74840675934975
COL,Colombia,1993,3.30195850247352
COL,Colombia,1992,2.00413314386418
COL,Colombia,1991,-0.0271315908869099
COL,Colombia,1990,2.14817587559615
COL,Colombia,1989,1.3125231207928
COL,Colombia,1988,1.95465446599053
COL,Colombia,1987,3.22574243598631
COL,Colombia,1986,3.66134032721335
COL,Colombia,1985,0.902605416728733
COL,Colombia,1984,0.989006834442279
COL,Colombia,1983,-0.78443379786755
COL,Colombia,1982,-1.35966538334341
COL,Colombia,1981,-0.0539162798288118
COL,Colombia,1980,1.73932430012557
COL,Colombia,1979,3.04448464320417
COL,Colombia,1978,6.04906359638626
COL,Colombia,1977,1.87544234123106
COL,Colombia,1976,2.47143444323312
COL,Colombia,1975,0.0826946618422113
COL,Colombia,1974,3.39268107532517
COL,Colombia,1973,4.30500467747746
COL,Colombia,1972,5.19958134529315
COL,Colombia,1971,3.43926264882479
COL,Colombia,1970,3.55492172107171
COL,Colombia,1969,3.35663361979847
COL,Colombia,1968,3.08645828962429
COL,Colombia,1967,1.24976875790061
COL,Colombia,1966,2.23404869496953
COL,Colombia,1965,0.568603228415853
COL,Colombia,1964,3.01524652693574
COL,Colombia,1963,0.179781805885455
COL,Colombia,1962,2.21235000803928
COL,Colombia,1961,1.89646467365196
COM,Comoros,2025,1.84834438727457
COM,Comoros,2024,1.36481294621163
COM,Comoros,2023,1.22101405059583
COM,Comoros,2022,0.486994503714811
COM,Comoros,2021,0.0455645511488143
COM,Comoros,2020,-2.13462938280972
COM,Comoros,2019,-0.178239892265168
COM,Comoros,2018,1.63821442372796
COM,Comoros,2017,1.76762596404485
COM,Comoros,2016,1.22281058132006
COM,Comoros,2015,-0.96541889629961
COM,Comoros,2014,-0.0905995194762568
COM,Comoros,2013,2.28116402689325
COM,Comoros,2012,1.11391111554475
COM,Comoros,2011,2.08263580496299
COM,Comoros,2010,1.73513066388675
COM,Comoros,2009,1.2079203319485
COM,Comoros,2008,1.91937430669343
COM,Comoros,2007,-1.18558697748325
COM,Comoros,2006,-3.71626145355258
COM,Comoros,2005,3.53060047143931
COM,Comoros,2004,1.16411909687749
COM,Comoros,2003,-0.011062920777249
COM,Comoros,2002,2.40756578317429
COM,Comoros,2001,3.27352621774114
COM,Comoros,2000,-2.88945143643761
COM,Comoros,1999,0.88368341102192
COM,Comoros,1998,-1.68271371705167
COM,Comoros,1997,2.62767770668948
COM,Comoros,1996,-2.20890470843038
COM,Comoros,1995,3.81904316440117
COM,Comoros,1994,-5.67123709606638
COM,Comoros,1993,0.69224429706334
COM,Comoros,1992,5.15205555476597
COM,Comoros,1991,-8.42445752716004
COM,Comoros,1990,4.5640560053973
COM,Comoros,1989,-3.52874997551089
COM,Comoros,1988,2.17063009876424
COM,Comoros,1987,-0.688091056043021
COM,Comoros,1986,-0.732021611211536
COM,Comoros,1985,-0.0566384062004772
COM,Comoros,1984,1.29672868132171
COM,Comoros,1983,0.259381817607945
COM,Comoros,1982,1.21505444994503
COM,Comoros,1981,2.52899372102837
COD,"Congo, Dem. Rep.",2025,2.42596784907103
COD,"Congo, Dem. Rep.",2024,2.71725564861343
COD,"Congo, Dem. Rep.",2023,5.05273224713814
COD,"Congo, Dem. Rep.",2022,5.84381468903847
COD,"Congo, Dem. Rep.",2021,3.03871005349485
COD,"Congo, Dem. Rep.",2020,-2.41880983949436
COD,"Congo, Dem. Rep.",2019,-2.58176822938702
COD,"Congo, Dem. Rep.",2018,2.57995294310305
COD,"Congo, Dem. Rep.",2017,0.498126250776636
COD,"Congo, Dem. Rep.",2016,-3.09891686152069
COD,"Congo, Dem. Rep.",2015,2.90483865777841
COD,"Congo, Dem. Rep.",2014,3.72497982298587
COD,"Congo, Dem. Rep.",2013,13.5855917153835
COD,"Congo, Dem. Rep.",2012,5.10047276903202
COD,"Congo, Dem. Rep.",2011,-3.61710580676336
COD,"Congo, Dem. Rep.",2010,5.21103758230342
COD,"Congo, Dem. Rep.",2009,-2.51860845278931
COD,"Congo, Dem. Rep.",2008,4.24171595779457
COD,"Congo, Dem. Rep.",2007,5.34752781053874
COD,"Congo, Dem. Rep.",2006,1.91803613632446
COD,"Congo, Dem. Rep.",2005,2.92453150441195
COD,"Congo, Dem. Rep.",2004,3.64120168825156
COD,"Congo, Dem. Rep.",2003,2.53825002982666
COD,"Congo, Dem. Rep.",2002,-0.150938086630475
COD,"Congo, Dem. Rep.",2001,-5.15214146648994
COD,"Congo, Dem. Rep.",2000,-9.84965913432067
COD,"Congo, Dem. Rep.",1999,-7.43165883231666
COD,"Congo, Dem. Rep.",1998,-4.2608811333717
COD,"Congo, Dem. Rep.",1997,-7.12163669732936
COD,"Congo, Dem. Rep.",1996,-2.90765166443452
COD,"Congo, Dem. Rep.",1995,-3.39481121545575
COD,"Congo, Dem. Rep.",1994,-8.34247342999042
COD,"Congo, Dem. Rep.",1993,-16.5071139544342
COD,"Congo, Dem. Rep.",1992,-13.472989774905
COD,"Congo, Dem. Rep.",1991,-11.4194977983546
COD,"Congo, Dem. Rep.",1990,-9.61748597659816
COD,"Congo, Dem. Rep.",1989,-4.33799099147294
COD,"Congo, Dem. Rep.",1988,-2.69674798062162
COD,"Congo, Dem. Rep.",1987,-0.511748731546049
COD,"Congo, Dem. Rep.",1986,1.47046036376909
COD,"Congo, Dem. Rep.",1985,-2.80901413565682
COD,"Congo, Dem. Rep.",1984,2.07207086656189
COD,"Congo, Dem. Rep.",1983,-1.75283708294673
COD,"Congo, Dem. Rep.",1982,-3.40014199743922
COD,"Congo, Dem. Rep.",1981,-0.587498769914134
COD,"Congo, Dem. Rep.",1980,-0.95886985540298
COD,"Congo, Dem. Rep.",1979,-3.03862557435551
COD,"Congo, Dem. Rep.",1978,-8.23737671781109
COD,"Congo, Dem. Rep.",1977,-1.75532961728734
COD,"Congo, Dem. Rep.",1976,-7.7256956323522
COD,"Congo, Dem. Rep.",1975,-7.46727438222024
COD,"Congo, Dem. Rep.",1974,0.410907264212781
COD,"Congo, Dem. Rep.",1973,5.28119026232623
COD,"Congo, Dem. Rep.",1972,-2.46721894456714
COD,"Congo, Dem. Rep.",1971,3.14619844521395
COD,"Congo, Dem. Rep.",1970,-3.05376345948986
COD,"Congo, Dem. Rep.",1969,6.21018175785377
COD,"Congo, Dem. Rep.",1968,1.31773186206605
COD,"Congo, Dem. Rep.",1967,-3.83265618856133
COD,"Congo, Dem. Rep.",1966,3.77366630730698
COD,"Congo, Dem. Rep.",1965,-1.74073156630351
COD,"Congo, Dem. Rep.",1964,-5.01641944581635
COD,"Congo, Dem. Rep.",1963,2.46136136082029
COD,"Congo, Dem. Rep.",1962,18.0843023641037
COD,"Congo, Dem. Rep.",1961,-13.1140646242232
COG,"Congo, Rep.",2025,0.674917226843235
COG,"Congo, Rep.",2024,-0.319535900925317
COG,"Congo, Rep.",2023,-0.528875412706213
COG,"Congo, Rep.",2022,-0.927744025174505
COG,"Congo, Rep.",2021,-1.37465389510481
COG,"Congo, Rep.",2020,-8.48578578986992
COG,"Congo, Rep.",2019,-1.27988440285151
COG,"Congo, Rep.",2018,-4.6581397485937
COG,"Congo, Rep.",2017,-7.86139425991523
COG,"Congo, Rep.",2016,-10.8700508595295
COG,"Congo, Rep.",2015,-1.98214587471384
COG,"Congo, Rep.",2014,4.1002792779107
COG,"Congo, Rep.",2013,-3.09694323656935
COG,"Congo, Rep.",2012,6.91517273107118
COG,"Congo, Rep.",2011,-1.06295910259951
COG,"Congo, Rep.",2010,5.47046970435608
COG,"Congo, Rep.",2009,7.26428280496805
COG,"Congo, Rep.",2008,2.86698415150693
COG,"Congo, Rep.",2007,-9.96945133776909
COG,"Congo, Rep.",2006,4.01799119733973
COG,"Congo, Rep.",2005,3.9415931821321
COG,"Congo, Rep.",2004,-0.000136349476449027
COG,"Congo, Rep.",2003,-1.96564823937744
COG,"Congo, Rep.",2002,2.1400863574699
COG,"Congo, Rep.",2001,-0.041524211389671
COG,"Congo, Rep.",2000,3.53179165255042
COG,"Congo, Rep.",1999,-5.17796321884211
COG,"Congo, Rep.",1998,1.48155360506634
COG,"Congo, Rep.",1997,-2.72655328399637
COG,"Congo, Rep.",1996,1.43771518416713
COG,"Congo, Rep.",1995,1.09899574840317
COG,"Congo, Rep.",1994,-8.25141208282898
COG,"Congo, Rep.",1993,-3.86655032881671
COG,"Congo, Rep.",1992,-0.248600824528538
COG,"Congo, Rep.",1991,-0.475490065299297
COG,"Congo, Rep.",1990,-1.84268984995809
COG,"Congo, Rep.",1989,-0.322827326724479
COG,"Congo, Rep.",1988,-1.13959383100648
COG,"Congo, Rep.",1987,-2.6954798697673
COG,"Congo, Rep.",1986,-9.55347437557265
COG,"Congo, Rep.",1985,-4.0542987808677
COG,"Congo, Rep.",1984,4.34352251846796
COG,"Congo, Rep.",1983,3.68887287185078
COG,"Congo, Rep.",1982,20.9664378594288
COG,"Congo, Rep.",1981,15.0547787720662
COG,"Congo, Rep.",1980,15.034236029519
COG,"Congo, Rep.",1979,7.33056431962336
COG,"Congo, Rep.",1978,3.89431000620701
COG,"Congo, Rep.",1977,-11.1044942073124
COG,"Congo, Rep.",1976,-1.51657522816552
COG,"Congo, Rep.",1975,4.76979764471767
COG,"Congo, Rep.",1974,4.57041078633043
COG,"Congo, Rep.",1973,4.89945684288551
COG,"Congo, Rep.",1972,5.29801304293069
COG,"Congo, Rep.",1971,4.50774581647985
COG,"Congo, Rep.",1970,3.20372143223121
COG,"Congo, Rep.",1969,4.40315299919531
COG,"Congo, Rep.",1968,4.53871776978127
COG,"Congo, Rep.",1967,-0.77122621202686
COG,"Congo, Rep.",1966,-1.46789726752979
COG,"Congo, Rep.",1965,0.838471636514953
COG,"Congo, Rep.",1964,1.02850314621725
COG,"Congo, Rep.",1963,-6.55502405879515
COG,"Congo, Rep.",1962,2.48184375707561
COG,"Congo, Rep.",1961,5.5872755559119
CRI,Costa Rica,2025,4.09282266939263
CRI,Costa Rica,2024,3.5881668120543
CRI,Costa Rica,2023,4.3041987782517
CRI,Costa Rica,2022,5.00925936176895
CRI,Costa Rica,2021,7.6692169270473
CRI,Costa Rica,2020,-4.803591296633
CRI,Costa Rica,2019,1.85075764226454
CRI,Costa Rica,2018,1.9267557137394
CRI,Costa Rica,2017,3.17871988571305
CRI,Costa Rica,2016,3.15607053449173
CRI,Costa Rica,2015,2.55664326251552
CRI,Costa Rica,2014,2.43499508652508
CRI,Costa Rica,2013,1.36003474738322
CRI,Costa Rica,2012,3.66596872237885
CRI,Costa Rica,2011,3.18309276687559
CRI,Costa Rica,2010,4.06134321043838
CRI,Costa Rica,2009,-2.18936700680091
CRI,Costa Rica,2008,3.32734138007224
CRI,Costa Rica,2007,6.7597950880332
CRI,Costa Rica,2006,5.83402518356301
CRI,Costa Rica,2005,2.48427891885412
CRI,Costa Rica,2004,2.90067536924128
CRI,Costa Rica,2003,2.72728707655179
CRI,Costa Rica,2002,1.72295969081905
CRI,Costa Rica,2001,1.65293200355205
CRI,Costa Rica,2000,1.80819157520567
CRI,Costa Rica,1999,2.01034545340086
CRI,Costa Rica,1998,4.79190926716646
CRI,Costa Rica,1997,3.1197778144747
CRI,Costa Rica,1996,-0.997395682702958
CRI,Costa Rica,1995,1.67754012990416
CRI,Costa Rica,1994,1.98449372413157
CRI,Costa Rica,1993,4.45187818901431
CRI,Costa Rica,1992,6.47188895218298
CRI,Costa Rica,1991,-0.304259137596446
CRI,Costa Rica,1990,0.969665370569132
CRI,Costa Rica,1989,3.0372287991605
CRI,Costa Rica,1988,0.804476560644147
CRI,Costa Rica,1987,2.03077450785212
CRI,Costa Rica,1986,2.71459943765286
CRI,Costa Rica,1985,-2.00772124488137
CRI,Costa Rica,1984,5.09057323467835
CRI,Costa Rica,1983,0.0746781222387369
CRI,Costa Rica,1982,-9.78883050608906
CRI,Costa Rica,1981,-4.88765262852235
CRI,Costa Rica,1980,-1.95137558258219
CRI,Costa Rica,1979,2.143441659882
CRI,Costa Rica,1978,3.4762072766422
CRI,Costa Rica,1977,6.07689194805107
CRI,Costa Rica,1976,2.81277818792364
CRI,Costa Rica,1975,-0.489413430286319
CRI,Costa Rica,1974,2.89029162591079
CRI,Costa Rica,1973,4.99526020138762
CRI,Costa Rica,1972,5.40367237753038
CRI,Costa Rica,1971,3.97467342501967
CRI,Costa Rica,1970,4.59930003786566
CRI,Costa Rica,1969,2.57073509389667
CRI,Costa Rica,1968,5.34280447968538
CRI,Costa Rica,1967,2.43551681284939
CRI,Costa Rica,1966,3.57971572310687
CRI,Costa Rica,1965,4.6268469888393
CRI,Costa Rica,1964,0.121033546130931
CRI,Costa Rica,1963,3.13560952829692
CRI,Costa Rica,1962,1.64167206421328
CRI,Costa Rica,1961,-1.84892293350333
CIV,Cote d'Ivoire,2025,3.96926488985672
CIV,Cote d'Ivoire,2024,3.46791305721162
CIV,Cote d'Ivoire,2023,3.96403768524576
CIV,Cote d'Ivoire,2022,3.75602084659074
CIV,Cote d'Ivoire,2021,4.4463193708041
CIV,Cote d'Ivoire,2020,-1.81621061689408
CIV,Cote d'Ivoire,2019,3.96244737490909
CIV,Cote d'Ivoire,2018,2.05334874793748
CIV,Cote d'Ivoire,2017,4.42161228468103
CIV,Cote d'Ivoire,2016,4.10858359182184
CIV,Cote d'Ivoire,2015,4.14232947521536
CIV,Cote d'Ivoire,2014,6.75169825092141
CIV,Cote d'Ivoire,2013,8.5732243032672
CIV,Cote d'Ivoire,2012,5.39583595248281
CIV,Cote d'Ivoire,2011,-7.40424970030114
CIV,Cote d'Ivoire,2010,4.5193074547668
CIV,Cote d'Ivoire,2009,1.32618518113594
CIV,Cote d'Ivoire,2008,2.42600024388695
CIV,Cote d'Ivoire,2007,-1.22415870474471
CIV,Cote d'Ivoire,2006,0.421959618326611
CIV,Cote d'Ivoire,2005,-1.38664840401142
CIV,Cote d'Ivoire,2004,0.712925866714116
CIV,Cote d'Ivoire,2003,-7.07101837658274
CIV,Cote d'Ivoire,2002,-5.21173930372343
CIV,Cote d'Ivoire,2001,-4.73706957562547
CIV,Cote d'Ivoire,2000,-2.98789209303686
CIV,Cote d'Ivoire,1999,-2.07680883648156
CIV,Cote d'Ivoire,1998,0.404815446696844
CIV,Cote d'Ivoire,1997,5.51590083803082
CIV,Cote d'Ivoire,1996,3.63603752351062
CIV,Cote d'Ivoire,1995,3.02718524731407
CIV,Cote d'Ivoire,1994,-3.07844096219641
CIV,Cote d'Ivoire,1993,-4.08453429777113
CIV,Cote d'Ivoire,1992,-4.14732494866662
CIV,Cote d'Ivoire,1991,-3.85610474106537
CIV,Cote d'Ivoire,1990,-4.9093999603687
CIV,Cote d'Ivoire,1989,-0.95726163000495
CIV,Cote d'Ivoire,1988,-2.66415690762632
CIV,Cote d'Ivoire,1987,-4.11920012990711
CIV,Cote d'Ivoire,1986,-0.700892854841626
CIV,Cote d'Ivoire,1985,0.442451456249174
CIV,Cote d'Ivoire,1984,-6.51004627759795
CIV,Cote d'Ivoire,1983,-7.6809941303711
CIV,Cote d'Ivoire,1982,-3.75122186685714
CIV,Cote d'Ivoire,1981,-0.562326375567451
CIV,Cote d'Ivoire,1980,-14.4069419618659
CIV,Cote d'Ivoire,1979,-1.48168984848949
CIV,Cote d'Ivoire,1978,6.8077849740796
CIV,Cote d'Ivoire,1977,3.44524962590836
CIV,Cote d'Ivoire,1976,8.41025764206348
CIV,Cote d'Ivoire,1975,3.42453359950802
CIV,Cote d'Ivoire,1974,-0.33158369310037
CIV,Cote d'Ivoire,1973,1.22493763996148
CIV,Cote d'Ivoire,1972,-0.328982186808318
CIV,Cote d'Ivoire,1971,4.82140589752017
CIV,Cote d'Ivoire,1970,5.90122199628114
CIV,Cote d'Ivoire,1969,5.27344694856279
CIV,Cote d'Ivoire,1968,8.256614775383
CIV,Cote d'Ivoire,1967,0.627023698007619
CIV,Cote d'Ivoire,1966,7.34524241238725
CIV,Cote d'Ivoire,1965,-6.78308326844027
CIV,Cote d'Ivoire,1964,13.1580774784306
CIV,Cote d'Ivoire,1963,10.1713603588897
CIV,Cote d'Ivoire,1962,-2.52815767861404
CIV,Cote d'Ivoire,1961,5.99461548115963
HRV,Croatia,2025,3.1363113364947
HRV,Croatia,2024,3.65085264409362
HRV,Croatia,2023,3.65329698905039
HRV,Croatia,2022,7.94429675001722
HRV,Croatia,2021,13.6540779633306
HRV,Croatia,2020,-7.48629145426857
HRV,Croatia,2019,4.13065464683689
HRV,Croatia,2018,4.26898598804596
HRV,Croatia,2017,4.95698866850903
HRV,Croatia,2016,4.59625905495034
HRV,Croatia,2015,3.54970254475377
HRV,Croatia,2014,0.20548399994118
HRV,Croatia,2013,0.491232719081154
HRV,Croatia,2012,-1.77225046048896
HRV,Croatia,2011,0.233948098216914
HRV,Croatia,2010,-1.11211829111342
HRV,Croatia,2009,-6.71376495542094
HRV,Croatia,2008,1.98388228188433
HRV,Croatia,2007,5.07179924204281
HRV,Croatia,2006,5.04515240807896
HRV,Croatia,2005,4.19397635804874
HRV,Croatia,2004,4.14142900899388
HRV,Croatia,2003,5.5383780446826
HRV,Croatia,2002,5.73914762696708
HRV,Croatia,2001,7.15557497333592
HRV,Croatia,2000,3.96819591961956
HRV,Croatia,1999,-0.421163988666422
HRV,Croatia,1998,2.31628768676903
HRV,Croatia,1997,6.68450076023788
HRV,Croatia,1996,7.57681825816836
HRV,Croatia,1995,7.48897024439002
HRV,Croatia,1994,4.69705259764521
HRV,Croatia,1993,-8.51829523360919
HRV,Croatia,1992,-9.52911083766807
HRV,Croatia,1991,-19.6019000057714
CUB,Cuba,2024,-0.699961142159495
CUB,Cuba,2023,-1.5743835905819
CUB,Cuba,2022,2.34839091134221
CUB,Cuba,2021,1.74778827156759
CUB,Cuba,2020,-10.7383538682124
CUB,Cuba,2019,0.0532186639248664
CUB,Cuba,2018,2.43656837458022
CUB,Cuba,2017,1.97075471516408
CUB,Cuba,2016,0.597183645134152
CUB,Cuba,2015,4.53753785531039
CUB,Cuba,2014,1.15852883229009
CUB,Cuba,2013,2.79314623294214
CUB,Cuba,2012,3.00028175038565
CUB,Cuba,2011,2.76444210196216
CUB,Cuba,2010,2.36597236588088
CUB,Cuba,2009,1.42474509664487
CUB,Cuba,2008,4.07542754472641
CUB,Cuba,2007,7.17925242550075
CUB,Cuba,2006,11.9069237505458
CUB,Cuba,2005,10.9666851161532
CUB,Cuba,2004,5.49410195800384
CUB,Cuba,2003,3.49676185017218
CUB,Cuba,2002,1.12278132692103
CUB,Cuba,2001,2.86074719657753
CUB,Cuba,2000,5.56315407850497
CUB,Cuba,1999,5.8289371168088
CUB,Cuba,1998,-0.174678072264157
CUB,Cuba,1997,2.44769000630836
CUB,Cuba,1996,7.47822503827842
CUB,Cuba,1995,2.08826431237451
CUB,Cuba,1994,0.300685045533882
CUB,Cuba,1993,-15.3118366893073
CUB,Cuba,1992,-12.1393705305651
CUB,Cuba,1991,-11.4079878056485
CUB,Cuba,1990,-3.84822465768245
CUB,Cuba,1989,-0.282037912069939
CUB,Cuba,1988,2.7388918714524
CUB,Cuba,1987,-3.2623931374327
CUB,Cuba,1986,-0.754948780795104
CUB,Cuba,1985,0.757183025934978
CUB,Cuba,1984,7.04820772969525
CUB,Cuba,1983,4.58488277642482
CUB,Cuba,1982,8.22203902302428
CUB,Cuba,1981,19.1472814084795
CUB,Cuba,1980,-5.25160677302651
CUB,Cuba,1979,0.556254941334288
CUB,Cuba,1978,5.89860114814994
CUB,Cuba,1977,7.83970875990205
CUB,Cuba,1976,4.4199047403729
CUB,Cuba,1975,8.25756484504619
CUB,Cuba,1974,-0.29588768768626
CUB,Cuba,1973,1.96559203969984
CUB,Cuba,1972,3.16297317162646
CUB,Cuba,1971,6.71303935231944
CUW,Curacao,2024,4.14273671054548
CUW,Curacao,2023,3.30385721875324
CUW,Curacao,2022,7.34318830024098
CUW,Curacao,2021,5.22183871931962
CUW,Curacao,2020,-17.4108327282771
CUW,Curacao,2019,-2.04109664387006
CUW,Curacao,2018,-1.58863051943423
CUW,Curacao,2017,-1.59116272960222
CUW,Curacao,2016,-2.11116210733545
CUW,Curacao,2015,-0.858779914555939
CUW,Curacao,2014,-1.96746652701209
CUW,Curacao,2013,-1.75580782515972
CUW,Curacao,2012,-1.1725619495316
CUW,Curacao,2011,-0.90956664776219
CUW,Curacao,2010,-1.17626862745298
CUW,Curacao,2009,-1.17689651776027
CUW,Curacao,2008,0.910342294763453
CUW,Curacao,2007,0.466173824147887
CUW,Curacao,2006,-0.940961791444465
CUW,Curacao,2005,-1.85843997498654
CUW,Curacao,2004,-1.50534018302206
CUW,Curacao,2003,-1.75868169706047
CUW,Curacao,2002,0.274293371213943
CUW,Curacao,2001,3.00794601323111
CYP,Cyprus,2025,2.3484337138903
CYP,Cyprus,2024,2.29692471382049
CYP,Cyprus,2023,1.64038753278454
CYP,Cyprus,2022,6.73560400602804
CYP,Cyprus,2021,9.74651161533515
CYP,Cyprus,2020,-4.51403585865228
CYP,Cyprus,2019,4.46826562163456
CYP,Cyprus,2018,5.05105337795295
CYP,Cyprus,2017,4.85340888107815
CYP,Cyprus,2016,6.01835711404337
CYP,Cyprus,2015,3.19512275980128
CYP,Cyprus,2014,-1.48883694697456
CYP,Cyprus,2013,-6.48031760121023
CYP,Cyprus,2012,-4.90738549673117
CYP,Cyprus,2011,-2.1129375771815
CYP,Cyprus,2010,-0.357614019094044
CYP,Cyprus,2009,-4.61048255739776
CYP,Cyprus,2008,1.07674041142521
CYP,Cyprus,2007,2.88426389868701
CYP,Cyprus,2006,2.98125084368819
CYP,Cyprus,2005,3.35375226035941
CYP,Cyprus,2004,3.63073785684536
CYP,Cyprus,2003,1.38363254964506
CYP,Cyprus,2002,2.54108667123634
CYP,Cyprus,2001,2.83811951306716
CYP,Cyprus,2000,4.84416050602792
CYP,Cyprus,1999,3.82959819557441
CYP,Cyprus,1998,4.81777679624574
CYP,Cyprus,1997,1.19626199107205
CYP,Cyprus,1996,-0.352429769131803
CYP,Cyprus,1995,6.41553956973846
CYP,Cyprus,1994,3.73220287690552
CYP,Cyprus,1993,-1.70263122109378
CYP,Cyprus,1992,6.52783779751871
CYP,Cyprus,1991,-1.83474308662072
CYP,Cyprus,1990,5.13997001219491
CYP,Cyprus,1989,6.41951308866611
CYP,Cyprus,1988,7.50078629746844
CYP,Cyprus,1987,5.90727258493816
CYP,Cyprus,1986,2.52140537633036
CYP,Cyprus,1985,3.61523782627688
CYP,Cyprus,1984,7.35775195023427
CYP,Cyprus,1983,4.7150443523613
CYP,Cyprus,1982,4.77450967139947
CYP,Cyprus,1981,0.828828672231708
CYP,Cyprus,1980,4.61063602710614
CYP,Cyprus,1979,9.05434830861364
CYP,Cyprus,1978,7.37835387901976
CYP,Cyprus,1977,16.3479757119071
CYP,Cyprus,1976,21.2448705756902
CZE,Czechia,2025,2.75148320535214
CZE,Czechia,2024,0.870762995860048
CZE,Czechia,2023,-1.71985869478267
CZE,Czechia,2022,1.24409473190281
CZE,Czechia,2021,5.93106968937249
CZE,Czechia,2020,-5.53491969820153
CZE,Czechia,2019,3.15874802851988
CZE,Czechia,2018,2.48698770067625
CZE,Czechia,2017,4.8945501951199
CZE,Czechia,2016,2.3840542545404
CZE,Czechia,2015,4.75262406436026
CZE,Czechia,2014,2.13762755318902
CZE,Czechia,2013,-0.0749629946207335
CZE,Czechia,2012,-0.909418387644408
CZE,Czechia,2011,1.56218619113156
CZE,Czechia,2010,2.41582948883936
CZE,Czechia,2009,-5.33917399896316
CZE,Czechia,2008,1.76470872925512
CZE,Czechia,2007,4.87504670244317
CZE,Czechia,2006,6.33483268224242
CZE,Czechia,2005,6.22798628216121
CZE,Czechia,2004,4.70446820099657
CZE,Czechia,2003,3.33040637361914
CZE,Czechia,2002,1.7094695893478
CZE,Czechia,2001,3.30462712952885
CZE,Czechia,2000,4.3027395227283
CZE,Czechia,1999,1.4819978336992
CZE,Czechia,1998,-0.298733210762791
CZE,Czechia,1997,-0.48866001797569
CZE,Czechia,1996,4.28988759442122
CZE,Czechia,1995,6.28655461872729
CZE,Czechia,1994,2.87214353749437
CZE,Czechia,1993,-0.0420531080889361
CZE,Czechia,1992,-0.608213629619769
CZE,Czechia,1991,-11.4025060254434
DNK,Denmark,2025,2.3772870123953
DNK,Denmark,2024,2.95776259160623
DNK,Denmark,2023,-0.138322294600371
DNK,Denmark,2022,-0.344058639271637
DNK,Denmark,2021,6.03966577353796
DNK,Denmark,2020,-2.06613837683189
DNK,Denmark,2019,1.34779245340653
DNK,Denmark,2018,1.35619600199787
DNK,Denmark,2017,2.39559065097636
DNK,Denmark,2016,2.27180151789635
DNK,Denmark,2015,1.38566632188861
DNK,Denmark,2014,0.765766155124069
DNK,Denmark,2013,0.970845909690212
DNK,Denmark,2012,-0.380977125445526
DNK,Denmark,2011,0.894526404293345
DNK,Denmark,2010,1.13266938250023
DNK,Denmark,2009,-5.48158280998165
DNK,Denmark,2008,-1.00055940971312
DNK,Denmark,2007,0.540321532272571
DNK,Denmark,2006,3.47585987311464
DNK,Denmark,2005,2.07801485327876
DNK,Denmark,2004,2.51108744805822
DNK,Denmark,2003,0.168251992521974
DNK,Denmark,2002,0.13609648331196
DNK,Denmark,2001,0.588959728591007
DNK,Denmark,2000,3.37790720232864
DNK,Denmark,1999,2.62716376228171
DNK,Denmark,1998,1.95536592147863
DNK,Denmark,1997,2.74063896703012
DNK,Denmark,1996,2.31508116508303
DNK,Denmark,1995,2.50262818967406
DNK,Denmark,1994,4.93970794392429
DNK,Denmark,1993,-0.411249992824509
DNK,Denmark,1992,1.68600814422976
DNK,Denmark,1991,1.1952189616914
DNK,Denmark,1990,1.49524829012768
DNK,Denmark,1989,0.636785441701889
DNK,Denmark,1988,0.224236933429594
DNK,Denmark,1987,0.335785646373267
DNK,Denmark,1986,4.59344206518372
DNK,Denmark,1985,4.11088238008001
DNK,Denmark,1984,4.39400889972002
DNK,Denmark,1983,2.72531731589652
DNK,Denmark,1982,3.96848147503196
DNK,Denmark,1981,-0.712787651436997
DNK,Denmark,1980,-0.872046504442324
DNK,Denmark,1979,3.7980268048252
DNK,Denmark,1978,2.09938385951698
DNK,Denmark,1977,1.66829531304036
DNK,Denmark,1976,5.72732123458806
DNK,Denmark,1975,-1.69369478529879
DNK,Denmark,1974,-1.42430005031177
DNK,Denmark,1973,4.08838515008192
DNK,Denmark,1972,3.20557957964051
DNK,Denmark,1971,2.46332872865116
DNK,Denmark,1970,1.09350098028396
DNK,Denmark,1969,6.21015842819288
DNK,Denmark,1968,5.21048795550377
DNK,Denmark,1967,5.05468553455073
DNK,Denmark,1966,1.91919797827072
DNK,Denmark,1965,3.74368491253287
DNK,Denmark,1964,8.40011926059461
DNK,Denmark,1963,-0.152610068385613
DNK,Denmark,1962,4.84744688156285
DNK,Denmark,1961,5.63874349296383
DJI,Djibouti,2025,5.11452662845488
DJI,Djibouti,2024,5.53622497099775
DJI,Djibouti,2023,5.33919577490653
DJI,Djibouti,2022,3.70080389886223
DJI,Djibouti,2021,2.91169899255628
DJI,Djibouti,2020,-0.306867602824667
DJI,Djibouti,2019,3.91378440928256
DJI,Djibouti,2018,3.10861540140996
DJI,Djibouti,2017,3.73971530980459
DJI,Djibouti,2016,5.33331529745931
DJI,Djibouti,2015,5.45836831293627
DJI,Djibouti,2014,5.28018025983934
DMA,Dominica,2025,3.57496672818243
DMA,Dominica,2024,2.52288551933697
DMA,Dominica,2023,4.14467889969342
DMA,Dominica,2022,11.0179611001056
DMA,Dominica,2021,5.96160559948913
DMA,Dominica,2020,-15.323436855213
DMA,Dominica,2019,4.3983147374291
DMA,Dominica,2018,3.45033107598908
DMA,Dominica,2017,-6.04609004192379
DMA,Dominica,2016,2.6190351438682
DMA,Dominica,2015,-3.42415928778391
DMA,Dominica,2014,1.37836503321573
DMA,Dominica,2013,-0.851878257402049
DMA,Dominica,2012,-0.2512858516139
DMA,Dominica,2011,-0.238324807305119
DMA,Dominica,2010,-0.0983573113798997
DMA,Dominica,2009,-1.15010790521457
DMA,Dominica,2008,7.11042175462228
DMA,Dominica,2007,5.29519443966164
DMA,Dominica,2006,4.29152770069501
DMA,Dominica,2005,0.790489438557572
DMA,Dominica,2004,3.91890401306556
DMA,Dominica,2003,5.5517552208191
DMA,Dominica,2002,-3.19940574714551
DMA,Dominica,2001,0.262506178015016
DMA,Dominica,2000,2.8764856526242
DMA,Dominica,1999,0.724194338825384
DMA,Dominica,1998,4.0369538099694
DMA,Dominica,1997,2.34930373458376
DMA,Dominica,1996,3.1918365192295
DMA,Dominica,1995,3.0427308230102
DMA,Dominica,1994,-0.0288746186022735
DMA,Dominica,1993,2.00251375869615
DMA,Dominica,1992,1.98673248763679
DMA,Dominica,1991,1.83186797642074
DMA,Dominica,1990,6.21436795036516
DMA,Dominica,1989,0.45620630412111
DMA,Dominica,1988,8.45031747886911
DMA,Dominica,1987,6.88083722710458
DMA,Dominica,1986,7.58018788266652
DMA,Dominica,1985,1.86199208214235
DMA,Dominica,1984,4.6434766110028
DMA,Dominica,1983,3.01407635769644
DMA,Dominica,1982,4.55457723388749
DMA,Dominica,1981,10.9766257302428
DMA,Dominica,1980,13.1908047871058
DMA,Dominica,1979,-18.62224909723
DMA,Dominica,1978,10.052406431878
DOM,Dominican Republic,2025,1.293661274082
DOM,Dominican Republic,2024,4.06915239840208
DOM,Dominican Republic,2023,1.28564825764879
DOM,Dominican Republic,2022,4.2328919676722
DOM,Dominican Republic,2021,12.8319080410071
DOM,Dominican Republic,2020,-8.88467221699831
DOM,Dominican Republic,2019,3.81572682273033
DOM,Dominican Republic,2018,5.95314205477773
DOM,Dominican Republic,2017,2.80931921775627
DOM,Dominican Republic,2016,5.54040978660888
DOM,Dominican Republic,2015,5.76452490966611
DOM,Dominican Republic,2014,5.84760695663518
DOM,Dominican Republic,2013,3.66423400861591
DOM,Dominican Republic,2012,1.50210074555162
DOM,Dominican Republic,2011,1.89038252427819
DOM,Dominican Republic,2010,7.02231182986095
DOM,Dominican Republic,2009,-0.268926599782176
DOM,Dominican Republic,2008,2.00088270726057
DOM,Dominican Republic,2007,6.11794398001162
DOM,Dominican Republic,2006,7.81376318948548
DOM,Dominican Republic,2005,8.00660714348427
DOM,Dominican Republic,2004,1.18538383413113
DOM,Dominican Republic,2003,-2.75964568450404
DOM,Dominican Republic,2002,2.9290209406912
DOM,Dominican Republic,2001,0.870183146599885
DOM,Dominican Republic,2000,2.96955695961634
DOM,Dominican Republic,1999,4.25234098357188
DOM,Dominican Republic,1998,4.95595590327112
DOM,Dominican Republic,1997,7.01862158352682
DOM,Dominican Republic,1996,4.05142622944865
DOM,Dominican Republic,1995,3.73796115811189
DOM,Dominican Republic,1994,0.644106083307577
DOM,Dominican Republic,1993,5.28712763371406
DOM,Dominican Republic,1992,9.03255738016968
DOM,Dominican Republic,1991,-1.11194103186752
DOM,Dominican Republic,1990,-7.42253842418627
DOM,Dominican Republic,1989,2.21539132123172
DOM,Dominican Republic,1988,0.0218847754761811
DOM,Dominican Republic,1987,7.79925636612437
DOM,Dominican Republic,1986,1.30378450277615
DOM,Dominican Republic,1985,-4.27424270185108
DOM,Dominican Republic,1984,-1.02994061516465
DOM,Dominican Republic,1983,2.24282496835141
DOM,Dominican Republic,1982,-0.648782133718242
DOM,Dominican Republic,1981,1.80250555730879
DOM,Dominican Republic,1980,5.34262179623968
DOM,Dominican Republic,1979,1.95428616342619
DOM,Dominican Republic,1978,-0.415491865184109
DOM,Dominican Republic,1977,2.31471836049224
DOM,Dominican Republic,1976,3.97508145591705
DOM,Dominican Republic,1975,2.4298225377941
DOM,Dominican Republic,1974,3.15523820385775
DOM,Dominican Republic,1973,9.81868573884464
DOM,Dominican Republic,1972,7.36491664077927
DOM,Dominican Republic,1971,7.8095721748908
DOM,Dominican Republic,1970,14.9411974682653
DOM,Dominican Republic,1969,7.78417731017196
DOM,Dominican Republic,1968,-2.61266920995595
DOM,Dominican Republic,1967,0.332269289415009
DOM,Dominican Republic,1966,10.1974866239212
DOM,Dominican Republic,1965,-15.0185757034423
DOM,Dominican Republic,1964,3.58168615235215
DOM,Dominican Republic,1963,3.28696812168607
DOM,Dominican Republic,1962,13.4582979902958
DOM,Dominican Republic,1961,-5.35100129947251
ECU,Ecuador,2025,2.85021075952048
ECU,Ecuador,2024,-2.7842885423931
ECU,Ecuador,2023,0.948258262430642
ECU,Ecuador,2022,5.0282959697896
ECU,Ecuador,2021,8.57789544186942
ECU,Ecuador,2020,-10.3108339169142
ECU,Ecuador,2019,-1.51253154807527
ECU,Ecuador,2018,-0.674558960176682
ECU,Ecuador,2017,4.36195467405905
ECU,Ecuador,2016,-2.12550882201938
ECU,Ecuador,2015,-1.30274985042635
ECU,Ecuador,2014,2.74412306472649
ECU,Ecuador,2013,5.61780573490684
ECU,Ecuador,2012,4.11233799510666
ECU,Ecuador,2011,6.71524931054121
ECU,Ecuador,2010,2.2990259381485
ECU,Ecuador,2009,-0.618743696364604
ECU,Ecuador,2008,4.76318326284088
ECU,Ecuador,2007,0.176823126136227
ECU,Ecuador,2006,2.56360111087805
ECU,Ecuador,2005,3.59103374682795
ECU,Ecuador,2004,4.9766254911447
ECU,Ecuador,2003,1.08541692667872
ECU,Ecuador,2002,3.10935393746668
ECU,Ecuador,2001,2.41820763888565
ECU,Ecuador,2000,-0.648225387551591
ECU,Ecuador,1999,-6.41692756074212
ECU,Ecuador,1998,1.4116455525819
ECU,Ecuador,1997,2.41860087252594
ECU,Ecuador,1996,-0.166942955094115
ECU,Ecuador,1995,0.326536599281397
ECU,Ecuador,1994,2.26037167910633
ECU,Ecuador,1993,-0.0759415801517349
ECU,Ecuador,1992,-0.0134164931923948
ECU,Ecuador,1991,2.06266435124181
ECU,Ecuador,1990,1.38509528648214
ECU,Ecuador,1989,-1.27279227457497
ECU,Ecuador,1988,3.44155915017861
ECU,Ecuador,1987,-2.63848968143327
ECU,Ecuador,1986,0.919413934576909
ECU,Ecuador,1985,1.29651813173118
ECU,Ecuador,1984,-0.0251234212967688
ECU,Ecuador,1983,-2.91985970406022
ECU,Ecuador,1982,-2.00691549275766
ECU,Ecuador,1981,2.82948762101213
ECU,Ecuador,1980,0.952627019811672
ECU,Ecuador,1979,0.958252303834328
ECU,Ecuador,1978,2.84629822867481
ECU,Ecuador,1977,-1.17470503063848
ECU,Ecuador,1976,4.42416712071815
ECU,Ecuador,1975,7.85921266778445
ECU,Ecuador,1974,8.04934364582815
ECU,Ecuador,1973,10.6789981468617
ECU,Ecuador,1972,1.97791939698682
ECU,Ecuador,1971,3.19664986715802
ECU,Ecuador,1970,3.74408619498435
ECU,Ecuador,1969,1.5939932983338
ECU,Ecuador,1968,-1.08867427568094
ECU,Ecuador,1967,1.54865788647022
ECU,Ecuador,1966,-3.25405407209202
ECU,Ecuador,1965,0.275625276060424
ECU,Ecuador,1964,4.31632845999789
ECU,Ecuador,1963,-0.801582911510138
ECU,Ecuador,1962,1.96244334429009
ECU,Ecuador,1961,2.19841221373321
EGY,"Egypt, Arab Rep.",2025,2.78005160543854
EGY,"Egypt, Arab Rep.",2024,0.639636335125445
EGY,"Egypt, Arab Rep.",2023,2.02315842412948
EGY,"Egypt, Arab Rep.",2022,5.01555864975533
EGY,"Egypt, Arab Rep.",2021,1.76220484274864
EGY,"Egypt, Arab Rep.",2020,1.88111976012442
EGY,"Egypt, Arab Rep.",2019,3.71584088502073
EGY,"Egypt, Arab Rep.",2018,3.35166753239859
EGY,"Egypt, Arab Rep.",2017,2.12015477140174
EGY,"Egypt, Arab Rep.",2016,2.24497375695228
EGY,"Egypt, Arab Rep.",2015,2.2041585800734
EGY,"Egypt, Arab Rep.",2014,0.599558564662246
EGY,"Egypt, Arab Rep.",2013,-0.14323388106547
EGY,"Egypt, Arab Rep.",2012,-0.042967018335915
EGY,"Egypt, Arab Rep.",2011,-0.354646268621011
EGY,"Egypt, Arab Rep.",2010,3.14977851159885
EGY,"Egypt, Arab Rep.",2009,2.7155259211155
EGY,"Egypt, Arab Rep.",2008,5.17381069982021
EGY,"Egypt, Arab Rep.",2007,5.08546727843067
EGY,"Egypt, Arab Rep.",2006,4.77751297925985
EGY,"Egypt, Arab Rep.",2005,2.38032461730565
EGY,"Egypt, Arab Rep.",2004,1.96524683769799
EGY,"Egypt, Arab Rep.",2003,1.05358246795282
EGY,"Egypt, Arab Rep.",2002,0.258696269362616
EGY,"Egypt, Arab Rep.",2001,1.35955211640928
EGY,"Egypt, Arab Rep.",2000,4.09609057659976
EGY,"Egypt, Arab Rep.",1999,3.71403670912393
EGY,"Egypt, Arab Rep.",1998,3.29389108583953
EGY,"Egypt, Arab Rep.",1997,3.32846450125051
EGY,"Egypt, Arab Rep.",1996,2.83434543777562
EGY,"Egypt, Arab Rep.",1995,2.46357101461021
EGY,"Egypt, Arab Rep.",1994,1.75753283456244
EGY,"Egypt, Arab Rep.",1993,0.55376389998851
EGY,"Egypt, Arab Rep.",1992,2.00607720448467
EGY,"Egypt, Arab Rep.",1991,-1.62451619436897
EGY,"Egypt, Arab Rep.",1990,2.61630325467065
EGY,"Egypt, Arab Rep.",1989,2.10322476608667
EGY,"Egypt, Arab Rep.",1988,2.56957149459862
EGY,"Egypt, Arab Rep.",1987,0.992647870187866
EGY,"Egypt, Arab Rep.",1986,1.7925166270004
EGY,"Egypt, Arab Rep.",1985,2.68952214719384
EGY,"Egypt, Arab Rep.",1984,6.490132739744
EGY,"Egypt, Arab Rep.",1983,2.06209605252883
EGY,"Egypt, Arab Rep.",1982,6.92219589567003
EGY,"Egypt, Arab Rep.",1981,4.50284337961513
EGY,"Egypt, Arab Rep.",1980,7.17838246169202
EGY,"Egypt, Arab Rep.",1979,1.96639478092861
EGY,"Egypt, Arab Rep.",1978,5.99491983460854
EGY,"Egypt, Arab Rep.",1977,6.45293627261285
EGY,"Egypt, Arab Rep.",1976,10.6602169070771
EGY,"Egypt, Arab Rep.",1975,6.40124367025298
EGY,"Egypt, Arab Rep.",1974,-0.761728936896915
EGY,"Egypt, Arab Rep.",1973,1.15304427498042
EGY,"Egypt, Arab Rep.",1972,0.710927875139689
EGY,"Egypt, Arab Rep.",1971,1.68044196747962
EGY,"Egypt, Arab Rep.",1970,3.12088049511445
EGY,"Egypt, Arab Rep.",1969,2.74715073736938
EGY,"Egypt, Arab Rep.",1968,-3.99804501955977
EGY,"Egypt, Arab Rep.",1967,-1.66762140746077
EGY,"Egypt, Arab Rep.",1966,2.44632089168518
EGY,"Egypt, Arab Rep.",1965,2.27569981183935
EGY,"Egypt, Arab Rep.",1964,8.64303260452279
EGY,"Egypt, Arab Rep.",1963,7.65044443289365
EGY,"Egypt, Arab Rep.",1962,1.17722365013691
EGY,"Egypt, Arab Rep.",1961,2.47723455139828
SLV,El Salvador,2025,3.46015288359463
SLV,El Salvador,2024,2.12804375011343
SLV,El Salvador,2023,2.87505531109322
SLV,El Salvador,2022,2.55236385314032
SLV,El Salvador,2021,11.5271594106656
SLV,El Salvador,2020,-8.07562588564387
SLV,El Salvador,2019,2.39613321946494
SLV,El Salvador,2018,2.30913946286621
SLV,El Salvador,2017,2.0380895055328
SLV,El Salvador,2016,2.25589267443243
SLV,El Salvador,2015,2.05686593954016
SLV,El Salvador,2014,1.31071422282479
SLV,El Salvador,2013,1.82154176742195
SLV,El Salvador,2012,2.42155666583095
SLV,El Salvador,2011,3.43396823026714
SLV,El Salvador,2010,1.81801613607789
SLV,El Salvador,2009,-2.41599153160278
SLV,El Salvador,2008,1.82447186659891
SLV,El Salvador,2007,1.72041607620905
SLV,El Salvador,2006,4.39364908718933
SLV,El Salvador,2005,2.66532259162382
SLV,El Salvador,2004,0.787383831431995
SLV,El Salvador,2003,1.36275661190544
SLV,El Salvador,2002,1.25783126943534
SLV,El Salvador,2001,0.462204790046101
SLV,El Salvador,2000,0.626535379070958
SLV,El Salvador,1999,1.58990630941676
SLV,El Salvador,1998,2.02033395877885
SLV,El Salvador,1997,2.44459286819176
SLV,El Salvador,1996,0.0620554724499129
SLV,El Salvador,1995,3.86158381842201
SLV,El Salvador,1994,3.69954329248556
SLV,El Salvador,1993,4.4283085085419
SLV,El Salvador,1992,5.28734272506964
SLV,El Salvador,1991,-0.267045668925647
SLV,El Salvador,1990,2.87694943624557
SLV,El Salvador,1989,-1.0012323906666
SLV,El Salvador,1988,-0.149099217112905
SLV,El Salvador,1987,0.50182407492801
SLV,El Salvador,1986,-1.77325101840664
SLV,El Salvador,1985,-1.37348572944155
SLV,El Salvador,1984,-0.579001391831696
SLV,El Salvador,1983,-0.292072197122607
SLV,El Salvador,1982,-7.35997019822435
SLV,El Salvador,1981,-6.34428486688417
SLV,El Salvador,1980,-16.9489476313547
SLV,El Salvador,1979,-6.02536272841628
SLV,El Salvador,1978,3.09704720524282
SLV,El Salvador,1977,4.52229806713721
SLV,El Salvador,1976,2.80718498963427
SLV,El Salvador,1975,0.656013863718584
SLV,El Salvador,1974,2.94148956739086
SLV,El Salvador,1973,2.43221586974261
SLV,El Salvador,1972,3.65393675644722
SLV,El Salvador,1971,1.40583563493118
SLV,El Salvador,1970,0.386271474352867
SLV,El Salvador,1969,0.715996767967326
SLV,El Salvador,1968,0.401605988776652
SLV,El Salvador,1967,2.50212618310157
SLV,El Salvador,1966,4.18185348511599
GNQ,Equatorial Guinea,2025,-8.07696238295122
GNQ,Equatorial Guinea,2024,-1.98923228918052
GNQ,Equatorial Guinea,2023,-9.62995914700062
GNQ,Equatorial Guinea,2022,0.661786258781987
GNQ,Equatorial Guinea,2021,-1.56652040015599
GNQ,Equatorial Guinea,2020,-7.35874657366674
GNQ,Equatorial Guinea,2019,-8.52391282041842
GNQ,Equatorial Guinea,2018,-9.37041905185943
GNQ,Equatorial Guinea,2017,-8.94053555047577
GNQ,Equatorial Guinea,2016,-12.0971098998986
GNQ,Equatorial Guinea,2015,-12.4917142663428
GNQ,Equatorial Guinea,2014,-3.43058595312914
GNQ,Equatorial Guinea,2013,-7.8885603944365
GNQ,Equatorial Guinea,2012,3.98800386782088
GNQ,Equatorial Guinea,2011,1.99905762799257
GNQ,Equatorial Guinea,2010,-13.0151718370352
GNQ,Equatorial Guinea,2009,-3.22046029526918
GNQ,Equatorial Guinea,2008,12.5326733451216
GNQ,Equatorial Guinea,2007,10.1968975693747
GNQ,Equatorial Guinea,2006,3.03105558195507
GNQ,Equatorial Guinea,2005,10.9012034435108
GNQ,Equatorial Guinea,2004,30.0162976688723
GNQ,Equatorial Guinea,2003,7.24786542705019
GNQ,Equatorial Guinea,2002,12.258597420866
GNQ,Equatorial Guinea,2001,53.2356880825419
GNQ,Equatorial Guinea,2000,12.1516339606444
GNQ,Equatorial Guinea,1999,20.8161079369241
GNQ,Equatorial Guinea,1998,19.0314989040498
GNQ,Equatorial Guinea,1997,140.490577857747
GNQ,Equatorial Guinea,1996,60.3410922687992
GNQ,Equatorial Guinea,1995,13.1414865232391
GNQ,Equatorial Guinea,1994,12.4030083731601
GNQ,Equatorial Guinea,1993,6.99994947988674
GNQ,Equatorial Guinea,1992,29.8508862868735
GNQ,Equatorial Guinea,1991,-4.63031817511198
GNQ,Equatorial Guinea,1990,-5.37648309315803
GNQ,Equatorial Guinea,1989,-4.93885696360292
GNQ,Equatorial Guinea,1988,-1.34423283943052
GNQ,Equatorial Guinea,1987,0.0385112236216827
GNQ,Equatorial Guinea,1986,-6.95933815288996
GNQ,Equatorial Guinea,1985,6.8585331073261
GNQ,Equatorial Guinea,1984,-4.93416067286991
GNQ,Equatorial Guinea,1983,-1.47925250730012
GNQ,Equatorial Guinea,1982,-3.813396497729
GNQ,Equatorial Guinea,1981,0.674385038428667
ERI,Eritrea,2011,6.74798297853228
ERI,Eritrea,2010,0.205918877679608
ERI,Eritrea,2009,1.3025781558331
ERI,Eritrea,2008,-12.1248431632963
ERI,Eritrea,2007,-0.04176960463559
ERI,Eritrea,2006,-2.51821345546691
ERI,Eritrea,2005,0.14882340502966
ERI,Eritrea,2004,-2.6238903510386
ERI,Eritrea,2003,-6.59492016605172
ERI,Eritrea,2002,-0.47685782309577
ERI,Eritrea,2001,5.69571154371637
ERI,Eritrea,2000,-4.61837133772084
ERI,Eritrea,1999,-1.44917603320451
ERI,Eritrea,1998,0.452407592557293
ERI,Eritrea,1997,6.72181364621743
ERI,Eritrea,1996,3.96150472866739
ERI,Eritrea,1995,-2.79691785991288
ERI,Eritrea,1994,17.5536356070169
ERI,Eritrea,1993,9.95466994106025
EST,Estonia,2025,1.01609649856567
EST,Estonia,2024,-0.239652154313688
EST,Estonia,2023,-4.26634480137913
EST,Estonia,2022,-2.53754963208853
EST,Estonia,2021,8.14019436008853
EST,Estonia,2020,-3.07548007766944
EST,Estonia,2019,3.3419636171697
EST,Estonia,2018,3.33940936378892
EST,Estonia,2017,5.50685731354206
EST,Estonia,2016,3.06301090349199
EST,Estonia,2015,1.77141701957223
EST,Estonia,2014,3.59411590769302
EST,Estonia,2013,2.1192820000981
EST,Estonia,2012,4.04377186018716
EST,Estonia,2011,7.93414724975237
EST,Estonia,2010,2.68366165094633
EST,Estonia,2009,-14.4654981470721
EST,Estonia,2008,-4.87057915292706
EST,Estonia,2007,8.06276601408268
EST,Estonia,2006,10.4117043601584
EST,Estonia,2005,10.1516023275001
EST,Estonia,2004,7.44108988454812
EST,Estonia,2003,8.27372395680648
EST,Estonia,2002,7.61250041092767
EST,Estonia,2001,6.55731967784041
EST,Estonia,2000,9.55642258870186
EST,Estonia,1999,-0.717824690967987
EST,Estonia,1998,5.34690225116847
EST,Estonia,1997,14.3472160464527
EST,Estonia,1996,6.50278220805234
EST,Estonia,1995,6.40966163293852
EST,Estonia,1994,0.483688045374222
EST,Estonia,1993,-3.28244543285909
EST,Estonia,1992,-19.71743228716
EST,Estonia,1991,-7.5366963113602
SWZ,Eswatini,2025,3.08642991125257
SWZ,Eswatini,2024,2.01061156828082
SWZ,Eswatini,2023,2.55749887128813
SWZ,Eswatini,2022,-0.628894036514311
SWZ,Eswatini,2021,3.03852368946784
SWZ,Eswatini,2020,-3.9978006899122
SWZ,Eswatini,2019,5.4445627805287
SWZ,Eswatini,2018,-0.853481330729949
SWZ,Eswatini,2017,2.74440888521023
SWZ,Eswatini,2016,2.34965752297238
SWZ,Eswatini,2015,1.12454682394791
SWZ,Eswatini,2014,1.49073514248317
SWZ,Eswatini,2013,3.53016648859264
SWZ,Eswatini,2012,3.53199247160502
SWZ,Eswatini,2011,1.27643647351354
SWZ,Eswatini,2010,3.21763655344279
SWZ,Eswatini,2009,0.784947122409747
SWZ,Eswatini,2008,0.758242258979109
SWZ,Eswatini,2007,3.71813879735403
SWZ,Eswatini,2006,6.19597048349081
SWZ,Eswatini,2005,5.4163606626928
SWZ,Eswatini,2004,2.99348109442741
SWZ,Eswatini,2003,3.82725927049805
SWZ,Eswatini,2002,3.26561899934499
SWZ,Eswatini,2001,0.48113089277777
SWZ,Eswatini,2000,0.721283694963475
SWZ,Eswatini,1999,1.83935005060023
SWZ,Eswatini,1998,1.29408471726158
SWZ,Eswatini,1997,1.38270951133504
SWZ,Eswatini,1996,1.80600301535019
SWZ,Eswatini,1995,4.90979822588127
SWZ,Eswatini,1994,2.41186788898422
SWZ,Eswatini,1993,0.144296327259056
SWZ,Eswatini,1992,-0.628243374154323
SWZ,Eswatini,1991,-2.24655656867003
SWZ,Eswatini,1990,16.2146112334514
SWZ,Eswatini,1989,7.78953833281142
SWZ,Eswatini,1988,1.77470059191013
SWZ,Eswatini,1987,10.2434100292503
SWZ,Eswatini,1986,7.90427711581066
SWZ,Eswatini,1985,0.0573666967944746
SWZ,Eswatini,1984,2.75819408945894
SWZ,Eswatini,1983,-2.06965855785583
SWZ,Eswatini,1982,-2.13462947065915
SWZ,Eswatini,1981,10.8937107950975
SWZ,Eswatini,1980,8.7842674432935
SWZ,Eswatini,1979,-0.242964668882166
SWZ,Eswatini,1978,-1.9566594547284
SWZ,Eswatini,1977,-2.17165556923189
SWZ,Eswatini,1976,-5.04783086923946
SWZ,Eswatini,1975,10.6135170537485
SWZ,Eswatini,1974,2.75128092343779
SWZ,Eswatini,1973,6.00326070864843
SWZ,Eswatini,1972,2.5713370801552
SWZ,Eswatini,1971,10.7400566660821
ETH,Ethiopia,2025,7.00658189199632
ETH,Ethiopia,2024,4.868199776186
ETH,Ethiopia,2023,3.85475024935491
ETH,Ethiopia,2022,2.59539967724329
ETH,Ethiopia,2021,2.85565763143852
ETH,Ethiopia,2020,3.22311599681393
ETH,Ethiopia,2019,5.48664147824387
ETH,Ethiopia,2018,3.97407545942133
ETH,Ethiopia,2017,6.61862070026751
ETH,Ethiopia,2016,6.5099145630674
ETH,Ethiopia,2015,7.4680767605293
ETH,Ethiopia,2014,7.33861859355025
ETH,Ethiopia,2013,7.61661454720691
ETH,Ethiopia,2012,5.64374376946701
ETH,Ethiopia,2011,8.06141676362226
ETH,Ethiopia,2010,9.4043448666486
ETH,Ethiopia,2009,5.7563855983106
ETH,Ethiopia,2008,7.62786742867665
ETH,Ethiopia,2007,8.23770708038126
ETH,Ethiopia,2006,7.62653694970021
ETH,Ethiopia,2005,8.5508986289875
ETH,Ethiopia,2004,10.221815108184
ETH,Ethiopia,2003,-5.07288652380292
ETH,Ethiopia,2002,-1.52885894017255
ETH,Ethiopia,2001,5.06530432457272
ETH,Ethiopia,2000,2.86806618904541
ETH,Ethiopia,1999,1.92717241678638
ETH,Ethiopia,1998,-6.44288564763505
ETH,Ethiopia,1997,-0.119280615629108
ETH,Ethiopia,1996,8.77685691778561
ETH,Ethiopia,1995,2.57532696159824
ETH,Ethiopia,1994,-0.340437448684114
ETH,Ethiopia,1993,9.23479849541557
ETH,Ethiopia,1992,-12.4354814898344
ETH,Ethiopia,1991,-11.073793028812
ETH,Ethiopia,1990,-1.00646889295157
ETH,Ethiopia,1989,-4.11569691071389
ETH,Ethiopia,1988,-3.34518199788337
ETH,Ethiopia,1987,10.0451187324464
ETH,Ethiopia,1986,6.4669208610524
ETH,Ethiopia,1985,-13.6118695750355
ETH,Ethiopia,1984,-5.34331479454821
ETH,Ethiopia,1983,5.25379811066873
ETH,Ethiopia,1982,-2.92602346701005
ETH,Ethiopia,1981,1.79300842573353
ETH,Ethiopia,1980,5.83727167777019
ETH,Ethiopia,1979,-2.55675410685249
ETH,Ethiopia,1978,1.01221130170914
ETH,Ethiopia,1977,0.765606087529463
ETH,Ethiopia,1976,-2.34815489377294
ETH,Ethiopia,1975,-1.19852341461873
ETH,Ethiopia,1974,0.63658536181066
ETH,Ethiopia,1973,2.34969399999395
ETH,Ethiopia,1972,1.47906696670439
ETH,Ethiopia,1971,3.65482353629109
ETH,Ethiopia,1970,0.669468375168321
ETH,Ethiopia,1969,-1.36262412612159
ETH,Ethiopia,1968,1.30452908796784
ETH,Ethiopia,1967,1.35005724435382
ETH,Ethiopia,1966,4.49669529872392
ETH,Ethiopia,1965,2.96970335866082
ETH,Ethiopia,1964,1.38597692696713
ETH,Ethiopia,1963,1.85932914425273
ETH,Ethiopia,1962,1.73003249839019
FRO,Faroe Islands,2024,0.397081062964816
FRO,Faroe Islands,2023,2.2200355417781
FRO,Faroe Islands,2022,2.68179027570467
FRO,Faroe Islands,2021,3.62712467824227
FRO,Faroe Islands,2020,-3.08017092370805
FRO,Faroe Islands,2019,2.93783373419572
FRO,Faroe Islands,2018,1.11536325937354
FRO,Faroe Islands,2017,2.03500931466967
FRO,Faroe Islands,2016,0.228343050722899
FRO,Faroe Islands,2015,-0.0144554034650923
FRO,Faroe Islands,2014,5.03590340286293
FRO,Faroe Islands,2013,5.95488006639857
FRO,Faroe Islands,2012,7.64028513939343
FRO,Faroe Islands,2011,3.80958689031866
FRO,Faroe Islands,2010,-0.105461192690626
FRO,Faroe Islands,2009,-5.02867328771298
FJI,Fiji,2025,2.7121998383011
FJI,Fiji,2024,3.01375309468594
FJI,Fiji,2023,8.88313429271439
FJI,Fiji,2022,17.3979446832272
FJI,Fiji,2021,-4.52835673234897
FJI,Fiji,2020,-17.1893281212242
FJI,Fiji,2019,-0.334080345193271
FJI,Fiji,2018,3.99107234875937
FJI,Fiji,2017,5.40003471633406
FJI,Fiji,2016,2.38011648097762
FJI,Fiji,2015,4.38823289212192
FJI,Fiji,2014,5.46160981322221
FJI,Fiji,2013,4.57032170520452
FJI,Fiji,2012,1.19749999071976
FJI,Fiji,2011,2.41603454017945
FJI,Fiji,2010,2.59506259774236
FJI,Fiji,2009,-1.80343317505495
FJI,Fiji,2008,0.410201054333271
FJI,Fiji,2007,-1.67524879277953
FJI,Fiji,2006,0.938932462650172
FJI,Fiji,2005,-0.214470375987901
FJI,Fiji,2004,4.32692550982252
FJI,Fiji,2003,0.0396498820572191
FJI,Fiji,2002,2.18333221669403
FJI,Fiji,2001,0.957064567258897
FJI,Fiji,2000,-2.7615422573721
FJI,Fiji,1999,7.54827853396347
FJI,Fiji,1998,0.0533657238103586
FJI,Fiji,1997,-3.20552942628481
FJI,Fiji,1996,4.14248235876835
FJI,Fiji,1995,1.98990255046905
FJI,Fiji,1994,4.51788064455776
FJI,Fiji,1993,1.48097014412023
FJI,Fiji,1992,5.33128434112055
FJI,Fiji,1991,-3.49122667830866
FJI,Fiji,1990,4.84299288693262
FJI,Fiji,1989,6.36974338132228
FJI,Fiji,1988,-0.129653527725225
FJI,Fiji,1987,-8.01279609457407
FJI,Fiji,1986,5.48430709502567
FJI,Fiji,1985,-6.85988398988809
FJI,Fiji,1984,5.80389016068183
FJI,Fiji,1983,-6.24627958621996
FJI,Fiji,1982,-8.20443486404298
FJI,Fiji,1981,3.82388831918723
FJI,Fiji,1980,-3.91985081216323
FJI,Fiji,1979,9.58042147488989
FJI,Fiji,1978,-0.514056394706557
FJI,Fiji,1977,3.73014554818107
FJI,Fiji,1976,1.04686121670258
FJI,Fiji,1975,-0.939061210463947
FJI,Fiji,1974,1.10648886205634
FJI,Fiji,1973,9.87188002319283
FJI,Fiji,1972,5.65421628597389
FJI,Fiji,1971,4.92689627106711
FJI,Fiji,1970,10.4980418392872
FJI,Fiji,1969,0.46980791377112
FJI,Fiji,1968,5.5613295801646
FJI,Fiji,1967,10.5375333832798
FJI,Fiji,1966,-2.85968587033157
FJI,Fiji,1965,-5.6344435168931
FJI,Fiji,1964,1.66270755995397
FJI,Fiji,1963,3.06944385100989
FJI,Fiji,1962,0.446440451487049
FJI,Fiji,1961,0.412843178740047
FIN,Finland,2025,-0.297135625498385
FIN,Finland,2024,-0.268412367688029
FIN,Finland,2023,-1.7812611103802
FIN,Finland,2022,0.489394588644501
FIN,Finland,2021,2.46373050011893
FIN,Finland,2020,-2.63099855258851
FIN,Finland,2019,1.23812097519217
FIN,Finland,2018,1.05884315705418
FIN,Finland,2017,3.06123169296772
FIN,Finland,2016,2.27754373131673
FIN,Finland,2015,0.136127693741741
FIN,Finland,2014,-0.888801631577977
FIN,Finland,2013,-1.43490157636175
FIN,Finland,2012,-1.99029082999297
FIN,Finland,2011,1.91685338301681
FIN,Finland,2010,2.69737665062684
FIN,Finland,2009,-8.51460466433139
FIN,Finland,2008,0.316320525705208
FIN,Finland,2007,4.86572137220107
FIN,Finland,2006,3.62113497225309
FIN,Finland,2005,2.42615653951086
FIN,Finland,2004,3.70383750334673
FIN,Finland,2003,1.76883520334854
FIN,Finland,2002,1.44115409187744
FIN,Finland,2001,2.40682902219235
FIN,Finland,2000,5.53441379935349
FIN,Finland,1999,4.14725721747845
FIN,Finland,1998,5.17468891307571
FIN,Finland,1997,6.0817680309835
FIN,Finland,1996,3.32316149378687
FIN,Finland,1995,3.83730925871322
FIN,Finland,1994,3.51720000799041
FIN,Finland,1993,-1.25873640874413
FIN,Finland,1992,-3.85315295201346
FIN,Finland,1991,-6.39324877557392
FIN,Finland,1990,0.246189467799468
FIN,Finland,1989,4.70524079224481
FIN,Finland,1988,4.92566165562631
FIN,Finland,1987,3.2677223490077
FIN,Finland,1986,2.42189739820009
FIN,Finland,1985,3.10912028736855
FIN,Finland,1984,2.67642028755743
FIN,Finland,1983,2.49118633716598
FIN,Finland,1982,2.51075017566549
FIN,Finland,1981,0.858289195872345
FIN,Finland,1980,5.06171430168345
FIN,Finland,1979,6.84849432651143
FIN,Finland,1978,2.62462588673449
FIN,Finland,1977,-0.0405058466502908
FIN,Finland,1976,0.0423518733126258
FIN,Finland,1975,1.35402497022343
FIN,Finland,1974,2.69745817246852
FIN,Finland,1973,6.37797931862636
FIN,Finland,1972,7.09615283779395
FIN,Finland,1971,2.22782448344215
FIN,Finland,1970,7.87821448499177
FIN,Finland,1969,9.65690484186067
FIN,Finland,1968,1.84500604022597
FIN,Finland,1967,1.61702896137881
FIN,Finland,1966,1.9898463319431
FIN,Finland,1965,4.9523896986162
FIN,Finland,1964,4.65485272386081
FIN,Finland,1963,2.55747230154148
FIN,Finland,1962,2.28404922193957
FIN,Finland,1961,6.84796496609353
FRA,France,2025,0.593421268268841
FRA,France,2024,0.925700761599856
FRA,France,2023,1.16054609449012
FRA,France,2022,2.20208858513766
FRA,France,2021,6.50155219757207
FRA,France,2020,-7.74056751254994
FRA,France,2019,1.68870844116209
FRA,France,2018,1.28216603702126
FRA,France,2017,1.78779549384231
FRA,France,2016,0.594243752389232
FRA,France,2015,0.708030590350688
FRA,France,2014,0.519383764691739
FRA,France,2013,0.26214454973659
FRA,France,2012,-0.299598729272304
FRA,France,2011,1.94433505424516
FRA,France,2010,1.49872466177408
FRA,France,2009,-3.32212444604225
FRA,France,2008,-0.178410661195599
FRA,France,2007,1.89856745333175
FRA,France,2006,2.00131130247657
FRA,France,2005,1.1253537135494
FRA,France,2004,2.11736543407739
FRA,France,2003,0.257866805308325
FRA,France,2002,0.335619014023663
FRA,France,2001,1.1593271284506
FRA,France,2000,3.42869029655284
FRA,France,1999,2.86728569454124
FRA,France,1998,3.06997018708124
FRA,France,1997,2.16193589623612
FRA,France,1996,1.03528502888366
FRA,France,1995,1.93291761763854
FRA,France,1994,2.00092888436674
FRA,France,1993,-0.791444096179944
FRA,France,1992,1.01174283165568
FRA,France,1991,0.729685951027619
FRA,France,1990,2.268451182731
FRA,France,1989,3.78375169549521
FRA,France,1988,4.21003285861991
FRA,France,1987,1.99730005194385
FRA,France,1986,1.86751539834408
FRA,France,1985,1.06265235277525
FRA,France,1984,1.11432810235115
FRA,France,1983,0.717848547478113
FRA,France,1982,2.06907254844478
FRA,France,1981,0.589285105722027
FRA,France,1980,1.13499020458092
FRA,France,1979,3.2316775733437
FRA,France,1978,3.47919733278744
FRA,France,1977,3.07125680600552
FRA,France,1976,3.89596423761951
FRA,France,1975,-1.41569324890409
FRA,France,1974,3.72619321259258
FRA,France,1973,5.33972143582457
FRA,France,1972,3.60082793884236
FRA,France,1971,4.30591766355121
FRA,France,1970,5.23806196732815
FRA,France,1969,6.21456747145352
FRA,France,1968,3.74594449516368
FRA,France,1967,3.95225786940368
FRA,France,1966,4.25656125851283
FRA,France,1965,3.83774871392582
FRA,France,1964,5.4524483404827
FRA,France,1963,5.04387858193047
FRA,France,1962,5.78849953083436
FRA,France,1961,3.86638337263079
PYF,French Polynesia,2024,0.879141456817294
PYF,French Polynesia,2023,2.50230703778058
PYF,French Polynesia,2022,2.7222043522178
PYF,French Polynesia,2021,3.1505198503273
PYF,French Polynesia,2020,-10.6298635700059
PYF,French Polynesia,2019,2.97688844901971
PYF,French Polynesia,2018,1.90583847677253
PYF,French Polynesia,2017,3.95416021395157
PYF,French Polynesia,2016,1.82142796079958
PYF,French Polynesia,2015,1.26147120448255
PYF,French Polynesia,2014,-0.0102536380222915
PYF,French Polynesia,2013,-0.201995117223149
PYF,French Polynesia,2012,-1.41984532236675
PYF,French Polynesia,2011,-3.37156943541497
PYF,French Polynesia,2010,-2.86221244709949
PYF,French Polynesia,2009,-4.62302243249042
PYF,French Polynesia,2008,-0.716512347599547
PYF,French Polynesia,2007,0.477742673226714
PYF,French Polynesia,2006,-0.534705152644719
PYF,French Polynesia,2005,-1.17936718824801
PYF,French Polynesia,2004,-0.615266204742809
PYF,French Polynesia,2003,0.559535344536414
PYF,French Polynesia,2002,-0.650790590620005
PYF,French Polynesia,2001,-1.87670498388422
PYF,French Polynesia,2000,1.63790019281309
PYF,French Polynesia,1999,0.295391159590849
PYF,French Polynesia,1998,0.0865317933867402
PYF,French Polynesia,1997,-1.70605641976239
PYF,French Polynesia,1996,-2.15351526781588
PYF,French Polynesia,1995,-1.9047640997783
PYF,French Polynesia,1994,-3.24829172571562
PYF,French Polynesia,1993,-2.97620764742084
PYF,French Polynesia,1992,-3.23438697031256
PYF,French Polynesia,1991,1.67566155020383
PYF,French Polynesia,1990,-1.90095853705124
PYF,French Polynesia,1989,-0.119196508348466
PYF,French Polynesia,1988,-5.9415854711882
PYF,French Polynesia,1987,-1.27189890101005
PYF,French Polynesia,1986,10.6850806353894
PYF,French Polynesia,1985,-3.6384060029233
PYF,French Polynesia,1984,-0.376948765623482
PYF,French Polynesia,1983,-0.624012304037905
PYF,French Polynesia,1982,-1.43818390493972
PYF,French Polynesia,1981,-0.553998949711243
PYF,French Polynesia,1980,-2.66313886184567
PYF,French Polynesia,1979,0.67037529882117
PYF,French Polynesia,1978,6.5184121595839
PYF,French Polynesia,1977,-0.932887380783981
PYF,French Polynesia,1976,5.01581121655521
PYF,French Polynesia,1975,-7.80077737651885
PYF,French Polynesia,1974,14.3119271673124
PYF,French Polynesia,1973,4.36803867101456
PYF,French Polynesia,1972,-7.77661963711111
PYF,French Polynesia,1971,8.26567137170665
PYF,French Polynesia,1970,-1.84879561265051
PYF,French Polynesia,1969,-6.00719169513117
PYF,French Polynesia,1968,11.0415281501382
PYF,French Polynesia,1967,-7.92274780927509
PYF,French Polynesia,1966,5.93248401568083
GAB,Gabon,2025,0.331924216765373
GAB,Gabon,2024,1.188352816788
GAB,Gabon,2023,0.210978858234995
GAB,Gabon,2022,0.747533658746065
GAB,Gabon,2021,-0.845244788994776
GAB,Gabon,2020,-4.15528083286725
GAB,Gabon,2019,1.38257599119697
GAB,Gabon,2018,-1.68804743568779
GAB,Gabon,2017,-2.16361774149249
GAB,Gabon,2016,-0.79183198007
GAB,Gabon,2015,0.693296575495864
GAB,Gabon,2014,0.869784891054778
GAB,Gabon,2013,1.98480609519432
GAB,Gabon,2012,1.552307854364
GAB,Gabon,2011,3.35937600321799
GAB,Gabon,2010,3.45835073677657
GAB,Gabon,2009,-3.14683049052138
GAB,Gabon,2008,-6.37298501256997
GAB,Gabon,2007,2.74524486560748
GAB,Gabon,2006,-5.6960834287439
GAB,Gabon,2005,-0.262443845603784
GAB,Gabon,2004,-2.09108844494591
GAB,Gabon,2003,-0.505326252378111
GAB,Gabon,2002,-2.88501235798608
GAB,Gabon,2001,-0.517762468580202
GAB,Gabon,2000,-4.3871748201515
GAB,Gabon,1999,-11.2242968907633
GAB,Gabon,1998,0.890580320643267
GAB,Gabon,1997,3.10492993236622
GAB,Gabon,1996,1.03427662418945
GAB,Gabon,1995,2.31093356602501
GAB,Gabon,1994,1.03021807065934
GAB,Gabon,1993,1.21485157056252
GAB,Gabon,1992,-5.6624500156035
GAB,Gabon,1991,3.26931010464506
GAB,Gabon,1990,2.34828480298293
GAB,Gabon,1989,5.58336886293019
GAB,Gabon,1988,9.74962687560345
GAB,Gabon,1987,-19.4129351524125
GAB,Gabon,1986,-3.50442324294255
GAB,Gabon,1985,-4.98060710396314
GAB,Gabon,1984,4.6072617988707
GAB,Gabon,1983,2.78001473821359
GAB,Gabon,1982,-5.66358482333102
GAB,Gabon,1981,2.36039014784252
GAB,Gabon,1980,-0.052581559372797
GAB,Gabon,1979,-2.02307676685317
GAB,Gabon,1978,-25.8924340069708
GAB,Gabon,1977,-14.642379758211
GAB,Gabon,1976,32.5368667286073
GAB,Gabon,1975,16.5791519988371
GAB,Gabon,1974,36.5375169763232
GAB,Gabon,1973,7.91707186937249
GAB,Gabon,1972,9.07566258873671
GAB,Gabon,1971,7.992832685908
GAB,Gabon,1970,6.38663679338678
GAB,Gabon,1969,6.04105445128017
GAB,Gabon,1968,0.869934044084914
GAB,Gabon,1967,2.51674633823917
GAB,Gabon,1966,2.97090871496344
GAB,Gabon,1965,6.81613592850623
GAB,Gabon,1964,3.15594802056076
GAB,Gabon,1963,4.73436938676342
GAB,Gabon,1962,6.14195985787087
GAB,Gabon,1961,13.4492519943536
GMB,"Gambia, The",2025,3.56273284761694
GMB,"Gambia, The",2024,3.1747025023372
GMB,"Gambia, The",2023,3.50722689105484
GMB,"Gambia, The",2022,3.07381399019251
GMB,"Gambia, The",2021,2.79304588389131
GMB,"Gambia, The",2020,-1.7631871131438
GMB,"Gambia, The",2019,3.74848295956672
GMB,"Gambia, The",2018,4.66787430455537
GMB,"Gambia, The",2017,2.20807546707253
GMB,"Gambia, The",2016,-0.701007891119758
GMB,"Gambia, The",2015,1.25137248146628
GMB,"Gambia, The",2014,-4.17258609769029
GMB,"Gambia, The",2013,-0.0966163079995681
GMB,"Gambia, The",2012,2.18645897140155
GMB,"Gambia, The",2011,-10.7772609082744
GMB,"Gambia, The",2010,2.87350950500529
GMB,"Gambia, The",2009,3.61238687182772
GMB,"Gambia, The",2008,3.21187607038
GMB,"Gambia, The",2007,0.0963372438063175
GMB,"Gambia, The",2006,-3.35221701800941
GMB,"Gambia, The",2005,-5.03011452953602
GMB,"Gambia, The",2004,4.16456397721086
GMB,"Gambia, The",2003,4.0302689250437
GMB,"Gambia, The",2002,-5.81287900613223
GMB,"Gambia, The",2001,2.97441795005224
GMB,"Gambia, The",2000,2.65021456237223
GMB,"Gambia, The",1999,3.48466497383448
GMB,"Gambia, The",1998,0.636396539831622
GMB,"Gambia, The",1997,1.96357415868005
GMB,"Gambia, The",1996,-0.690360718985545
GMB,"Gambia, The",1995,-2.07739136660906
GMB,"Gambia, The",1994,-3.01711393290937
GMB,"Gambia, The",1993,-0.696495507138579
GMB,"Gambia, The",1992,-0.7383852538714
GMB,"Gambia, The",1991,-1.13578611453352
GMB,"Gambia, The",1990,-0.696506329267095
GMB,"Gambia, The",1989,1.58212533454316
GMB,"Gambia, The",1988,0.269474369671656
GMB,"Gambia, The",1987,-1.62495397995868
GMB,"Gambia, The",1986,-0.000878849775020285
GMB,"Gambia, The",1985,-4.65135850423313
GMB,"Gambia, The",1984,-0.365477667828969
GMB,"Gambia, The",1983,6.86783211691481
GMB,"Gambia, The",1982,-4.21535683397065
GMB,"Gambia, The",1981,-0.202478175106037
GMB,"Gambia, The",1980,2.67789181651716
GMB,"Gambia, The",1979,-4.5722265062187
GMB,"Gambia, The",1978,2.91659838653831
GMB,"Gambia, The",1977,0.219473240434368
GMB,"Gambia, The",1976,4.11765068352071
GMB,"Gambia, The",1975,9.10842435560156
GMB,"Gambia, The",1974,2.80641509450734
GMB,"Gambia, The",1973,6.07571685129933
GMB,"Gambia, The",1972,-2.64297196359607
GMB,"Gambia, The",1971,-2.89740684949869
GMB,"Gambia, The",1970,3.18355214691137
GMB,"Gambia, The",1969,-0.413907463477386
GMB,"Gambia, The",1968,6.54928086056582
GMB,"Gambia, The",1967,-2.71435334767477
GEO,Georgia,2025,4.09646855399109
GEO,Georgia,2024,6.88825844146292
GEO,Georgia,2023,7.74568551727566
GEO,Georgia,2022,10.8422088053808
GEO,Georgia,2021,11.0650780067831
GEO,Georgia,2020,-6.35478715206467
GEO,Georgia,2019,5.56167165873158
GEO,Georgia,2018,6.10344745087359
GEO,Georgia,2017,5.14582677562736
GEO,Georgia,2016,3.38835328316745
GEO,Georgia,2015,3.18839294862944
GEO,Georgia,2014,4.04162752314514
GEO,Georgia,2013,5.44978265548417
GEO,Georgia,2012,7.36675215463949
GEO,Georgia,2011,8.8036288733672
GEO,Georgia,2010,7.02428366897674
GEO,Georgia,2009,-2.79118104819281
GEO,Georgia,2008,2.7332346709434
GEO,Georgia,2007,13.1643509520424
GEO,Georgia,2006,10.0452966712851
GEO,Georgia,2005,10.2895785214873
GEO,Georgia,2004,6.44984993877193
GEO,Georgia,2003,11.8096106867876
GEO,Georgia,2002,6.42465284351501
GEO,Georgia,2001,6.44578529290918
GEO,Georgia,2000,3.84018024327052
GEO,Georgia,1999,5.00558453773334
GEO,Georgia,1998,5.68429106346969
GEO,Georgia,1997,14.1232447418547
GEO,Georgia,1996,15.3128352453698
GEO,Georgia,1995,6.52521433798374
GEO,Georgia,1994,-9.00820164687457
GEO,Georgia,1993,-29.8414533345514
GEO,Georgia,1992,-45.3248837559735
GEO,Georgia,1991,-21.652946447153
GEO,Georgia,1990,-14.7657166211898
GEO,Georgia,1989,-7.43723179966314
GEO,Georgia,1988,4.51547691173728
GEO,Georgia,1987,0.448766891959991
GEO,Georgia,1986,-8.98763779625877
GEO,Georgia,1985,4.02522934899925
GEO,Georgia,1984,4.5315677189254
GEO,Georgia,1983,3.38897302522059
GEO,Georgia,1982,1.14247059836754
GEO,Georgia,1981,4.40661367296103
GEO,Georgia,1980,3.69867612947934
GEO,Georgia,1979,6.58296833746965
GEO,Georgia,1978,6.80418882269677
GEO,Georgia,1977,6.16815917602653
GEO,Georgia,1976,5.33721073796755
GEO,Georgia,1975,6.59086640762749
GEO,Georgia,1974,7.86898577673144
GEO,Georgia,1973,5.5488624770874
GEO,Georgia,1972,1.80205558935668
GEO,Georgia,1971,1.41043474879019
GEO,Georgia,1970,10.9750442932288
GEO,Georgia,1969,3.80071619599029
GEO,Georgia,1968,3.51240036502595
GEO,Georgia,1967,5.21596210398758
GEO,Georgia,1966,6.31302004310241
GEO,Georgia,1965,9.11237538043233
GEO,Georgia,1964,3.95314302001827
GEO,Georgia,1963,2.67821230245555
GEO,Georgia,1962,3.52806103163068
GEO,Georgia,1961,3.2236940862677
DEU,Germany,2025,0.270006343901656
DEU,Germany,2024,-0.769070552658818
DEU,Germany,2023,-0.999929288913975
DEU,Germany,2022,1.83161439976671
DEU,Germany,2021,3.86602720371127
DEU,Germany,2020,-4.21020011825779
DEU,Germany,2019,0.750266426253219
DEU,Germany,2018,0.832212527052548
DEU,Germany,2017,2.4144426920242
DEU,Germany,2016,1.40038690062336
DEU,Germany,2015,0.786705244581157
DEU,Germany,2014,1.75510660613023
DEU,Germany,2013,0.12338547838786
DEU,Germany,2012,0.275091009850499
DEU,Germany,2011,5.69928311502757
DEU,Germany,2010,4.29429269623485
DEU,Germany,2009,-5.30491661723096
DEU,Germany,2008,1.07991595041742
DEU,Germany,2007,3.0267913002332
DEU,Germany,2006,3.98390753495501
DEU,Germany,2005,0.942782582208039
DEU,Germany,2004,1.18405124273107
DEU,Germany,2003,-0.584856140854797
DEU,Germany,2002,-0.395859338643859
DEU,Germany,2001,1.46530767364665
DEU,Germany,2000,2.73729010710275
DEU,Germany,1999,2.06358047476192
DEU,Germany,1998,2.08015247927638
DEU,Germany,1997,1.70540495204754
DEU,Germany,1996,0.745819197608739
DEU,Germany,1995,1.20710412450657
DEU,Germany,1994,2.24160813771532
DEU,Germany,1993,-1.62189255701904
DEU,Germany,1992,1.24089739849393
DEU,Germany,1991,4.34522003553894
DEU,Germany,1990,4.35163907238731
DEU,Germany,1989,3.09618001325789
DEU,Germany,1988,3.30286374223702
DEU,Germany,1987,1.24649964678072
DEU,Germany,1986,2.24053503516963
DEU,Germany,1985,2.55688354526657
DEU,Germany,1984,3.17898722012832
DEU,Germany,1983,1.83903415602119
DEU,Germany,1982,-0.300057777160561
DEU,Germany,1981,0.376242518401
DEU,Germany,1980,1.19869391626099
DEU,Germany,1979,4.10433133910932
DEU,Germany,1978,3.09818166076312
DEU,Germany,1977,3.58143707197259
DEU,Germany,1976,5.40021216950142
DEU,Germany,1975,-0.496434276997888
DEU,Germany,1974,0.850760282845769
DEU,Germany,1973,4.44801721617243
DEU,Germany,1972,3.80247597428654
DEU,Germany,1971,2.94365020816905
DEU,Germany,1970,4.75408790195095
DEU,Germany,1969,6.56966308529672
DEU,Germany,1968,5.19988913817238
DEU,Germany,1967,-0.784914858236817
DEU,Germany,1966,1.95772159468103
DEU,Germany,1965,4.35005055069382
DEU,Germany,1964,5.78431913043119
DEU,Germany,1963,1.78848585022484
DEU,Germany,1962,3.70741300558251
DEU,Germany,1961,3.49857628356122
GHA,Ghana,2025,4.03001049809495
GHA,Ghana,2024,3.88131865617211
GHA,Ghana,2023,1.19022304482641
GHA,Ghana,2022,1.83051244958061
GHA,Ghana,2021,3.03800270044563
GHA,Ghana,2020,-1.46830801654092
GHA,Ghana,2019,4.39063133478864
GHA,Ghana,2018,4.01895338314475
GHA,Ghana,2017,5.78094585817396
GHA,Ghana,2016,1.04704406736222
GHA,Ghana,2015,-0.208325820413904
GHA,Ghana,2014,0.452244093941871
GHA,Ghana,2013,4.75796338524816
GHA,Ghana,2012,6.67974740594653
GHA,Ghana,2011,11.3370417824575
GHA,Ghana,2010,5.30617508163762
GHA,Ghana,2009,2.26068893513001
GHA,Ghana,2008,6.41466992518754
GHA,Ghana,2007,1.69171777527903
GHA,Ghana,2006,3.66950804093835
GHA,Ghana,2005,3.15861099530474
GHA,Ghana,2004,2.83982995857866
GHA,Ghana,2003,2.39760659496866
GHA,Ghana,2002,1.6652639048673
GHA,Ghana,2001,1.26692433665509
GHA,Ghana,2000,1.12706117579829
GHA,Ghana,1999,1.882232640083
GHA,Ghana,1998,2.18441521078265
GHA,Ghana,1997,1.74682048999631
GHA,Ghana,1996,2.18761953564251
GHA,Ghana,1995,1.68402714615945
GHA,Ghana,1994,0.846121792203618
GHA,Ghana,1993,2.2924206369743
GHA,Ghana,1992,1.32904577852237
GHA,Ghana,1991,2.6620471162506
GHA,Ghana,1990,0.725670862009096
GHA,Ghana,1989,2.49321568909531
GHA,Ghana,1988,3.12064353509851
GHA,Ghana,1987,2.41951445422532
GHA,Ghana,1986,2.90923690293133
GHA,Ghana,1985,2.85582116960212
GHA,Ghana,1984,5.8786494701893
GHA,Ghana,1983,-7.39109617124427
GHA,Ghana,1982,-9.58926890135842
GHA,Ghana,1981,-6.17650794838094
GHA,Ghana,1980,-2.4242388246859
GHA,Ghana,1979,-5.44695212886333
GHA,Ghana,1978,5.2300908922422
GHA,Ghana,1977,-0.696657028068174
GHA,Ghana,1976,-6.26728026026291
GHA,Ghana,1975,-14.9307065571164
GHA,Ghana,1974,3.79769903143396
GHA,Ghana,1973,-0.0430027197385101
GHA,Ghana,1972,-5.19376048717281
GHA,Ghana,1971,2.34442387239848
GHA,Ghana,1970,6.82937239126346
GHA,Ghana,1969,3.38780366072469
GHA,Ghana,1968,-2.04471136962684
GHA,Ghana,1967,0.615684860926422
GHA,Ghana,1966,-6.53387677338354
GHA,Ghana,1965,-1.03407959340102
GHA,Ghana,1964,-0.194917692932407
GHA,Ghana,1963,1.9421078355863
GHA,Ghana,1962,1.63024715880111
GHA,Ghana,1961,0.520685688130399
GRC,Greece,2025,1.9865406569992
GRC,Greece,2024,2.10832570957629
GRC,Greece,2023,2.43478151693941
GRC,Greece,2022,6.85973802216606
GRC,Greece,2021,9.9750809262257
GRC,Greece,2020,-9.00116455331775
GRC,Greece,2019,2.38497557963629
GRC,Greece,2018,2.27195132202993
GRC,Greece,2017,1.67402014860588
GRC,Greece,2016,0.384851865059588
GRC,Greece,2015,0.431225575747547
GRC,Greece,2014,1.46585655106406
GRC,Greece,2013,-1.56089629701783
GRC,Greece,2012,-7.83408943355501
GRC,Greece,2011,-9.74334160929287
GRC,Greece,2010,-5.81520524166056
GRC,Greece,2009,-4.37113631022572
GRC,Greece,2008,-0.2077841521306
GRC,Greece,2007,3.24351376995932
GRC,Greece,2006,6.12419382696766
GRC,Greece,2005,0.887221298370648
GRC,Greece,2004,5.11746949484984
GRC,Greece,2003,5.54464686570202
GRC,Greece,2002,4.30010645802261
GRC,Greece,2001,4.10776514479092
GRC,Greece,2000,3.71272971778744
GRC,Greece,1999,2.26587246758952
GRC,Greece,1998,2.86526159290254
GRC,Greece,1997,3.09310260480891
GRC,Greece,1996,0.936690833341629
GRC,Greece,1995,1.62382495931472
GRC,Greece,1994,1.4905588001274
GRC,Greece,1993,-2.177150507638
GRC,Greece,1992,-0.0662990265129082
GRC,Greece,1991,1.86983417669462
GRC,Greece,1990,-1.05223289834684
GRC,Greece,1989,3.25972956504248
GRC,Greece,1988,3.90977732680273
GRC,Greece,1987,-2.58512327400537
GRC,Greece,1986,0.185737959143879
GRC,Greece,1985,2.11229485279974
GRC,Greece,1984,1.5036721676605
GRC,Greece,1983,-1.65240252612271
GRC,Greece,1982,-1.74025233828002
GRC,Greece,1981,-2.43246106938695
GRC,Greece,1980,-0.306898946794945
GRC,Greece,1979,2.00245698792281
GRC,Greece,1978,5.86527270850065
GRC,Greece,1977,1.6103014763606
GRC,Greece,1976,5.20508290337798
GRC,Greece,1975,5.37305616389978
GRC,Greece,1974,-6.78208597785962
GRC,Greece,1973,7.6026087327164
GRC,Greece,1972,9.44639200384898
GRC,Greece,1971,7.37432668812667
GRC,Greece,1970,8.68228782483666
GRC,Greece,1969,11.1567355618472
GRC,Greece,1968,6.50858572029323
GRC,Greece,1967,4.81239682140054
GRC,Greece,1966,5.71167202770717
GRC,Greece,1965,10.2510619000191
GRC,Greece,1964,9.01366253990649
GRC,Greece,1963,11.4308113206522
GRC,Greece,1962,-0.231360587355027
GRC,Greece,1961,12.3097924164889
GRL,Greenland,2023,0.504111002291438
GRL,Greenland,2022,1.99015372527471
GRL,Greenland,2021,1.12101711638257
GRL,Greenland,2020,-0.00176247850131972
GRL,Greenland,2019,2.46273159433217
GRL,Greenland,2018,0.89068474112419
GRL,Greenland,2017,0.0776647739674274
GRL,Greenland,2016,4.54780858066064
GRL,Greenland,2015,-2.2149188822392
GRL,Greenland,2014,5.09192733313645
GRL,Greenland,2013,-0.726861643140481
GRL,Greenland,2012,1.53697694464276
GRL,Greenland,2011,-1.11918135533512
GRL,Greenland,2010,1.35611976495977
GRL,Greenland,2009,0.874906570700134
GRL,Greenland,2008,6.59397874864722
GRL,Greenland,2007,2.7505908652024
GRL,Greenland,2006,5.85316581553596
GRL,Greenland,2005,4.91926419216257
GRL,Greenland,2004,6.6303821324005
GRL,Greenland,2003,4.14298316488345
GRL,Greenland,2002,-1.3491298806964
GRL,Greenland,2001,0.920568578995386
GRL,Greenland,2000,6.93956723449121
GRL,Greenland,1999,1.37788444524006
GRL,Greenland,1998,7.56589978093101
GRL,Greenland,1997,1.28773186957511
GRL,Greenland,1996,1.34801010307754
GRL,Greenland,1995,3.17099642734178
GRL,Greenland,1994,5.35180564040296
GRL,Greenland,1993,-4.85588178273935
GRL,Greenland,1992,-4.76852354057402
GRL,Greenland,1991,0.0665111452330365
GRL,Greenland,1990,-12.1958664414579
GRL,Greenland,1989,5.69517301118323
GRL,Greenland,1988,4.25465947606716
GRL,Greenland,1987,4.34564061934091
GRL,Greenland,1986,6.49677699893094
GRL,Greenland,1985,2.68217381664971
GRL,Greenland,1984,-6.25916445763262
GRL,Greenland,1983,2.26577078784958
GRL,Greenland,1982,-5.3476252998743
GRL,Greenland,1981,-0.913783637050457
GRL,Greenland,1980,7.37708985498719
GRL,Greenland,1979,4.01494748472481
GRL,Greenland,1978,6.44767945608753
GRL,Greenland,1977,9.48317955986741
GRL,Greenland,1976,5.74601090342313
GRL,Greenland,1975,0.443324336266386
GRL,Greenland,1974,4.63851405344924
GRL,Greenland,1973,5.28020885390521
GRL,Greenland,1972,3.75915759419843
GRL,Greenland,1971,11.1445657449118
GRD,Grenada,2025,4.32655990102558
GRD,Grenada,2024,2.2895660616781
GRD,Grenada,2023,4.37658936970584
GRD,Grenada,2022,7.10371866166386
GRD,Grenada,2021,4.38638000986352
GRD,Grenada,2020,-14.0234896211443
GRD,Grenada,2019,0.424779227477273
GRD,Grenada,2018,4.13321655238465
GRD,Grenada,2017,4.16002295455056
GRD,Grenada,2016,3.33052048330798
GRD,Grenada,2015,5.9402683055354
GRD,Grenada,2014,6.73549593358203
GRD,Grenada,2013,1.70896295471954
GRD,Grenada,2012,-1.76486904539074
GRD,Grenada,2011,0.321541246692931
GRD,Grenada,2010,-0.807153746059768
GRD,Grenada,2009,-6.91378690534548
GRD,Grenada,2008,0.607094088064969
GRD,Grenada,2007,5.7518527541441
GRD,Grenada,2006,-4.34487991607801
GRD,Grenada,2005,12.851921344972
GRD,Grenada,2004,-1.04641274220963
GRD,Grenada,2003,8.98141669840049
GRD,Grenada,2002,3.0394289508191
GRD,Grenada,2001,-2.51021033342408
GRD,Grenada,2000,4.18122183760816
GRD,Grenada,1999,6.17920960237524
GRD,Grenada,1998,10.998703794283
GRD,Grenada,1997,4.30836321717575
GRD,Grenada,1996,3.72423125640337
GRD,Grenada,1995,1.4107174227084
GRD,Grenada,1994,0.948143796818869
GRD,Grenada,1993,-2.70574496205592
GRD,Grenada,1992,-1.64061570247593
GRD,Grenada,1991,0.544631077893825
GRD,Grenada,1990,3.14269241499387
GRD,Grenada,1989,2.91661783057491
GRD,Grenada,1988,2.1477328986426
GRD,Grenada,1987,8.27409896955282
GRD,Grenada,1986,6.44228583808339
GRD,Grenada,1985,5.30376510555253
GRD,Grenada,1984,2.97198524446046
GRD,Grenada,1983,3.01589624320235
GRD,Grenada,1982,3.75909908912337
GRD,Grenada,1981,2.05885058584063
GRD,Grenada,1980,0.466833198772321
GRD,Grenada,1979,6.50338936129995
GRD,Grenada,1978,6.12020991433408
GUM,Guam,2022,4.17726586538778
GUM,Guam,2021,1.07830501841417
GUM,Guam,2020,-10.7119946566793
GUM,Guam,2019,3.07547868580322
GUM,Guam,2018,-0.333833095467511
GUM,Guam,2017,1.34860712204592
GUM,Guam,2016,0.591903022530076
GUM,Guam,2015,1.18092123655293
GUM,Guam,2014,2.08830750386504
GUM,Guam,2013,1.91405054312719
GUM,Guam,2012,2.26402706379456
GUM,Guam,2011,0.0650356763903517
GUM,Guam,2010,2.04892665177626
GUM,Guam,2009,0.14856119478938
GUM,Guam,2008,1.772255039884
GUM,Guam,2007,0.456380842049214
GUM,Guam,2006,-3.92956765070362
GUM,Guam,2005,3.29235446239393
GUM,Guam,2004,6.05626846413823
GUM,Guam,2003,0.371012546622907
GTM,Guatemala,2025,2.70911437104778
GTM,Guatemala,2024,2.12927868150834
GTM,Guatemala,2023,1.94237600245772
GTM,Guatemala,2022,2.70050703837425
GTM,Guatemala,2021,6.56016056249786
GTM,Guatemala,2020,-3.2200765703051
GTM,Guatemala,2019,2.44813678390565
GTM,Guatemala,2018,1.69836286934826
GTM,Guatemala,2017,1.22202113190455
GTM,Guatemala,2016,0.803225593316299
GTM,Guatemala,2015,2.20204590469615
GTM,Guatemala,2014,2.48328491110885
GTM,Guatemala,2013,1.68864483006772
GTM,Guatemala,2012,0.944366952930409
GTM,Guatemala,2011,2.10758860221354
GTM,Guatemala,2010,0.865525448373077
GTM,Guatemala,2009,-1.50524953899686
GTM,Guatemala,2008,1.1948125938613
GTM,Guatemala,2007,4.12107602558113
GTM,Guatemala,2006,3.14600619827499
GTM,Guatemala,2005,1.06472255613932
GTM,Guatemala,2004,0.87051616698119
GTM,Guatemala,2003,0.276550484041408
GTM,Guatemala,2002,1.48647617022837
GTM,Guatemala,2001,0.00856424754331897
GTM,Guatemala,2000,1.17641998878537
GTM,Guatemala,1999,1.26683252082374
GTM,Guatemala,1998,2.34123862089682
GTM,Guatemala,1997,1.72822661280783
GTM,Guatemala,1996,0.326032377839908
GTM,Guatemala,1995,2.20828318179657
GTM,Guatemala,1994,1.29965096299168
GTM,Guatemala,1993,1.19079545990648
GTM,Guatemala,1992,2.08938748174239
GTM,Guatemala,1991,0.887968720143007
GTM,Guatemala,1990,0.255295713828147
GTM,Guatemala,1989,1.0590639145982
GTM,Guatemala,1988,1.02339774619576
GTM,Guatemala,1987,0.7275544115315
GTM,Guatemala,1986,-2.60067871575764
GTM,Guatemala,1985,-3.38239620330064
GTM,Guatemala,1984,-2.28271607874382
GTM,Guatemala,1983,-4.92782022785646
GTM,Guatemala,1982,-5.72314750851997
GTM,Guatemala,1981,-1.84861350564529
GTM,Guatemala,1980,1.16733656692607
GTM,Guatemala,1979,2.12568875120938
GTM,Guatemala,1978,2.43608961413142
GTM,Guatemala,1977,5.46642394006444
GTM,Guatemala,1976,5.09505037358169
GTM,Guatemala,1975,-0.504202378586612
GTM,Guatemala,1974,3.7150125647928
GTM,Guatemala,1973,4.05819826505287
GTM,Guatemala,1972,4.60426042931157
GTM,Guatemala,1971,2.88830048714645
GTM,Guatemala,1970,2.96802062749457
GTM,Guatemala,1969,1.96820747863111
GTM,Guatemala,1968,5.80682576487671
GTM,Guatemala,1967,1.22848744358532
GTM,Guatemala,1966,2.5480403569337
GTM,Guatemala,1965,1.39268261709906
GTM,Guatemala,1964,1.63794158215431
GTM,Guatemala,1963,6.37786429691099
GTM,Guatemala,1962,0.514884616909825
GTM,Guatemala,1961,1.24530465223171
GIN,Guinea,2025,4.9925479076793
GIN,Guinea,2024,2.8559023366217
GIN,Guinea,2023,2.9750250246767
GIN,Guinea,2022,1.423063279934
GIN,Guinea,2021,2.96921009369555
GIN,Guinea,2020,2.06694997562413
GIN,Guinea,2019,2.9464024435663
GIN,Guinea,2018,3.68700873912611
GIN,Guinea,2017,7.51589992127235
GIN,Guinea,2016,8.01216245351651
GIN,Guinea,2015,1.2305341257089
GIN,Guinea,2014,1.15630967477851
GIN,Guinea,2013,1.4353219620192
GIN,Guinea,2012,3.34759058991902
GIN,Guinea,2011,3.02826048764469
GIN,Guinea,2010,2.26713039266406
GIN,Guinea,2009,-3.50758302722751
GIN,Guinea,2008,1.64417388168144
GIN,Guinea,2007,4.37307821452357
GIN,Guinea,2006,-0.903894697466356
GIN,Guinea,2005,0.957366356559277
GIN,Guinea,2004,0.172593565879879
GIN,Guinea,2003,-0.996648465303707
GIN,Guinea,2002,3.5387047162788
GIN,Guinea,2001,2.30947074547048
GIN,Guinea,2000,0.512194741763963
GIN,Guinea,1999,1.51180792814343
GIN,Guinea,1998,1.71255766162007
GIN,Guinea,1997,3.04206463987209
GIN,Guinea,1996,1.5470699360467
GIN,Guinea,1995,1.72503947546996
GIN,Guinea,1994,0.899451721316183
GIN,Guinea,1993,1.89332581267254
GIN,Guinea,1992,0.0269116593674852
GIN,Guinea,1991,-1.41305426376472
GIN,Guinea,1990,0.7803800084003
GIN,Guinea,1989,1.3391090418754
GIN,Guinea,1988,3.56332433959545
GIN,Guinea,1987,0.681986046103418
GIN,Guinea,1986,0.598439369166186
GIN,Guinea,1985,2.56175473405239
GIN,Guinea,1984,-0.825607744651649
GIN,Guinea,1983,-0.819462073871208
GIN,Guinea,1982,-0.224948721204498
GIN,Guinea,1981,-1.26559140721663
GIN,Guinea,1980,0.809803805678413
GIN,Guinea,1979,-2.8299793263661
GIN,Guinea,1978,5.1164171100655
GIN,Guinea,1977,-4.84482707404506
GIN,Guinea,1976,6.25336070785937
GIN,Guinea,1975,1.25511798294684
GIN,Guinea,1974,3.54558722025355
GIN,Guinea,1973,-0.12384695735058
GIN,Guinea,1972,0.558272824751313
GIN,Guinea,1971,3.48686077388692
GNB,Guinea-Bissau,2025,3.55252971991914
GNB,Guinea-Bissau,2024,2.13196464119618
GNB,Guinea-Bissau,2023,2.30744059429175
GNB,Guinea-Bissau,2022,3.11934051229805
GNB,Guinea-Bissau,2021,2.69206006657852
GNB,Guinea-Bissau,2020,0.563114253614899
GNB,Guinea-Bissau,2019,2.89045755858285
GNB,Guinea-Bissau,2018,1.32710524004433
GNB,Guinea-Bissau,2017,2.14454305364472
GNB,Guinea-Bissau,2016,2.81765698941554
GNB,Guinea-Bissau,2015,3.4407197814937
GNB,Guinea-Bissau,2014,-1.65358336592615
GNB,Guinea-Bissau,2013,0.543365078897963
GNB,Guinea-Bissau,2012,-4.29238918450449
GNB,Guinea-Bissau,2011,5.28027330014127
GNB,Guinea-Bissau,2010,2.91052833964689
GNB,Guinea-Bissau,2009,-0.124226604498276
GNB,Guinea-Bissau,2008,1.92082759963192
GNB,Guinea-Bissau,2007,0.0376503174978779
GNB,Guinea-Bissau,2006,0.220591080099751
GNB,Guinea-Bissau,2005,4.08995783100083
GNB,Guinea-Bissau,2004,-1.13385031185746
GNB,Guinea-Bissau,2003,-2.51633136885211
GNB,Guinea-Bissau,2002,1.40014043705072
GNB,Guinea-Bissau,2001,2.58170548418317
GNB,Guinea-Bissau,2000,-0.908641384543557
GNB,Guinea-Bissau,1999,14.6207205646875
GNB,Guinea-Bissau,1998,-23.8778523409397
GNB,Guinea-Bissau,1997,4.48886786202216
GNB,Guinea-Bissau,1996,9.29819236395304
GNB,Guinea-Bissau,1995,1.79752507182782
GNB,Guinea-Bissau,1994,0.0543794271908382
GNB,Guinea-Bissau,1993,-1.21630081950958
GNB,Guinea-Bissau,1992,-1.83295371146548
GNB,Guinea-Bissau,1991,2.88417399037313
GNB,Guinea-Bissau,1990,4.36956798137795
GNB,Guinea-Bissau,1989,4.35771565563357
GNB,Guinea-Bissau,1988,2.91240714696819
GNB,Guinea-Bissau,1987,1.26401277309395
GNB,Guinea-Bissau,1986,-2.36319832198365
GNB,Guinea-Bissau,1985,2.52131358114698
GNB,Guinea-Bissau,1984,7.38932318959114
GNB,Guinea-Bissau,1983,-4.92031162411782
GNB,Guinea-Bissau,1982,2.56152196118961
GNB,Guinea-Bissau,1981,16.3259296889596
GNB,Guinea-Bissau,1980,-16.9089615330147
GNB,Guinea-Bissau,1979,-1.51066925857776
GNB,Guinea-Bissau,1978,5.99506197213906
GNB,Guinea-Bissau,1977,-13.126641191981
GNB,Guinea-Bissau,1976,-1.59102995282194
GNB,Guinea-Bissau,1975,1.61175083743888
GNB,Guinea-Bissau,1974,1.05937438618955
GNB,Guinea-Bissau,1973,0.054461661597216
GNB,Guinea-Bissau,1972,6.30250814489514
GNB,Guinea-Bissau,1971,-4.2089606403342
GUY,Guyana,2025,18.6366832712208
GUY,Guyana,2024,43.0000558343687
GUY,Guyana,2023,33.0314424322445
GUY,Guyana,2022,62.1110713145037
GUY,Guyana,2021,18.8820438552858
GUY,Guyana,2020,43.5123463015091
GUY,Guyana,2019,3.25156178245531
GUY,Guyana,2018,1.39604562755792
GUY,Guyana,2017,3.06887182440371
GUY,Guyana,2016,3.15936322443832
GUY,Guyana,2015,0.0833711927134857
GUY,Guyana,2014,1.1191644103188
GUY,Guyana,2013,3.13748133371095
GUY,Guyana,2012,5.25728662587919
GUY,Guyana,2011,5.63372747844741
GUY,Guyana,2010,4.53289275994231
GUY,Guyana,2009,3.95757174257776
GUY,Guyana,2008,2.05930009878752
GUY,Guyana,2007,7.48935908253156
GUY,Guyana,2006,5.39944024794079
GUY,Guyana,2005,-1.7571567715639
GUY,Guyana,2004,1.65433601876252
GUY,Guyana,2003,-0.560476505993833
GUY,Guyana,2002,1.24188408073948
GUY,Guyana,2001,2.32701717600905
GUY,Guyana,2000,-1.40881252207762
GUY,Guyana,1999,2.83934433431648
GUY,Guyana,1998,-1.85177439532187
GUY,Guyana,1997,5.94120905202725
GUY,Guyana,1996,7.65203166896895
GUY,Guyana,1995,4.67607346167401
GUY,Guyana,1994,8.12217163524447
GUY,Guyana,1993,7.73635100621053
GUY,Guyana,1992,7.46331259893695
GUY,Guyana,1991,6.34617596741059
GUY,Guyana,1990,-2.42492513734094
GUY,Guyana,1989,-4.31230716594843
GUY,Guyana,1988,-3.12849581057885
GUY,Guyana,1987,1.42467770126129
GUY,Guyana,1986,-0.464646324045503
GUY,Guyana,1985,2.74928348562644
GUY,Guyana,1984,-4.81035981891441
GUY,Guyana,1983,-6.69376014189534
GUY,Guyana,1982,-13.2190818398298
GUY,Guyana,1981,1.22348875608769
GUY,Guyana,1980,1.16831242953531
GUY,Guyana,1979,-2.53375398482802
GUY,Guyana,1978,-2.56802025770915
GUY,Guyana,1977,-3.46014743359075
GUY,Guyana,1976,0.610970510557053
GUY,Guyana,1975,7.41535459732319
GUY,Guyana,1974,6.54723978628201
GUY,Guyana,1973,0.0631533283582684
GUY,Guyana,1972,-4.51746286986877
GUY,Guyana,1971,1.67220344612645
GUY,Guyana,1970,2.40358930572417
GUY,Guyana,1969,4.81442154544305
GUY,Guyana,1968,-1.04434666125492
GUY,Guyana,1967,2.16139177070897
GUY,Guyana,1966,3.04017720261236
GUY,Guyana,1965,8.21507788896072
GUY,Guyana,1964,8.99127668800487
GUY,Guyana,1963,-14.1635784367185
GUY,Guyana,1962,-1.08421136057522
GUY,Guyana,1961,2.27700446180523
HTI,Haiti,2025,-3.80407652802471
HTI,Haiti,2024,-5.28498956953727
HTI,Haiti,2023,-2.99212843762332
HTI,Haiti,2022,-2.7846808475344
HTI,Haiti,2021,-2.92695804339543
HTI,Haiti,2020,-4.49816442182016
HTI,Haiti,2019,-2.98683711868885
HTI,Haiti,2018,0.326678559605597
HTI,Haiti,2017,1.12394427912376
HTI,Haiti,2016,0.398402974127237
HTI,Haiti,2015,-0.0454395053176881
HTI,Haiti,2014,1.39231187945737
HTI,Haiti,2013,2.767509667507
HTI,Haiti,2012,-1.04324222181728
HTI,Haiti,2011,3.91514494215959
HTI,Haiti,2010,-6.7459038549499
HTI,Haiti,2009,4.15489282064615
HTI,Haiti,2008,0.961802640900089
HTI,Haiti,2007,2.95569722727539
HTI,Haiti,2006,0.0540583442750062
HTI,Haiti,2005,1.35443141019209
HTI,Haiti,2004,-2.98301062977993
HTI,Haiti,2003,1.6820034644329
HTI,Haiti,2002,-0.729374655833098
HTI,Haiti,2001,-2.14318391327505
HTI,Haiti,2000,-0.974737113523176
HTI,Haiti,1999,0.830848511128352
HTI,Haiti,1998,0.293961772099124
HTI,Haiti,1997,0.785892869122677
HTI,Haiti,1996,2.18145500226173
HTI,Haiti,1995,7.82292405059231
HTI,Haiti,1994,-13.6308577536038
HTI,Haiti,1993,-7.26639617990007
HTI,Haiti,1992,-7.18236675047231
HTI,Haiti,1991,-0.173086383540081
HTI,Haiti,1990,-1.02129198833929
HTI,Haiti,1989,-4.88827222197391
HTI,Haiti,1988,-1.8258071813457
HTI,Haiti,1987,-2.77929250001687
HTI,Haiti,1986,-2.47081729725178
HTI,Haiti,1985,-1.37293043186439
HTI,Haiti,1984,-1.65138144860573
HTI,Haiti,1983,-1.04448158918315
HTI,Haiti,1982,-5.41799845238262
HTI,Haiti,1981,-4.70667593294452
HTI,Haiti,1980,5.33021546878007
HTI,Haiti,1979,5.50962970305662
HTI,Haiti,1978,4.18195071593199
HTI,Haiti,1977,1.7292971958742
HTI,Haiti,1976,6.3680212027663
HTI,Haiti,1975,-0.806656541529165
HTI,Haiti,1974,3.76967206097778
HTI,Haiti,1973,2.77250975787311
HTI,Haiti,1972,-0.923847857919483
HTI,Haiti,1971,4.49381128538218
HTI,Haiti,1970,-1.21176570396263
HTI,Haiti,1969,1.89499761598593
HTI,Haiti,1968,1.27921745915867
HTI,Haiti,1967,-3.9123073581486
HTI,Haiti,1966,-2.39711484184353
HTI,Haiti,1965,0.285462309531511
HTI,Haiti,1964,-3.38315800607256
HTI,Haiti,1963,-3.6148307247875
HTI,Haiti,1962,5.93166998350294
HTI,Haiti,1961,-4.67585608432115
HND,Honduras,2025,2.05319699380316
HND,Honduras,2024,1.90114546136495
HND,Honduras,2023,1.8148973269289
HND,Honduras,2022,2.41184551052402
HND,Honduras,2021,10.7029903655951
HND,Honduras,2020,-10.5484174868395
HND,Honduras,2019,0.71936151617345
HND,Honduras,2018,1.96196872528638
HND,Honduras,2017,2.92107278326836
HND,Honduras,2016,1.96051068302054
HND,Honduras,2015,1.88202222037501
HND,Honduras,2014,1.0812751128465
HND,Honduras,2013,0.777167217053545
HND,Honduras,2012,2.04382616957031
HND,Honduras,2011,1.71164194817371
HND,Honduras,2010,1.5491216313325
HND,Honduras,2009,-4.54399131651867
HND,Honduras,2008,1.9188349629601
HND,Honduras,2007,3.77627878562679
HND,Honduras,2006,4.08321335137572
HND,Honduras,2005,3.50707975469855
HND,Honduras,2004,3.61570269241076
HND,Honduras,2003,1.89850421782039
HND,Honduras,2002,1.0499116620788
HND,Honduras,2001,-0.0161960531288656
HND,Honduras,2000,6.65751930552896
HND,Honduras,1999,8.68151278100157
HND,Honduras,1998,8.65940439144504
HND,Honduras,1997,19.0501939908756
HND,Honduras,1996,19.5352794658227
HND,Honduras,1995,21.1904166793107
HND,Honduras,1994,25.4117087794371
HND,Honduras,1993,10.4560243401441
HND,Honduras,1992,5.98144324223323
HND,Honduras,1991,22.5215769207179
HND,Honduras,1990,17.7981216590449
HND,Honduras,1989,4.15988520006844
HND,Honduras,1988,4.58628398956711
HND,Honduras,1987,-1.1054612255073
HND,Honduras,1986,2.55721179627952
HND,Honduras,1985,1.67848139012632
HND,Honduras,1984,-0.607016567175762
HND,Honduras,1983,3.86205567729425
HND,Honduras,1982,1.30734480578889
HND,Honduras,1981,4.05480109599748
HND,Honduras,1980,9.64336022608687
HND,Honduras,1979,8.15138580271351
HND,Honduras,1978,9.49719349689526
HND,Honduras,1977,5.34632625078287
HND,Honduras,1976,12.5328583675997
HND,Honduras,1975,2.23954575475487
HND,Honduras,1974,6.29183974557081
HND,Honduras,1973,1.3409542265296
HND,Honduras,1972,0.795822295796228
HND,Honduras,1971,1.55728519470162
HND,Honduras,1970,1.87357331135374
HND,Honduras,1969,-2.03639499670592
HND,Honduras,1968,-4.01389463289011
HND,Honduras,1967,0.802325752453555
HND,Honduras,1966,-3.93183400465689
HND,Honduras,1965,-0.321000605632065
HND,Honduras,1964,-1.30939968375499
HND,Honduras,1963,-1.56531172281366
HND,Honduras,1962,-0.663034857377269
HND,Honduras,1961,-1.17281759792066
HKG,"Hong Kong SAR, China",2025,3.83541836993533
HKG,"Hong Kong SAR, China",2024,2.79304964014938
HKG,"Hong Kong SAR, China",2023,0.549720226024647
HKG,"Hong Kong SAR, China",2022,-2.80684659913206
HKG,"Hong Kong SAR, China",2021,7.42949558184318
HKG,"Hong Kong SAR, China",2020,-6.20875243033073
HKG,"Hong Kong SAR, China",2019,-2.39666775385065
HKG,"Hong Kong SAR, China",2018,2.02718102328538
HKG,"Hong Kong SAR, China",2017,3.00147920005347
HKG,"Hong Kong SAR, China",2016,1.54456362409606
HKG,"Hong Kong SAR, China",2015,1.51997702565862
HKG,"Hong Kong SAR, China",2014,2.04316927988437
HKG,"Hong Kong SAR, China",2013,2.68793428576153
HKG,"Hong Kong SAR, China",2012,0.58376779057221
HKG,"Hong Kong SAR, China",2011,4.11210914677804
HKG,"Hong Kong SAR, China",2010,5.98642780696426
HKG,"Hong Kong SAR, China",2009,-2.66892308273452
HKG,"Hong Kong SAR, China",2008,1.51879180866375
HKG,"Hong Kong SAR, China",2007,5.55354347014728
HKG,"Hong Kong SAR, China",2006,6.34741145052469
HKG,"Hong Kong SAR, China",2005,6.92002910970628
HKG,"Hong Kong SAR, China",2004,7.85559095750126
HKG,"Hong Kong SAR, China",2003,3.25999730083788
HKG,"Hong Kong SAR, China",2002,1.20751353736517
HKG,"Hong Kong SAR, China",2001,-0.177504807082329
HKG,"Hong Kong SAR, China",2000,6.71846101727634
HKG,"Hong Kong SAR, China",1999,1.53230875747008
HKG,"Hong Kong SAR, China",1998,-6.66506710932285
HKG,"Hong Kong SAR, China",1997,4.2283634610385
HKG,"Hong Kong SAR, China",1996,-0.267950829795737
HKG,"Hong Kong SAR, China",1995,0.366629212294754
HKG,"Hong Kong SAR, China",1994,3.67475481975073
HKG,"Hong Kong SAR, China",1993,4.39247148144146
HKG,"Hong Kong SAR, China",1992,5.34675585076552
HKG,"Hong Kong SAR, China",1991,4.82904947892082
HKG,"Hong Kong SAR, China",1990,3.49746308731733
HKG,"Hong Kong SAR, China",1989,1.22306676494649
HKG,"Hong Kong SAR, China",1988,7.60334705287646
HKG,"Hong Kong SAR, China",1987,12.262542573801
HKG,"Hong Kong SAR, China",1986,9.68111993150511
HKG,"Hong Kong SAR, China",1985,-0.319535863753245
HKG,"Hong Kong SAR, China",1984,8.89814584062583
HKG,"Hong Kong SAR, China",1983,4.37901640044578
HKG,"Hong Kong SAR, China",1982,1.36392979364184
HKG,"Hong Kong SAR, China",1981,6.72507762736272
HKG,"Hong Kong SAR, China",1980,7.20710072049245
HKG,"Hong Kong SAR, China",1979,5.62332441708054
HKG,"Hong Kong SAR, China",1978,6.31717746275034
HKG,"Hong Kong SAR, China",1977,10.1244032724089
HKG,"Hong Kong SAR, China",1976,14.7141763044908
HKG,"Hong Kong SAR, China",1975,-1.39546329149795
HKG,"Hong Kong SAR, China",1974,-0.770960817250838
HKG,"Hong Kong SAR, China",1973,9.15604523115907
HKG,"Hong Kong SAR, China",1972,8.5117178907155
HKG,"Hong Kong SAR, China",1971,5.00388165681245
HKG,"Hong Kong SAR, China",1970,6.5833874805431
HKG,"Hong Kong SAR, China",1969,9.57991216831864
HKG,"Hong Kong SAR, China",1968,1.2249366366525
HKG,"Hong Kong SAR, China",1967,-0.931939572876814
HKG,"Hong Kong SAR, China",1966,0.897381621200338
HKG,"Hong Kong SAR, China",1965,11.6695011938957
HKG,"Hong Kong SAR, China",1964,6.03354704542602
HKG,"Hong Kong SAR, China",1963,11.848069851465
HKG,"Hong Kong SAR, China",1962,9.55006027074113
HUN,Hungary,2025,1.01465440483528
HUN,Hungary,2024,1.0263093874987
HUN,Hungary,2023,-0.683845867847779
HUN,Hungary,2022,4.43277115645731
HUN,Hungary,2021,7.66253175353751
HUN,Hungary,2020,-4.09730738033811
HUN,Hungary,2019,5.2087641343076
HUN,Hungary,2018,5.82146361803679
HUN,Hungary,2017,4.47743568209606
HUN,Hungary,2016,2.83749039789862
HUN,Hungary,2015,4.03310873929586
HUN,Hungary,2014,4.75555169835647
HUN,Hungary,2013,2.52439305270235
HUN,Hungary,2012,-0.828646515876528
HUN,Hungary,2011,2.2059103447462
HUN,Hungary,2010,1.2966366075499
HUN,Hungary,2009,-6.59558642753552
HUN,Hungary,2008,1.17042884387347
HUN,Hungary,2007,0.487904817715162
HUN,Hungary,2006,4.09589996478341
HUN,Hungary,2005,4.50792078649896
HUN,Hungary,2004,5.19581258967388
HUN,Hungary,2003,4.23691963512549
HUN,Hungary,2002,5.02871060786862
HUN,Hungary,2001,4.30099676765016
HUN,Hungary,2000,4.68094650632939
HUN,Hungary,1999,3.37847426779435
HUN,Hungary,1998,4.09002256717154
HUN,Hungary,1997,3.18554631713963
HUN,Hungary,1996,0.27332748929139
HUN,Hungary,1995,1.63091759717385
HUN,Hungary,1994,3.08816830633975
HUN,Hungary,1993,-0.462665222231223
HUN,Hungary,1992,-3.02623555314709
HUN,Hungary,1991,-11.8870465986936
HUN,Hungary,1990,-2.49449922766898
HUN,Hungary,1989,1.83942309781308
HUN,Hungary,1988,0.0880272066277712
HUN,Hungary,1987,4.22597286923903
HUN,Hungary,1986,1.70829407666389
HUN,Hungary,1985,-0.0715154933266291
HUN,Hungary,1984,2.86366988333917
HUN,Hungary,1983,0.874406549004433
HUN,Hungary,1982,2.90173341473954
HUN,Hungary,1981,2.8597731238662
HUN,Hungary,1980,0.134797307246657
HUN,Hungary,1979,2.51454009615726
HUN,Hungary,1978,4.04051994387149
HUN,Hungary,1977,7.10127019549232
HUN,Hungary,1976,3.03157554624526
HUN,Hungary,1975,5.57728993586724
HUN,Hungary,1974,5.42839435653131
HUN,Hungary,1973,6.55604040392758
HUN,Hungary,1972,5.78418419418779
HUN,Hungary,1971,5.89651544123073
HUN,Hungary,1970,4.30312298337554
HUN,Hungary,1969,6.45461806236911
HUN,Hungary,1968,4.49893641478727
HUN,Hungary,1967,7.10067626356185
HUN,Hungary,1966,7.07587919537842
HUN,Hungary,1965,42.0160746724694
HUN,Hungary,1964,4.37008615804926
HUN,Hungary,1963,5.41581973500304
HUN,Hungary,1962,5.75338938745892
HUN,Hungary,1961,4.23594777211535
ISL,Iceland,2025,-0.242811566226194
ISL,Iceland,2024,-1.49818625875487
ISL,Iceland,2023,4.03548776146962
ISL,Iceland,2022,6.15498049883465
ISL,Iceland,2021,3.47038527549633
ISL,Iceland,2020,-8.14886563450268
ISL,Iceland,2019,-1.06147505075413
ISL,Iceland,2018,1.89500637167048
ISL,Iceland,2017,1.08598544948268
ISL,Iceland,2016,4.7538797362384
ISL,Iceland,2015,2.69299660510147
ISL,Iceland,2014,0.786303524956651
ISL,Iceland,2013,2.6216677950663
ISL,Iceland,2012,0.632418770513922
ISL,Iceland,2011,1.07078538218349
ISL,Iceland,2010,-2.0810114124051
ISL,Iceland,2009,-8.63377662571038
ISL,Iceland,2008,-0.174091518111624
ISL,Iceland,2007,6.0245936124245
ISL,Iceland,2006,3.21994147028617
ISL,Iceland,2005,5.34851964990581
ISL,Iceland,2004,6.68188295274432
ISL,Iceland,2003,1.57552048232783
ISL,Iceland,2002,-0.351156726983646
ISL,Iceland,2001,2.46972063829026
ISL,Iceland,2000,3.4786164080938
ISL,Iceland,1999,2.64917861965515
ISL,Iceland,1998,5.87066560585339
ISL,Iceland,1997,3.29123631207055
ISL,Iceland,1996,3.93497728292948
ISL,Iceland,1995,-0.425046357711153
ISL,Iceland,1994,2.7146204899408
ISL,Iceland,1993,0.288501985344382
ISL,Iceland,1992,-4.58053143553516
ISL,Iceland,1991,-1.37340662912069
ISL,Iceland,1990,0.385665647091926
ISL,Iceland,1989,-0.975500463843204
ISL,Iceland,1988,-1.64234779846751
ISL,Iceland,1987,7.36317004635005
ISL,Iceland,1986,5.49486048295211
ISL,Iceland,1985,2.48243302554008
ISL,Iceland,1984,3.02744364387033
ISL,Iceland,1983,-3.43818463724148
ISL,Iceland,1982,0.798242254387077
ISL,Iceland,1981,3.08253419225461
ISL,Iceland,1980,4.63406747563735
ISL,Iceland,1979,3.83954643229265
ISL,Iceland,1978,5.19243465986897
ISL,Iceland,1977,8.01518324590818
ISL,Iceland,1976,4.91254750217661
ISL,Iceland,1975,-0.632820672976109
ISL,Iceland,1974,4.28580040668538
ISL,Iceland,1973,5.20631155528196
ISL,Iceland,1972,4.63445633923996
ISL,Iceland,1971,12.150198031174
ISL,Iceland,1970,6.89624782428504
ISL,Iceland,1969,1.44258861923021
ISL,Iceland,1968,-6.7819870238112
ISL,Iceland,1967,-2.84062457172902
ISL,Iceland,1966,6.92452416276636
ISL,Iceland,1965,5.45329257511193
ISL,Iceland,1964,7.94572539248597
ISL,Iceland,1963,8.33560901270359
ISL,Iceland,1962,6.32579364395215
ISL,Iceland,1961,-2.00260736970593
IND,India,2025,6.6165688365585
IND,India,2024,6.14957446128288
IND,India,2023,6.26741791597422
IND,India,2022,6.76238601728318
IND,India,2021,8.79093447675136
IND,India,2020,-6.69047102834244
IND,India,2019,2.79675759966057
IND,India,2018,5.29211971912275
IND,India,2017,5.5611850346496
IND,India,2016,6.97394690926852
IND,India,2015,6.71566734636781
IND,India,2014,6.06398074170735
IND,India,2013,4.97769997299568
IND,India,2012,4.01726735834531
IND,India,2011,3.76074153231241
IND,India,2010,6.93079780360446
IND,India,2009,6.31340985810947
IND,India,2008,1.61413451730577
IND,India,2007,6.05160013553237
IND,India,2006,6.38367720990838
IND,India,2005,6.17702892470105
IND,India,2004,6.09996522556324
IND,India,2003,6.00579964269848
IND,India,2002,1.94070548523048
IND,India,2001,2.88134658113091
IND,India,2000,1.90763005843495
IND,India,1999,6.79504192639435
IND,India,1998,4.1484948564368
IND,India,1997,2.02374488927428
IND,India,1996,5.42226141029292
IND,India,1995,5.43070280521438
IND,India,1994,4.50057521206482
IND,India,1993,2.57408951922086
IND,India,1992,3.25939544134066
IND,India,1991,-1.11028105492854
IND,India,1990,3.2235163449005
IND,India,1989,3.60602407711301
IND,India,1988,7.18812238275834
IND,India,1987,1.62095076252291
IND,India,1986,2.38574323304699
IND,India,1985,2.83325352794432
IND,India,1984,1.41351916752743
IND,India,1983,4.80675111968445
IND,India,1982,1.08860680328846
IND,India,1981,3.54437832488188
IND,India,1980,4.22047070908258
IND,India,1979,-7.41642471084822
IND,India,1978,3.306071277214
IND,India,1977,4.75429678592927
IND,India,1976,-0.700735579459177
IND,India,1975,6.60232102685482
IND,India,1974,-1.11546097149807
IND,India,1973,0.996957418265112
IND,India,1972,-2.7123915885177
IND,India,1971,-0.58483608965598
IND,India,1970,2.84864261720234
IND,India,1969,4.31191269233454
IND,India,1968,1.19038521123345
IND,India,1967,5.53582268678396
IND,India,1966,-2.17104368549663
IND,India,1965,-4.80310349882166
IND,India,1964,4.96611887025713
IND,India,1963,3.53649105229069
IND,India,1962,0.518501927079271
IND,India,1961,1.26664879329974
IDN,Indonesia,2025,4.28652455694656
IDN,Indonesia,2024,4.18121375688376
IDN,Indonesia,2023,4.16733948268603
IDN,Indonesia,2022,4.52447576618876
IDN,Indonesia,2021,2.97476192227879
IDN,Indonesia,2020,-2.89423403981894
IDN,Indonesia,2019,4.0413041818536
IDN,Indonesia,2018,4.15930013909383
IDN,Indonesia,2017,4.00109865179923
IDN,Indonesia,2016,3.91054275495577
IDN,Indonesia,2015,3.70583428895539
IDN,Indonesia,2014,3.77968595157438
IDN,Indonesia,2013,4.25603923226443
IDN,Indonesia,2012,4.67540374198676
IDN,Indonesia,2011,4.82294276512758
IDN,Indonesia,2010,4.89326246908787
IDN,Indonesia,2009,3.31160021271401
IDN,Indonesia,2008,4.64721758277069
IDN,Indonesia,2007,4.94958392275811
IDN,Indonesia,2006,4.11201890218061
IDN,Indonesia,2005,4.3443558422024
IDN,Indonesia,2004,3.7043674512371
IDN,Indonesia,2003,3.40244595178829
IDN,Indonesia,2002,3.09230929876641
IDN,Indonesia,2001,2.21481343921472
IDN,Indonesia,2000,3.4278636272189
IDN,Indonesia,1999,-0.712606708277562
IDN,Indonesia,1998,-14.489150562289
IDN,Indonesia,1997,3.01090769720686
IDN,Indonesia,1996,6.05859636441346
IDN,Indonesia,1995,6.43541890424098
IDN,Indonesia,1994,5.74209717065936
IDN,Indonesia,1993,4.69961217882648
IDN,Indonesia,1992,4.66756863412716
IDN,Indonesia,1991,5.03614580488336
IDN,Indonesia,1990,5.31384899911562
IDN,Indonesia,1989,5.4609864812478
IDN,Indonesia,1988,3.78043944270728
IDN,Indonesia,1987,2.90852258131132
IDN,Indonesia,1986,3.76041936038696
IDN,Indonesia,1985,0.296454822426725
IDN,Indonesia,1984,4.61668091109382
IDN,Indonesia,1983,1.84400961162603
IDN,Indonesia,1982,-0.090754298915698
IDN,Indonesia,1981,5.42548184888216
IDN,Indonesia,1980,7.28655857353964
IDN,Indonesia,1979,4.75499424210342
IDN,Indonesia,1978,4.19507348048373
IDN,Indonesia,1977,6.12351202472207
IDN,Indonesia,1976,4.25356942232263
IDN,Indonesia,1975,2.35867536949112
IDN,Indonesia,1974,4.89972082263803
IDN,Indonesia,1973,5.30088879878147
IDN,Indonesia,1972,4.22563067535555
IDN,Indonesia,1971,4.16344195638443
IDN,Indonesia,1970,4.63475401241131
IDN,Indonesia,1969,3.90994059430751
IDN,Indonesia,1968,7.95242809000192
IDN,Indonesia,1967,-1.22118178852287
IDN,Indonesia,1966,0.387144884656649
IDN,Indonesia,1965,-1.44271070505764
IDN,Indonesia,1964,0.615174818388283
IDN,Indonesia,1963,-4.96028019732194
IDN,Indonesia,1962,-0.976961856538082
IDN,Indonesia,1961,2.83461862501213
IRN,"Iran, Islamic Rep.",2025,-3.71965760617967
IRN,"Iran, Islamic Rep.",2024,2.57740907930864
IRN,"Iran, Islamic Rep.",2023,4.07166848852256
IRN,"Iran, Islamic Rep.",2022,3.10702656058911
IRN,"Iran, Islamic Rep.",2021,3.26912440288719
IRN,"Iran, Islamic Rep.",2020,3.64198271829557
IRN,"Iran, Islamic Rep.",2019,-3.40863263146464
IRN,"Iran, Islamic Rep.",2018,-4.96761764341849
IRN,"Iran, Islamic Rep.",2017,1.55521443456146
IRN,"Iran, Islamic Rep.",2016,7.26636493161325
IRN,"Iran, Islamic Rep.",2015,-2.75798228082138
IRN,"Iran, Islamic Rep.",2014,3.58412137758084
IRN,"Iran, Islamic Rep.",2013,-2.80061992960059
IRN,"Iran, Islamic Rep.",2012,-4.94408603979183
IRN,"Iran, Islamic Rep.",2011,1.38495950276369
IRN,"Iran, Islamic Rep.",2010,4.48194624429263
IRN,"Iran, Islamic Rep.",2009,-0.239219321569081
IRN,"Iran, Islamic Rep.",2008,-0.959303455562093
IRN,"Iran, Islamic Rep.",2007,6.40171006806331
IRN,"Iran, Islamic Rep.",2006,2.76183106993244
IRN,"Iran, Islamic Rep.",2005,0.931246313659614
IRN,"Iran, Islamic Rep.",2004,2.12837885127104
IRN,"Iran, Islamic Rep.",2003,7.44180127291611
IRN,"Iran, Islamic Rep.",2002,7.19000975928768
IRN,"Iran, Islamic Rep.",2001,0.823553037936534
IRN,"Iran, Islamic Rep.",2000,4.29451656429561
IRN,"Iran, Islamic Rep.",1999,0.560168989485433
IRN,"Iran, Islamic Rep.",1998,0.68737125932347
IRN,"Iran, Islamic Rep.",1997,0.14269505881002
IRN,"Iran, Islamic Rep.",1996,5.20766542268932
IRN,"Iran, Islamic Rep.",1995,1.27346796269859
IRN,"Iran, Islamic Rep.",1994,-1.88532440370534
IRN,"Iran, Islamic Rep.",1993,-1.82171593144423
IRN,"Iran, Islamic Rep.",1992,1.2753229636286
IRN,"Iran, Islamic Rep.",1991,9.69687907443604
IRN,"Iran, Islamic Rep.",1990,10.3353954087594
IRN,"Iran, Islamic Rep.",1989,3.07716065422359
IRN,"Iran, Islamic Rep.",1988,-9.06498970588623
IRN,"Iran, Islamic Rep.",1987,-3.68691263044988
IRN,"Iran, Islamic Rep.",1986,-13.0531630994569
IRN,"Iran, Islamic Rep.",1985,-1.80642412174757
IRN,"Iran, Islamic Rep.",1984,-10.568069623175
IRN,"Iran, Islamic Rep.",1983,6.84545893135481
IRN,"Iran, Islamic Rep.",1982,16.82009817917
IRN,"Iran, Islamic Rep.",1981,-10.5186777699465
IRN,"Iran, Islamic Rep.",1980,-24.3887050754271
IRN,"Iran, Islamic Rep.",1979,-14.9936654787792
IRN,"Iran, Islamic Rep.",1978,-15.642403124076
IRN,"Iran, Islamic Rep.",1977,-5.73884281725705
IRN,"Iran, Islamic Rep.",1976,14.7493531427003
IRN,"Iran, Islamic Rep.",1975,-3.29408122979362
IRN,"Iran, Islamic Rep.",1974,2.71498847983618
IRN,"Iran, Islamic Rep.",1973,4.34172024333215
IRN,"Iran, Islamic Rep.",1972,11.1956007999836
IRN,"Iran, Islamic Rep.",1971,10.3545296661415
IRN,"Iran, Islamic Rep.",1970,7.61018311754682
IRN,"Iran, Islamic Rep.",1969,12.1006509730522
IRN,"Iran, Islamic Rep.",1968,11.0311107528192
IRN,"Iran, Islamic Rep.",1967,7.91392784328215
IRN,"Iran, Islamic Rep.",1966,8.08216098005443
IRN,"Iran, Islamic Rep.",1965,13.4170811901393
IRN,"Iran, Islamic Rep.",1964,5.14958008696871
IRN,"Iran, Islamic Rep.",1963,3.80565406202224
IRN,"Iran, Islamic Rep.",1962,4.6817182774419
IRN,"Iran, Islamic Rep.",1961,7.12149860032987
IRQ,Iraq,2025,-4.19241534132514
IRQ,Iraq,2024,-3.61511900831731
IRQ,Iraq,2023,-1.72015237085384
IRQ,Iraq,2022,5.51097802059412
IRQ,Iraq,2021,-0.74745630944858
IRQ,Iraq,2020,-13.9675322715096
IRQ,Iraq,2019,3.14043943608276
IRQ,Iraq,2018,0.267762550620816
IRQ,Iraq,2017,-3.98546687274897
IRQ,Iraq,2016,11.0984155585203
IRQ,Iraq,2015,-0.153622231589026
IRQ,Iraq,2014,-1.2842545257663
IRQ,Iraq,2013,2.6646473210161
IRQ,Iraq,2012,8.88055394419878
IRQ,Iraq,2011,3.81441942451566
IRQ,Iraq,2010,3.01924651269078
IRQ,Iraq,2009,-0.359808708496018
IRQ,Iraq,2008,6.06351402987207
IRQ,Iraq,2007,2.69566336957755
IRQ,Iraq,2006,4.86652515076509
IRQ,Iraq,2005,-1.29394759634579
IRQ,Iraq,2004,49.0738525824483
IRQ,Iraq,2003,-38.5382182871903
IRQ,Iraq,2002,-11.0582696179366
IRQ,Iraq,2001,-1.35847551126994
IRQ,Iraq,2000,13.0301611362353
IRQ,Iraq,1999,13.838701148247
IRQ,Iraq,1998,30.8254376047419
IRQ,Iraq,1997,17.546269712514
IRQ,Iraq,1996,7.53308314946619
IRQ,Iraq,1995,-1.24405312442356
IRQ,Iraq,1994,-0.985588929120453
IRQ,Iraq,1993,24.1804989010671
IRQ,Iraq,1992,28.7262616647462
IRQ,Iraq,1991,-64.4235820475415
IRQ,Iraq,1990,55.872942314425
IRQ,Iraq,1989,-5.66113678617484
IRQ,Iraq,1988,-2.31190068127913
IRQ,Iraq,1987,6.34850985229411
IRQ,Iraq,1986,2.10391665862136
IRQ,Iraq,1985,-0.957028055065692
IRQ,Iraq,1984,-4.51053591606907
IRQ,Iraq,1983,-15.6181775930612
IRQ,Iraq,1982,0.564164779692348
IRQ,Iraq,1981,-3.66574052775007
IRQ,Iraq,1980,20.8838349579151
IRQ,Iraq,1979,17.042202180484
IRQ,Iraq,1978,13.1807917132737
IRQ,Iraq,1977,-1.43357241779491
IRQ,Iraq,1976,13.4026387339741
IRQ,Iraq,1975,8.82780185892848
IRQ,Iraq,1974,12.2467344179827
IRQ,Iraq,1973,0.881619183994914
IRQ,Iraq,1972,0.230885930654551
IRQ,Iraq,1971,1.7964969132364
IRQ,Iraq,1970,0.976487994854551
IRQ,Iraq,1969,-0.251028898459637
IRQ,Iraq,1968,15.4847797815927
IRQ,Iraq,1967,-11.9067160500521
IRQ,Iraq,1966,1.46254056169887
IRQ,Iraq,1965,7.08296836991325
IRQ,Iraq,1964,11.0377849092356
IRQ,Iraq,1963,-0.946584362345931
IRQ,Iraq,1962,1.50890256413578
IRQ,Iraq,1961,4.7524598534924
IRL,Ireland,2025,10.5232551843197
IRL,Ireland,2024,0.997438539135004
IRL,Ireland,2023,-4.34749825420604
IRL,Ireland,2022,5.40228269492256
IRL,Ireland,2021,14.6467292457005
IRL,Ireland,2020,5.80801946810749
IRL,Ireland,2019,3.31840085150145
IRL,Ireland,2018,6.13694267880518
IRL,Ireland,2017,8.63259519638329
IRL,Ireland,2016,-0.0687294094505688
IRL,Ireland,2015,23.4520270725761
IRL,Ireland,2014,8.58909717383906
IRL,Ireland,2013,1.65624859275668
IRL,Ireland,2012,-0.826164036751607
IRL,Ireland,2011,1.166742916706
IRL,Ireland,2010,1.13042386118924
IRL,Ireland,2009,-6.05481156494983
IRL,Ireland,2008,-6.41164613131696
IRL,Ireland,2007,2.30923113199
IRL,Ireland,2006,2.19518952781192
IRL,Ireland,2005,3.46094094006261
IRL,Ireland,2004,4.85345751357542
IRL,Ireland,2003,1.34938713225839
IRL,Ireland,2002,4.12975527664135
IRL,Ireland,2001,3.64246980676886
IRL,Ireland,2000,7.95480656981979
IRL,Ireland,1999,9.2908795084814
IRL,Ireland,1998,7.63750483455645
IRL,Ireland,1997,9.91398623109119
IRL,Ireland,1996,6.53331318104139
IRL,Ireland,1995,9.07376955347061
IRL,Ireland,1994,5.33977212868584
IRL,Ireland,1993,2.18058988451753
IRL,Ireland,1992,2.64060735516456
IRL,Ireland,1991,1.34529973280557
IRL,Ireland,1990,8.37500652483381
IRL,Ireland,1989,6.23404021414613
IRL,Ireland,1988,5.66837730440437
IRL,Ireland,1987,4.65224009736855
IRL,Ireland,1986,-0.473563330562115
IRL,Ireland,1985,2.92073394317003
IRL,Ireland,1984,3.70968050047422
IRL,Ireland,1983,-0.949007340998151
IRL,Ireland,1982,1.32102142940424
IRL,Ireland,1981,2.12229992974457
IRL,Ireland,1980,1.89987307568458
IRL,Ireland,1979,1.70891306553007
IRL,Ireland,1978,5.67669260598909
IRL,Ireland,1977,6.75571312438012
IRL,Ireland,1976,-0.123899984172667
IRL,Ireland,1975,3.93244453787489
IRL,Ireland,1974,2.54720564120487
IRL,Ireland,1973,3.05522407658503
IRL,Ireland,1972,4.9188564732672
IRL,Ireland,1971,2.26644884206304
IRL,Ireland,1970,1.8065436983636
IRL,Ireland,1969,5.24657335984222
IRL,Ireland,1968,7.75757196496762
IRL,Ireland,1967,5.28820175849323
IRL,Ireland,1966,0.491448195190131
IRL,Ireland,1965,1.55261091037593
IRL,Ireland,1964,3.28270125280309
IRL,Ireland,1963,4.13510916135569
IRL,Ireland,1962,2.7924487137243
IRL,Ireland,1961,5.17233256992613
IMN,Isle of Man,2023,-2.0736556737203
IMN,Isle of Man,2022,-4.19809282387067
IMN,Isle of Man,2021,3.78598283934312
IMN,Isle of Man,2020,-8.952853097019
IMN,Isle of Man,2019,0.0733713448695283
IMN,Isle of Man,2018,1.97434466746698
IMN,Isle of Man,2017,2.66187031478451
IMN,Isle of Man,2016,7.11503908245226
IMN,Isle of Man,2015,-0.0295616197691402
IMN,Isle of Man,2014,5.46721088334894
IMN,Isle of Man,2013,4.38197664616249
IMN,Isle of Man,2012,7.3636916765798
IMN,Isle of Man,2011,1.38472598626136
IMN,Isle of Man,2010,2.24854803434695
IMN,Isle of Man,2009,0.979767326548526
IMN,Isle of Man,2008,3.77208525293702
IMN,Isle of Man,2007,6.36998309806449
IMN,Isle of Man,2006,6.6564512619359
IMN,Isle of Man,2005,4.93577075888795
IMN,Isle of Man,2004,4.20797850373191
IMN,Isle of Man,2003,4.94881389767924
IMN,Isle of Man,2002,5.10192250991517
IMN,Isle of Man,2001,4.27400134298588
IMN,Isle of Man,2000,4.09055253299996
IMN,Isle of Man,1999,12.2876785621037
IMN,Isle of Man,1998,12.0370958218258
IMN,Isle of Man,1997,7.31602122799377
IMN,Isle of Man,1996,6.90175224377177
IMN,Isle of Man,1995,3.79682396662615
IMN,Isle of Man,1994,3.42131414665177
IMN,Isle of Man,1993,1.99256058992141
IMN,Isle of Man,1992,0.0191402471247955
IMN,Isle of Man,1991,0.30669388521072
IMN,Isle of Man,1990,2.48469388635746
IMN,Isle of Man,1989,5.09571927624141
IMN,Isle of Man,1988,10.0130519130004
IMN,Isle of Man,1987,8.38520288055918
IMN,Isle of Man,1986,18.5642750122377
IMN,Isle of Man,1985,0.616951121008327
ISR,Israel,2025,1.70485885012617
ISR,Israel,2024,-0.592650786473939
ISR,Israel,2023,-0.958016586483481
ISR,Israel,2022,4.29299164027475
ISR,Israel,2021,7.51180775977554
ISR,Israel,2020,-3.51878278661184
ISR,Israel,2019,1.62043641627767
ISR,Israel,2018,2.06796927151525
ISR,Israel,2017,2.34048587653075
ISR,Israel,2016,2.50670443598923
ISR,Israel,2015,0.230342851538737
ISR,Israel,2014,1.74621551083156
ISR,Israel,2013,2.16577109822916
ISR,Israel,2012,0.536640391791892
ISR,Israel,2011,3.58135753623301
ISR,Israel,2010,3.63416912780745
ISR,Israel,2009,-1.17051223143478
ISR,Israel,2008,1.39829553388404
ISR,Israel,2007,4.44151356230513
ISR,Israel,2006,3.74082297657495
ISR,Israel,2005,2.52905588156467
ISR,Israel,2004,2.81588919584401
ISR,Israel,2003,-0.380427550574865
ISR,Israel,2002,-2.14374381254724
ISR,Israel,2001,-2.06538364198205
ISR,Israel,2000,5.75975072145897
ISR,Israel,1999,0.691393466020145
ISR,Israel,1998,1.74826481992427
ISR,Israel,1997,1.05374124655664
ISR,Israel,1996,3.10555612744525
ISR,Israel,1995,3.79606672206604
ISR,Israel,1994,4.68195858069014
ISR,Israel,1993,1.38569533577682
ISR,Israel,1992,4.09927945261595
ISR,Israel,1991,1.43538012715297
ISR,Israel,1990,4.04507932786228
ISR,Israel,1989,-1.1170815697204
ISR,Israel,1988,1.21878911953517
ISR,Israel,1987,5.42312183773026
ISR,Israel,1986,2.59057476501764
ISR,Israel,1985,2.21819851636378
ISR,Israel,1984,-0.377291773724338
ISR,Israel,1983,1.49586787893961
ISR,Israel,1982,0.183173325542626
ISR,Israel,1981,3.26295140791169
ISR,Israel,1980,-0.741543863922303
ISR,Israel,1979,3.51474916836376
ISR,Israel,1978,3.35244712372848
ISR,Israel,1977,-1.20185106255538
ISR,Israel,1976,-1.89237188835205
ISR,Israel,1975,0.912011780230245
ISR,Israel,1974,3.35471045705751
ISR,Israel,1973,1.40004163809095
ISR,Israel,1972,9.33220309544993
ISR,Israel,1971,7.51661282018796
ISR,Israel,1970,3.80739898876861
ISR,Israel,1969,10.644651751515
ISR,Israel,1968,13.8366598090146
ISR,Israel,1967,-1.35740451897821
ISR,Israel,1966,-2.58810788331404
ISR,Israel,1965,5.25552907827107
ISR,Israel,1964,3.75053242354049
ISR,Israel,1963,6.69411239142244
ISR,Israel,1962,4.9677781270975
ISR,Israel,1961,7.59141753817025
ITA,Italy,2025,0.602806059262818
ITA,Italy,2024,0.83691071221466
ITA,Italy,2023,0.973187605594532
ITA,Italy,2022,5.0334454866795
ITA,Italy,2021,9.49416108466208
ITA,Italy,2020,-8.42323993924451
ITA,Italy,2019,0.678246830552865
ITA,Italy,2018,1.03718514840632
ITA,Italy,2017,1.79499729937032
ITA,Italy,2016,1.42884453159633
ITA,Italy,2015,1.03826511770654
ITA,Italy,2014,-0.0164634913490715
ITA,Italy,2013,-2.01397031609169
ITA,Italy,2012,-3.38984189684089
ITA,Italy,2011,0.347491108002188
ITA,Italy,2010,1.0811087798198
ITA,Italy,2009,-5.85255775999181
ITA,Italy,2008,-1.7836019705945
ITA,Italy,2007,0.846872548383672
ITA,Italy,2006,1.3930148978998
ITA,Italy,2005,0.176020373979568
ITA,Italy,2004,0.721242547682493
ITA,Italy,2003,-0.472767256846353
ITA,Italy,2002,0.0717374312631875
ITA,Italy,2001,1.94399983338882
ITA,Italy,2000,3.83504714661416
ITA,Italy,1999,1.66088992098732
ITA,Italy,1998,1.7750842893435
ITA,Italy,1997,1.87180969818361
ITA,Italy,1996,1.31710619734164
ITA,Italy,1995,2.88520231073102
ITA,Italy,1994,2.13021550826906
ITA,Italy,1993,-0.913401690042861
ITA,Italy,1992,0.765807563298623
ITA,Italy,1991,1.4681756454128
ITA,Italy,1990,1.90043980216616
ITA,Italy,1989,3.31086198546745
ITA,Italy,1988,4.14404206747851
ITA,Italy,1987,3.18143029577409
ITA,Italy,1986,2.85436689178144
ITA,Italy,1985,2.76838146298121
ITA,Italy,1984,3.20278304793516
ITA,Italy,1983,1.13249109531979
ITA,Italy,1982,0.339224989639675
ITA,Italy,1981,0.723232420822413
ITA,Italy,1980,3.21717007582888
ITA,Italy,1979,5.65322409090419
ITA,Italy,1978,2.87293637771593
ITA,Italy,1977,2.1258274871025
ITA,Italy,1976,6.59231969028866
ITA,Italy,1975,-2.673183899107
ITA,Italy,1974,4.81201381648005
ITA,Italy,1973,6.40180597096933
ITA,Italy,1972,3.10348973748525
ITA,Italy,1971,1.3442804073937
ITA,Italy,1970,4.75500964865194
ITA,Italy,1969,5.49917944596076
ITA,Italy,1968,5.87359452902072
ITA,Italy,1967,6.40567757031445
ITA,Italy,1966,5.16416327048856
ITA,Italy,1965,2.40204607900051
ITA,Italy,1964,1.95553273107379
ITA,Italy,1963,4.8420524157996
ITA,Italy,1962,5.48747769783873
ITA,Italy,1961,7.48641890077582
JAM,Jamaica,2025,0.155655214064467
JAM,Jamaica,2024,-0.51363387005874
JAM,Jamaica,2023,2.72311612642515
JAM,Jamaica,2022,6.38449296229192
JAM,Jamaica,2021,5.44605052451513
JAM,Jamaica,2020,-8.54632871499803
JAM,Jamaica,2019,1.69497447065874
JAM,Jamaica,2018,2.35833186418979
JAM,Jamaica,2017,2.08054717136154
JAM,Jamaica,2016,2.49050959451111
JAM,Jamaica,2015,0.605132259299552
JAM,Jamaica,2014,0.327176684512608
JAM,Jamaica,2013,0.111200802511547
JAM,Jamaica,2012,-1.04151903293869
JAM,Jamaica,2011,1.29087650393585
JAM,Jamaica,2010,-1.87206742708895
JAM,Jamaica,2009,-4.74232025652036
JAM,Jamaica,2008,-1.24242279776804
JAM,Jamaica,2007,0.952340641642138
JAM,Jamaica,2006,2.36949906247872
JAM,Jamaica,2005,0.33654893030193
JAM,Jamaica,2004,0.732138408370318
JAM,Jamaica,2003,3.03997803691765
JAM,Jamaica,2002,1.37273149144548
JAM,Jamaica,2001,0.704785923037818
JAM,Jamaica,2000,0.181209199316882
JAM,Jamaica,1999,0.265019143424567
JAM,Jamaica,1998,-3.16642937890479
JAM,Jamaica,1997,-2.04782575477212
JAM,Jamaica,1996,-1.07569221177816
JAM,Jamaica,1995,1.32934397119848
JAM,Jamaica,1994,0.346954542208792
JAM,Jamaica,1993,8.29096099965061
JAM,Jamaica,1992,0.953437709168753
JAM,Jamaica,1991,3.92158553110389
JAM,Jamaica,1990,3.41413068657693
JAM,Jamaica,1989,6.44098788781858
JAM,Jamaica,1988,3.26671311953817
JAM,Jamaica,1987,7.03155216927711
JAM,Jamaica,1986,0.936567842364823
JAM,Jamaica,1985,-4.04925281880678
JAM,Jamaica,1984,-2.83493397320355
JAM,Jamaica,1983,0.498067367545829
JAM,Jamaica,1982,0.676546300868935
JAM,Jamaica,1981,1.30983951006849
JAM,Jamaica,1980,-6.86422557719587
JAM,Jamaica,1979,-2.21073067383951
JAM,Jamaica,1978,-1.2072997278766
JAM,Jamaica,1977,-3.77724966994352
JAM,Jamaica,1976,-7.90742453057631
JAM,Jamaica,1975,-1.64308411562342
JAM,Jamaica,1974,-5.65732768743082
JAM,Jamaica,1973,-6.91569437220451
JAM,Jamaica,1972,16.3092446080951
JAM,Jamaica,1971,1.08394882292116
JAM,Jamaica,1970,10.6879744964459
JAM,Jamaica,1969,4.35896940237117
JAM,Jamaica,1968,4.53893287802512
JAM,Jamaica,1967,0.607398063662231
JPN,Japan,2025,1.69235502736154
JPN,Japan,2024,0.195469592184395
JPN,Japan,2023,1.21286714128739
JPN,Japan,2022,1.78240958675406
JPN,Japan,2021,4.04163849701511
JPN,Japan,2020,-4.00127136367016
JPN,Japan,2019,-0.168366879621402
JPN,Japan,2018,0.962163474855828
JPN,Japan,2017,1.70668817770073
JPN,Japan,2016,0.756497591794997
JPN,Japan,2015,1.90806992390948
JPN,Japan,2014,1.03990068136697
JPN,Japan,2013,2.14453612740357
JPN,Japan,2012,1.8114084396923
JPN,Japan,2011,-0.015331176425093
JPN,Japan,2010,4.11775410034667
JPN,Japan,2009,-5.92418744684731
JPN,Japan,2008,-1.21447096036071
JPN,Japan,2007,1.61155135596718
JPN,Japan,2006,1.48197527748053
JPN,Japan,2005,1.83871609775319
JPN,Japan,2004,2.07858049766911
JPN,Japan,2003,1.16340717181257
JPN,Japan,2002,-0.147465639518501
JPN,Japan,2001,0.0432610804393931
JPN,Japan,2000,2.80621328819454
JPN,Japan,1999,-0.529386093394294
JPN,Japan,1998,-2.03919141803574
JPN,Japan,1997,1.12173981514334
JPN,Japan,1996,2.84186991446948
JPN,Japan,1995,2.10225244371884
JPN,Japan,1994,0.711494680016983
JPN,Japan,1993,-0.839886380389586
JPN,Japan,1992,0.474423126913038
JPN,Japan,1991,3.01204918490332
JPN,Japan,1990,4.54527368671546
JPN,Japan,1989,4.43969272110259
JPN,Japan,1988,6.34159979566962
JPN,Japan,1987,4.22704167358734
JPN,Japan,1986,2.77792081039865
JPN,Japan,1985,4.57674457528742
JPN,Japan,1984,3.82668234087488
JPN,Japan,1983,2.80545458217117
JPN,Japan,1982,2.59830327632717
JPN,Japan,1981,3.45297052119496
JPN,Japan,1980,2.01041585712841
JPN,Japan,1979,4.59476830692766
JPN,Japan,1978,4.31828011494947
JPN,Japan,1977,3.38468071450197
JPN,Japan,1976,2.86677809798623
JPN,Japan,1975,1.78783564199057
JPN,Japan,1974,-2.52983919980608
JPN,Japan,1973,6.52302359623155
JPN,Japan,1972,6.90549972206989
JPN,Japan,1971,2.42665235658168
JPN,Japan,1970,-0.75055313276728
JPN,Japan,1969,11.1486573492424
JPN,Japan,1968,11.6174281852766
JPN,Japan,1967,9.93883450707536
JPN,Japan,1966,9.63235966134457
JPN,Japan,1965,4.68644998353798
JPN,Japan,1964,10.5207921451113
JPN,Japan,1963,7.37985711585412
JPN,Japan,1962,7.9017144608836
JPN,Japan,1961,11.0440729898056
JOR,Jordan,2025,3.11393458304539
JOR,Jordan,2024,1.54706087079248
JOR,Jordan,2023,1.47963486739255
JOR,Jordan,2022,1.01339563047829
JOR,Jordan,2021,1.86634825216463
JOR,Jordan,2020,-2.91147672323414
JOR,Jordan,2019,-0.144023848563009
JOR,Jordan,2018,-0.366596262740202
JOR,Jordan,2017,0.22543046814485
JOR,Jordan,2016,-2.59919514615272
JOR,Jordan,2015,-5.56577200216208
JOR,Jordan,2014,-6.07780868696074
JOR,Jordan,2013,-2.47848803296866
JOR,Jordan,2012,0.964469841021028
JOR,Jordan,2011,0.384542795672388
JOR,Jordan,2010,0.453459698002902
JOR,Jordan,2009,2.88110685566487
JOR,Jordan,2008,4.72560086199398
JOR,Jordan,2007,1.84052436528847
JOR,Jordan,2006,1.4032017956127
JOR,Jordan,2005,5.50057037395855
JOR,Jordan,2004,5.97888573730083
JOR,Jordan,2003,1.88023738458034
JOR,Jordan,2002,3.57676471497929
JOR,Jordan,2001,3.12682361391062
JOR,Jordan,2000,2.10734677821824
JOR,Jordan,1999,1.19180638460763
JOR,Jordan,1998,0.658442073539661
JOR,Jordan,1997,0.569931792362951
JOR,Jordan,1996,-1.24666808036031
JOR,Jordan,1995,1.93929287053845
JOR,Jordan,1994,0.0608321468423441
JOR,Jordan,1993,-0.807674227489954
JOR,Jordan,1992,8.46165434064916
JOR,Jordan,1991,-6.00185291540485
JOR,Jordan,1990,-7.77277478563077
JOR,Jordan,1989,-14.9024400633689
JOR,Jordan,1988,-3.15822686573277
JOR,Jordan,1987,-2.30153426988694
JOR,Jordan,1986,0.752136656039994
JOR,Jordan,1985,-7.05276724700148
JOR,Jordan,1984,-0.319725177301805
JOR,Jordan,1983,-6.47345529364696
JOR,Jordan,1982,2.55382662419612
JOR,Jordan,1981,12.5767087498706
JOR,Jordan,1980,7.18849704860737
JOR,Jordan,1979,16.8607833341785
JOR,Jordan,1978,11.1244138843633
JOR,Jordan,1977,5.03578171507242
KAZ,Kazakhstan,2025,5.21659445318726
KAZ,Kazakhstan,2024,3.66170013445029
KAZ,Kazakhstan,2023,3.57238732741942
KAZ,Kazakhstan,2022,1.70100297910589
KAZ,Kazakhstan,2021,2.91864170117744
KAZ,Kazakhstan,2020,-3.86406094514987
KAZ,Kazakhstan,2019,2.99405538115775
KAZ,Kazakhstan,2018,2.5560669084423
KAZ,Kazakhstan,2017,2.49076945691363
KAZ,Kazakhstan,2016,-0.438395201172128
KAZ,Kazakhstan,2015,-0.299093532608879
KAZ,Kazakhstan,2014,2.6806378826727
KAZ,Kazakhstan,2013,4.48819679131283
KAZ,Kazakhstan,2012,3.34601033412712
KAZ,Kazakhstan,2011,5.95764573473487
KAZ,Kazakhstan,2010,5.91730119035698
KAZ,Kazakhstan,2009,0.0228479849101006
KAZ,Kazakhstan,2008,2.23526924918258
KAZ,Kazakhstan,2007,7.871783713981
KAZ,Kazakhstan,2006,9.76786673957737
KAZ,Kazakhstan,2005,8.88963565884097
KAZ,Kazakhstan,2004,8.88930817801581
KAZ,Kazakhstan,2003,8.67044524900558
KAZ,Kazakhstan,2002,9.23105777770729
KAZ,Kazakhstan,2001,12.9575000867226
KAZ,Kazakhstan,2000,9.47962640033421
KAZ,Kazakhstan,1999,3.97519541542795
KAZ,Kazakhstan,1998,0.579278352126394
KAZ,Kazakhstan,1997,4.06306962919871
KAZ,Kazakhstan,1996,2.42544484330412
KAZ,Kazakhstan,1995,-6.48128800058484
KAZ,Kazakhstan,1994,-11.416894545868
KAZ,Kazakhstan,1993,-8.89440884902913
KAZ,Kazakhstan,1992,-5.59517557101667
KAZ,Kazakhstan,1991,-11.64152153699
KEN,Kenya,2025,2.63289431353732
KEN,Kenya,2024,2.63137959665416
KEN,Kenya,2023,3.64425548577437
KEN,Kenya,2022,2.86281276489714
KEN,Kenya,2021,5.5651365159048
KEN,Kenya,2020,-2.2103217118529
KEN,Kenya,2019,3.07004769448449
KEN,Kenya,2018,3.52404781491717
KEN,Kenya,2017,1.60475183361922
KEN,Kenya,2016,1.93794795580835
KEN,Kenya,2015,2.65589352795405
KEN,Kenya,2014,2.59218353342239
KEN,Kenya,2013,1.26331129067221
KEN,Kenya,2012,1.87670753904403
KEN,Kenya,2011,2.26952218964762
KEN,Kenya,2010,4.96811299885232
KEN,Kenya,2009,0.232598394599862
KEN,Kenya,2008,-2.7588645638462
KEN,Kenya,2007,3.66978666216018
KEN,Kenya,2006,3.27715457506901
KEN,Kenya,2005,2.70244103195117
KEN,Kenya,2004,1.89113513278383
KEN,Kenya,2003,-0.194798007216917
KEN,Kenya,2002,-2.56736280977373
KEN,Kenya,2001,0.575576747494395
KEN,Kenya,2000,-2.38610693277963
KEN,Kenya,1999,-0.603257549690113
KEN,Kenya,1998,0.478811112143987
KEN,Kenya,1997,-2.23366307984048
KEN,Kenya,1996,1.31900626661266
KEN,Kenya,1995,1.4837374235438
KEN,Kenya,1994,-0.304212273442516
KEN,Kenya,1993,-2.58233453633143
KEN,Kenya,1992,-3.79370437133613
KEN,Kenya,1991,-1.79555975482411
KEN,Kenya,1990,0.668332502815062
KEN,Kenya,1989,1.0826542002969
KEN,Kenya,1988,2.52259696361155
KEN,Kenya,1987,2.26586113193359
KEN,Kenya,1986,3.40845945197678
KEN,Kenya,1985,0.569650556250821
KEN,Kenya,1984,-1.91893717292913
KEN,Kenya,1983,-2.3251867559766
KEN,Kenya,1982,-2.06071312546143
KEN,Kenya,1981,0.128998105818283
KEN,Kenya,1980,1.91506413946645
KEN,Kenya,1979,3.9502014523985
KEN,Kenya,1978,3.2950316756188
KEN,Kenya,1977,5.87941024320102
KEN,Kenya,1976,-1.10989817440527
KEN,Kenya,1975,-2.414863097742
KEN,Kenya,1974,0.600157426524987
KEN,Kenya,1973,2.30288023865035
KEN,Kenya,1972,13.0810040007777
KEN,Kenya,1971,17.820065627684
KEN,Kenya,1970,-8.25406759214241
KEN,Kenya,1969,3.80581664358147
KEN,Kenya,1968,3.79670171210267
KEN,Kenya,1967,-0.658711109434691
KEN,Kenya,1966,10.2453783737033
KEN,Kenya,1965,-1.97317083215169
KEN,Kenya,1964,0.922365577792576
KEN,Kenya,1963,4.63467589113695
KEN,Kenya,1962,5.34856718516423
KEN,Kenya,1961,-11.1513604419023
KIR,Kiribati,2025,2.71735255722947
KIR,Kiribati,2024,3.14886076984993
KIR,Kiribati,2023,1.53004759659856
KIR,Kiribati,2022,3.40476180750579
KIR,Kiribati,2021,6.51730510856365
KIR,Kiribati,2020,-2.98712184016587
KIR,Kiribati,2019,1.77977627382882
KIR,Kiribati,2018,1.89214544847405
KIR,Kiribati,2017,2.16246551099044
KIR,Kiribati,2016,5.58490832516883
KIR,Kiribati,2015,9.84706076349215
KIR,Kiribati,2014,-0.0428972459236832
KIR,Kiribati,2013,6.26028947416073
KIR,Kiribati,2012,4.26113729441184
KIR,Kiribati,2011,1.45038004681834
KIR,Kiribati,2010,-0.857158610176697
KIR,Kiribati,2009,-1.58315258146997
KIR,Kiribati,2008,-4.98978666488051
KIR,Kiribati,2007,0.984244992784554
KIR,Kiribati,2006,3.68079200082892
KIR,Kiribati,2005,-0.722362780004488
KIR,Kiribati,2004,-2.58468567894897
KIR,Kiribati,2003,-3.57269845860688
KIR,Kiribati,2002,-0.673840916592098
KIR,Kiribati,2001,-4.99043248812092
KIR,Kiribati,2000,4.95143441733177
KIR,Kiribati,1999,-5.53429931669956
KIR,Kiribati,1998,2.60111875998274
KIR,Kiribati,1997,-0.655302414292819
KIR,Kiribati,1996,-1.73230175007257
KIR,Kiribati,1995,1.21789472563705
KIR,Kiribati,1994,0.54048403061573
KIR,Kiribati,1993,-1.62446253702345
KIR,Kiribati,1992,21.9252039696882
KIR,Kiribati,1991,-7.51675774681516
KIR,Kiribati,1990,-8.52138201391774
KIR,Kiribati,1989,-9.47239431110648
KIR,Kiribati,1988,19.1509223564054
KIR,Kiribati,1987,-1.13888432551144
KIR,Kiribati,1986,-4.70563420263738
KIR,Kiribati,1985,-14.8945308033482
KIR,Kiribati,1984,12.0689799229037
KIR,Kiribati,1983,-11.2331589197365
KIR,Kiribati,1982,-2.67718390403915
KIR,Kiribati,1981,4.46000443104766
KIR,Kiribati,1980,-2.65826509619578
KIR,Kiribati,1979,-12.0375604991032
KIR,Kiribati,1978,1.73991919590301
KIR,Kiribati,1977,-3.98902759229337
KIR,Kiribati,1976,-26.3746754393182
KIR,Kiribati,1975,5.74515935904168
KIR,Kiribati,1974,44.3652243204659
KIR,Kiribati,1973,18.8305764063351
KIR,Kiribati,1972,9.96806226671605
KIR,Kiribati,1971,-4.19254845372087
KOR,"Korea, Rep.",2025,1.13698114634992
KOR,"Korea, Rep.",2024,1.92783227201599
KOR,"Korea, Rep.",2023,1.50434142529414
KOR,"Korea, Rep.",2022,2.92034561376229
KOR,"Korea, Rep.",2021,4.747751556973
KOR,"Korea, Rep.",2020,-0.837051834035137
KOR,"Korea, Rep.",2019,1.95849636720857
KOR,"Korea, Rep.",2018,2.72979572830845
KOR,"Korea, Rep.",2017,3.14298545917306
KOR,"Korea, Rep.",2016,2.76290075939411
KOR,"Korea, Rep.",2015,2.37903405951899
KOR,"Korea, Rep.",2014,2.5683693516693
KOR,"Korea, Rep.",2013,2.82226288554209
KOR,"Korea, Rep.",2012,2.00997301929048
KOR,"Korea, Rep.",2011,2.89375816160189
KOR,"Korea, Rep.",2010,6.44997750684229
KOR,"Korea, Rep.",2009,0.302292304284919
KOR,"Korea, Rep.",2008,2.22523680909987
KOR,"Korea, Rep.",2007,5.30856236809566
KOR,"Korea, Rep.",2006,4.6937077744137
KOR,"Korea, Rep.",2005,4.13723386737684
KOR,"Korea, Rep.",2004,4.7675860552671
KOR,"Korea, Rep.",2003,2.54185039649609
KOR,"Korea, Rep.",2002,7.12308072036979
KOR,"Korea, Rep.",2001,3.92550900636917
KOR,"Korea, Rep.",2000,8.29254041446951
KOR,"Korea, Rep.",1999,10.8267064308936
KOR,"Korea, Rep.",1998,-5.62267154232035
KOR,"Korea, Rep.",1997,5.29022802019921
KOR,"Korea, Rep.",1996,6.9664053263099
KOR,"Korea, Rep.",1995,8.63726671625133
KOR,"Korea, Rep.",1994,8.27690074725467
KOR,"Korea, Rep.",1993,5.9133443470155
KOR,"Korea, Rep.",1992,5.25214973420644
KOR,"Korea, Rep.",1991,9.78296218320472
KOR,"Korea, Rep.",1990,8.94633215523027
KOR,"Korea, Rep.",1989,6.11028017233426
KOR,"Korea, Rep.",1988,11.0405571742325
KOR,"Korea, Rep.",1987,11.7855305378105
KOR,"Korea, Rep.",1986,10.3993364703999
KOR,"Korea, Rep.",1985,6.88128173232485
KOR,"Korea, Rep.",1984,9.27971886036099
KOR,"Korea, Rep.",1983,11.8063263631931
KOR,"Korea, Rep.",1982,6.80481381279148
KOR,"Korea, Rep.",1981,5.74110722342316
KOR,"Korea, Rep.",1980,-3.04707446533358
KOR,"Korea, Rep.",1979,7.09995907559107
KOR,"Korea, Rep.",1978,9.39484451977266
KOR,"Korea, Rep.",1977,10.6388743873152
KOR,"Korea, Rep.",1976,11.469240484049
KOR,"Korea, Rep.",1975,6.13128616568828
KOR,"Korea, Rep.",1974,7.78693652931419
KOR,"Korea, Rep.",1973,12.9594719615862
KOR,"Korea, Rep.",1972,5.34195565986401
KOR,"Korea, Rep.",1971,8.49146319087129
KOR,"Korea, Rep.",1970,7.7868897300449
KOR,"Korea, Rep.",1969,12.0261299748451
KOR,"Korea, Rep.",1968,10.6259631681322
KOR,"Korea, Rep.",1967,6.63225068306279
KOR,"Korea, Rep.",1966,9.22678983088335
KOR,"Korea, Rep.",1965,4.61994887637964
KOR,"Korea, Rep.",1964,6.60187460075853
KOR,"Korea, Rep.",1963,6.01596162533625
KOR,"Korea, Rep.",1962,0.992381009299592
KOR,"Korea, Rep.",1961,3.79440570333784
XKX,Kosovo,2025,4.74031521100724
XKX,Kosovo,2024,10.3656494300073
XKX,Kosovo,2023,9.35107522909426
XKX,Kosovo,2022,5.33909761737917
XKX,Kosovo,2021,10.9981400491097
XKX,Kosovo,2020,-5.40690184268419
XKX,Kosovo,2019,5.23669676312298
XKX,Kosovo,2018,3.05752931278261
XKX,Kosovo,2017,4.03838879864328
XKX,Kosovo,2016,6.20761650241487
XKX,Kosovo,2015,7.36815111994392
XKX,Kosovo,2014,3.65273027273803
XKX,Kosovo,2013,4.70387084053738
XKX,Kosovo,2012,0.857974394903721
XKX,Kosovo,2011,6.12959202990389
XKX,Kosovo,2010,5.28831482675317
XKX,Kosovo,2009,5.39636701673933
KWT,Kuwait,2025,3.40677373406191
KWT,Kuwait,2024,-2.35607712376698
KWT,Kuwait,2023,-6.98656704450174
KWT,Kuwait,2022,1.43711284054184
KWT,Kuwait,2021,2.59077518987651
KWT,Kuwait,2020,-3.90774915473197
KWT,Kuwait,2019,-0.471027490632153
KWT,Kuwait,2018,-1.26570110779524
KWT,Kuwait,2017,-8.16879129164303
KWT,Kuwait,2016,-1.43152053599024
KWT,Kuwait,2015,-3.83270102171981
KWT,Kuwait,2014,-3.83157244878866
KWT,Kuwait,2013,-3.77371634598551
KWT,Kuwait,2012,0.0983286715542846
KWT,Kuwait,2011,2.99936488052495
KWT,Kuwait,2010,-7.27588260300011
KWT,Kuwait,2009,-11.8648164745831
KWT,Kuwait,2008,-3.06795857769427
KWT,Kuwait,2007,-0.0585846444072189
KWT,Kuwait,2006,1.6976352381691
KWT,Kuwait,2005,6.67935670476243
KWT,Kuwait,2004,7.81613775807561
KWT,Kuwait,2003,14.5507976912199
KWT,Kuwait,2002,0.421240897856848
KWT,Kuwait,2001,-2.45214152569666
KWT,Kuwait,2000,1.76596434147542
KWT,Kuwait,1999,-4.66954369474961
KWT,Kuwait,1998,0.479689867621317
KWT,Kuwait,1997,-0.819070755595845
KWT,Kuwait,1996,-2.22845237949566
KWT,Kuwait,1995,3.78870129848272
KWT,Kuwait,1994,8.94369840376427
KWT,Kuwait,1993,31.0104104388079
KWT,Kuwait,1992,51.1035091581689
KWT,Kuwait,1991,-26.4531088639358
KWT,Kuwait,1990,-2.90644267442678
KWT,Kuwait,1989,21.1942464998563
KWT,Kuwait,1988,-13.4956518163269
KWT,Kuwait,1987,3.90699965176427
KWT,Kuwait,1986,4.25928304119745
KWT,Kuwait,1985,-7.98202682465829
KWT,Kuwait,1984,0.825844853519484
KWT,Kuwait,1983,2.87568996438094
KWT,Kuwait,1982,-15.9455962653042
KWT,Kuwait,1981,-22.9514955811007
KWT,Kuwait,1980,-23.7630883360282
KWT,Kuwait,1979,7.24255314037383
KWT,Kuwait,1978,0.763158114760557
KWT,Kuwait,1977,-9.90946431104578
KWT,Kuwait,1976,-0.0728517532238584
KWT,Kuwait,1975,-17.5558265346701
KWT,Kuwait,1974,-18.0770336525294
KWT,Kuwait,1973,-12.0461650165501
KWT,Kuwait,1972,-2.33946574912547
KWT,Kuwait,1971,0.118996333430687
KGZ,Kyrgyz Republic,2025,9.26239975435819
KGZ,Kyrgyz Republic,2024,9.65363391447642
KGZ,Kyrgyz Republic,2023,7.10119376613466
KGZ,Kyrgyz Republic,2022,7.03042869604123
KGZ,Kyrgyz Republic,2021,3.58776993335192
KGZ,Kyrgyz Republic,2020,-9.03157714073227
KGZ,Kyrgyz Republic,2019,2.28120088774463
KGZ,Kyrgyz Republic,2018,1.54586820248004
KGZ,Kyrgyz Republic,2017,2.55837834194257
KGZ,Kyrgyz Republic,2016,2.04985149948004
KGZ,Kyrgyz Republic,2015,1.56807607660568
KGZ,Kyrgyz Republic,2014,1.75718622899099
KGZ,Kyrgyz Republic,2013,8.51417444984632
KGZ,Kyrgyz Republic,2012,-1.95288116304553
KGZ,Kyrgyz Republic,2011,4.43705345314649
KGZ,Kyrgyz Republic,2010,-1.88093371727501
KGZ,Kyrgyz Republic,2009,1.53257250259469
KGZ,Kyrgyz Republic,2008,7.37554930252675
KGZ,Kyrgyz Republic,2007,7.51249331031009
KGZ,Kyrgyz Republic,2006,2.00174444436951
KGZ,Kyrgyz Republic,2005,-1.29558825808593
KGZ,Kyrgyz Republic,2004,5.73937835827032
KGZ,Kyrgyz Republic,2003,5.91391847989379
KGZ,Kyrgyz Republic,2002,-0.931486114215559
KGZ,Kyrgyz Republic,2001,4.3267567743611
KGZ,Kyrgyz Republic,2000,4.19610604345162
KGZ,Kyrgyz Republic,1999,2.12663575288255
KGZ,Kyrgyz Republic,1998,0.567335558764
KGZ,Kyrgyz Republic,1997,8.32417662505638
KGZ,Kyrgyz Republic,1996,5.51161045842127
KGZ,Kyrgyz Republic,1995,-6.36503081112481
KGZ,Kyrgyz Republic,1994,-20.05492795056
KGZ,Kyrgyz Republic,1993,-15.4851015810132
KGZ,Kyrgyz Republic,1992,-14.8256285785517
KGZ,Kyrgyz Republic,1991,-9.43703056416022
KGZ,Kyrgyz Republic,1990,3.68716154101205
KGZ,Kyrgyz Republic,1989,0.663560153242543
KGZ,Kyrgyz Republic,1988,11.2196198960153
KGZ,Kyrgyz Republic,1987,1.35340476387358
LAO,Lao PDR,2025,3.16696670840642
LAO,Lao PDR,2024,2.72532702600417
LAO,Lao PDR,2023,2.31116087572821
LAO,Lao PDR,2022,1.2697005231296
LAO,Lao PDR,2021,1.06109059992194
LAO,Lao PDR,2020,-0.986715601107164
LAO,Lao PDR,2019,3.86091278109465
LAO,Lao PDR,2018,4.60986171989208
LAO,Lao PDR,2017,5.2271106715724
LAO,Lao PDR,2016,5.36288912313843
LAO,Lao PDR,2015,5.71702901311374
LAO,Lao PDR,2014,6.13842534644749
LAO,Lao PDR,2013,6.51642199042166
LAO,Lao PDR,2012,6.49513527103458
LAO,Lao PDR,2011,6.48536557882839
LAO,Lao PDR,2010,6.94116593325336
LAO,Lao PDR,2009,5.90563851314371
LAO,Lao PDR,2008,6.19878841672832
LAO,Lao PDR,2007,5.94392449426221
LAO,Lao PDR,2006,6.91294627933061
LAO,Lao PDR,2005,5.50361623488958
LAO,Lao PDR,2004,4.81831567317876
LAO,Lao PDR,2003,4.44645858943204
LAO,Lao PDR,2002,4.23097600258968
LAO,Lao PDR,2001,4.02249661411516
LAO,Lao PDR,2000,4.03726532497247
LAO,Lao PDR,1999,5.4475157802012
LAO,Lao PDR,1998,2.06080647085234
LAO,Lao PDR,1997,4.66634480033544
LAO,Lao PDR,1996,4.46434380896963
LAO,Lao PDR,1995,4.42161502950582
LAO,Lao PDR,1994,5.36666889160745
LAO,Lao PDR,1993,3.07739171807499
LAO,Lao PDR,1992,2.6769238807299
LAO,Lao PDR,1991,1.40025340364474
LAO,Lao PDR,1990,3.7107564838131
LAO,Lao PDR,1989,10.9653509962859
LAO,Lao PDR,1988,-4.77692163066391
LAO,Lao PDR,1987,-4.18795903851054
LAO,Lao PDR,1986,1.97501637779287
LAO,Lao PDR,1985,2.20041867968716
LVA,Latvia,2025,3.1515721924612
LVA,Latvia,2024,0.904976236094242
LVA,Latvia,2023,-1.16914941176928
LVA,Latvia,2022,2.18545852350196
LVA,Latvia,2021,7.8481957927218
LVA,Latvia,2020,-2.78996380720736
LVA,Latvia,2019,1.37774612596324
LVA,Latvia,2018,5.12560422080688
LVA,Latvia,2017,4.31935869681359
LVA,Latvia,2016,3.49318640044002
LVA,Latvia,2015,4.63645212679371
LVA,Latvia,2014,3.06097381676449
LVA,Latvia,2013,3.19545170389934
LVA,Latvia,2012,8.64449958601972
LVA,Latvia,2011,4.92957999064132
LVA,Latvia,2010,-1.63514379125596
LVA,Latvia,2009,-14.6423127971401
LVA,Latvia,2008,-2.36803650613602
LVA,Latvia,2007,11.3194013044585
LVA,Latvia,2006,13.8646922612695
LVA,Latvia,2005,12.8279409524173
LVA,Latvia,2004,9.91817299610062
LVA,Latvia,2003,9.48207219023105
LVA,Latvia,2002,8.92368151151518
LVA,Latvia,2001,7.8444195658347
LVA,Latvia,2000,6.86619861333267
LVA,Latvia,1999,3.65872177157615
LVA,Latvia,1998,7.5594343825196
LVA,Latvia,1997,10.2650977955077
LVA,Latvia,1996,3.45875626105796
LVA,Latvia,1995,0.477694090085151
LVA,Latvia,1994,3.91478809416456
LVA,Latvia,1993,-3.09071176948856
LVA,Latvia,1992,-31.1775188260544
LVA,Latvia,1991,-12.1807176161305
LBN,Lebanon,2024,-7.59953414966085
LBN,Lebanon,2023,-1.25912842069158
LBN,Lebanon,2022,-1.07782192621244
LBN,Lebanon,2021,-7.25697163046323
LBN,Lebanon,2020,-20.1290983815185
LBN,Lebanon,2019,-3.87037166908469
LBN,Lebanon,2018,1.00112836973221
LBN,Lebanon,2017,3.57185811074811
LBN,Lebanon,2016,3.95420458700914
LBN,Lebanon,2015,-1.48529943559267
LBN,Lebanon,2014,-7.26145145442744
LBN,Lebanon,2013,-5.35004515636365
LBN,Lebanon,2012,-0.172272058447192
LBN,Lebanon,2011,-0.215990101752055
LBN,Lebanon,2010,6.92562408092621
LBN,Lebanon,2009,8.75424197439401
LBN,Lebanon,2008,7.27020382429338
LBN,Lebanon,2007,7.21242419520836
LBN,Lebanon,2006,-0.16111039140597
LBN,Lebanon,2005,1.106879785513
LBN,Lebanon,2004,4.96833961304041
LBN,Lebanon,2003,1.81278345572235
LBN,Lebanon,2002,1.99615029951745
LBN,Lebanon,2001,2.12758024747754
LBN,Lebanon,2000,-0.39180673260141
LBN,Lebanon,1999,-2.25536834554141
LBN,Lebanon,1998,1.85892264288059
LBN,Lebanon,1997,-0.755972338344009
LBN,Lebanon,1996,9.24362452355456
LBN,Lebanon,1995,4.54238397048779
LBN,Lebanon,1994,6.18337051477913
LBN,Lebanon,1993,8.64130049009017
LBN,Lebanon,1992,14.0004669448677
LBN,Lebanon,1991,46.4438180749834
LBN,Lebanon,1990,24.0733625704812
LBN,Lebanon,1989,-43.604222947362
LSO,Lesotho,2025,0.864833753647872
LSO,Lesotho,2024,4.0567836183363
LSO,Lesotho,2023,0.578518284725888
LSO,Lesotho,2022,1.28745564005285
LSO,Lesotho,2021,1.09935782526551
LSO,Lesotho,2020,-9.23727005298078
LSO,Lesotho,2019,-2.56925986092637
LSO,Lesotho,2018,-2.67593907523207
LSO,Lesotho,2017,-4.33655999292874
LSO,Lesotho,2016,2.35363981271321
LSO,Lesotho,2015,1.92251059472272
LSO,Lesotho,2014,0.557309193389017
LSO,Lesotho,2013,0.696148188602265
LSO,Lesotho,2012,5.27066659627468
LSO,Lesotho,2011,3.69398595274109
LSO,Lesotho,2010,4.45925951436652
LSO,Lesotho,2009,-1.96870088552072
LSO,Lesotho,2008,4.81119838923493
LSO,Lesotho,2007,3.75025688346649
LSO,Lesotho,2006,4.65948787654852
LSO,Lesotho,2005,4.42249766024187
LSO,Lesotho,2004,2.41103579960742
LSO,Lesotho,2003,5.06649512855877
LSO,Lesotho,2002,1.0355999970419
LSO,Lesotho,2001,3.71996350434441
LSO,Lesotho,2000,3.84034989034289
LSO,Lesotho,1999,0.215961480049515
LSO,Lesotho,1998,1.0335881718662
LSO,Lesotho,1997,2.88404384128545
LSO,Lesotho,1996,4.4737795209935
LSO,Lesotho,1995,2.03489246937004
LSO,Lesotho,1994,4.55519517771128
LSO,Lesotho,1993,1.95754937004924
LSO,Lesotho,1992,5.19238547462368
LSO,Lesotho,1991,5.06906633065643
LSO,Lesotho,1990,4.03788867674339
LSO,Lesotho,1989,3.67419823598037
LSO,Lesotho,1988,6.32662578704914
LSO,Lesotho,1987,-1.47316355235876
LSO,Lesotho,1986,2.06110283000073
LSO,Lesotho,1985,-0.25717695813087
LSO,Lesotho,1984,2.5557662771063
LSO,Lesotho,1983,-0.917132307576523
LSO,Lesotho,1982,1.46776133251802
LSO,Lesotho,1981,-2.19449272103662
LSO,Lesotho,1980,-5.53495631975296
LSO,Lesotho,1979,-0.0380445167258614
LSO,Lesotho,1978,14.9941714608236
LSO,Lesotho,1977,18.3385218042602
LSO,Lesotho,1976,7.54268485529079
LSO,Lesotho,1975,-16.4511267325274
LSO,Lesotho,1974,7.21995002858708
LSO,Lesotho,1973,22.0934666602339
LSO,Lesotho,1972,-3.65226671969542
LSO,Lesotho,1971,1.4343007037433
LSO,Lesotho,1970,-1.43886797141862
LSO,Lesotho,1969,-2.07736836661826
LSO,Lesotho,1968,-3.9529810564847
LSO,Lesotho,1967,7.0152581777628
LSO,Lesotho,1966,-3.54287112508291
LSO,Lesotho,1965,-0.794535884595675
LSO,Lesotho,1964,5.11048794058154
LSO,Lesotho,1963,7.37932648009554
LSO,Lesotho,1962,11.9403703211041
LSO,Lesotho,1961,-1.13198629168232
LBR,Liberia,2025,2.84724354890147
LBR,Liberia,2024,1.8018710155725
LBR,Liberia,2023,2.40186206516404
LBR,Liberia,2022,2.585058275666
LBR,Liberia,2021,2.7936852774608
LBR,Liberia,2020,-4.97470394166794
LBR,Liberia,2019,-4.38160849244818
LBR,Liberia,2018,-0.802290167584516
LBR,Liberia,2017,0.48341831127135
LBR,Liberia,2016,-3.54590251888713
LBR,Liberia,2015,-2.06002320038729
LBR,Liberia,2014,-1.37370786861489
LBR,Liberia,2013,6.3241100027268
LBR,Liberia,2012,4.24345556941776
LBR,Liberia,2011,4.04086635073222
LBR,Liberia,2010,3.07117998186455
LBR,Liberia,2009,2.04180167202995
LBR,Liberia,2008,2.88473943454363
LBR,Liberia,2007,4.21343815918623
LBR,Liberia,2006,2.17024627280136
LBR,Liberia,2005,0.684612867093762
LBR,Liberia,2004,1.4054000654278
LBR,Liberia,2003,-30.6993530292511
LBR,Liberia,2002,1.09938923491595
LBR,Liberia,2001,-0.0567743363726407
LBR,Liberia,2000,23.9409230680701
LBR,Liberia,1999,15.202396479117
LBR,Liberia,1998,17.6689843112672
LBR,Liberia,1997,90.8322668507269
LBR,Liberia,1996,8.95052315118872
LBR,Liberia,1995,-5.11507834003075
LBR,Liberia,1994,-21.5731868011574
LBR,Liberia,1993,-35.5462839014456
LBR,Liberia,1992,-38.7172836518678
LBR,Liberia,1991,-2.51326031798234
LBR,Liberia,1990,-44.5522515525438
LBR,Liberia,1989,-28.7338770009007
LBR,Liberia,1988,-4.8326704775878
LBR,Liberia,1987,-3.86332420722908
LBR,Liberia,1986,-4.57358206734597
LBR,Liberia,1985,-3.81849790569451
LBR,Liberia,1984,-5.08912309916768
LBR,Liberia,1983,-4.78531644502502
LBR,Liberia,1982,-5.20984958159201
LBR,Liberia,1981,-4.97453105198434
LBR,Liberia,1980,-6.90892261299831
LBR,Liberia,1979,0.261464846117903
LBR,Liberia,1978,1.80544071156466
LBR,Liberia,1977,-1.22831931578325
LBR,Liberia,1976,2.48044600023634
LBR,Liberia,1975,-6.04237452138808
LBR,Liberia,1974,1.99814740649884
LBR,Liberia,1973,-4.78156265209702
LBR,Liberia,1972,1.53521119109597
LBR,Liberia,1971,2.29622343422935
LBR,Liberia,1970,3.96722494259858
LBR,Liberia,1969,4.58112959318333
LBR,Liberia,1968,2.13034683430966
LBR,Liberia,1967,4.06998547802893
LBR,Liberia,1966,5.00054026050971
LBR,Liberia,1965,2.16322002071381
LBR,Liberia,1964,2.53465906881772
LBR,Liberia,1963,-0.256540918399494
LBR,Liberia,1962,-1.137874897858
LBR,Liberia,1961,-0.0334695228826689
LBY,Libya,2025,12.1932042706465
LBY,Libya,2024,0.859500182813605
LBY,Libya,2023,8.96534736140164
LBY,Libya,2022,-9.42490206992071
LBY,Libya,2021,26.6853936559494
LBY,Libya,2020,-30.4001717408883
LBY,Libya,2019,-12.4989174222368
LBY,Libya,2018,6.20327204937865
LBY,Libya,2017,30.3950611263495
LBY,Libya,2016,-2.98083261952721
LBY,Libya,2015,-2.43005265175647
LBY,Libya,2014,-24.5110536856449
LBY,Libya,2013,-19.6276937990081
LBY,Libya,2012,91.7813702690939
LBY,Libya,2011,-49.1278565212286
LBY,Libya,2010,2.90736772244718
LBY,Libya,2009,-6.37107364350932
LBY,Libya,2008,-2.26034195363675
LBY,Libya,2007,4.06916207450483
LBY,Libya,2006,4.3383026664543
LBY,Libya,2005,9.53922388994984
LBY,Libya,2004,2.32576943782377
LBY,Libya,2003,10.7838721756603
LBY,Libya,2002,-2.84267783712218
LBY,Libya,2001,-3.55569593532938
LBY,Libya,2000,1.97930843294741
LBY,Libya,1999,-0.74350237690841
LBY,Libya,1998,-4.97934471333424
LBY,Libya,1997,3.60796474601293
LBY,Libya,1996,0.484583325696249
LBY,Libya,1995,-3.91035223611419
LBY,Libya,1994,0.0535526200486487
LBY,Libya,1993,-5.64791556146643
LBY,Libya,1992,-4.72396454559389
LBY,Libya,1991,13.1314809179703
LBY,Libya,1990,1.33273690708428
LBY,Libya,1989,4.60355383204396
LBY,Libya,1988,4.83694511616169
LBY,Libya,1987,-17.0223039536607
LBY,Libya,1986,-13.970798357882
LBY,Libya,1985,4.850536737417
LBY,Libya,1984,-6.41752616235081
LBY,Libya,1983,-2.32002046932395
LBY,Libya,1982,-0.0445141284845363
LBY,Libya,1981,-23.5884476569466
LBY,Libya,1980,-4.91683695828884
LBY,Libya,1979,2.84888754591661
LBY,Libya,1978,-2.4819010152931
LBY,Libya,1977,2.79738240827292
LBY,Libya,1976,16.1219145495386
LBY,Libya,1975,-1.60871508404968
LBY,Libya,1974,16.2642535826649
LBY,Libya,1973,-1.94413702049
LBY,Libya,1972,5.56900319073159
LBY,Libya,1971,-8.39801719450381
LBY,Libya,1970,1.50901540936657
LBY,Libya,1969,9.63443973890143
LBY,Libya,1968,30.1222973365551
LBY,Libya,1967,8.23393687320969
LBY,Libya,1966,15.7029491475467
LBY,Libya,1965,24.5740948385494
LBY,Libya,1964,39.8407474907534
LBY,Libya,1963,29.5493764317775
LBY,Libya,1962,27.110687982789
LBY,Libya,1961,5.45892663854784
LIE,Liechtenstein,2009,-1.90138748845943
LIE,Liechtenstein,2008,1.19257451932671
LIE,Liechtenstein,2007,2.66666052628214
LIE,Liechtenstein,2006,7.76432322419438
LIE,Liechtenstein,2005,3.90506605911179
LIE,Liechtenstein,2004,1.93839655413686
LIE,Liechtenstein,2003,-3.04540410833893
LIE,Liechtenstein,2002,-2.46311446328741
LIE,Liechtenstein,2001,-2.37488109909029
LIE,Liechtenstein,2000,1.87954790344263
LIE,Liechtenstein,1999,8.51597144502081
LIE,Liechtenstein,1998,6.27762286609592
LIE,Liechtenstein,1997,6.54193167078098
LIE,Liechtenstein,1996,6.01996481773229
LIE,Liechtenstein,1995,4.82284964561106
LIE,Liechtenstein,1994,5.52987892332438
LIE,Liechtenstein,1993,2.73013933393034
LIE,Liechtenstein,1992,2.14651010516232
LIE,Liechtenstein,1991,0.173550269524853
LIE,Liechtenstein,1990,0.740886089334552
LIE,Liechtenstein,1989,3.13034591354382
LIE,Liechtenstein,1988,4.15595319656742
LIE,Liechtenstein,1987,7.96631192106287
LIE,Liechtenstein,1986,2.62544978263597
LIE,Liechtenstein,1985,5.89771060979822
LIE,Liechtenstein,1984,3.69754367979189
LIE,Liechtenstein,1983,-0.187516370991148
LIE,Liechtenstein,1982,-3.77157928320604
LIE,Liechtenstein,1981,4.1575076485417
LIE,Liechtenstein,1980,5.01736631620471
LIE,Liechtenstein,1979,2.51808518091127
LIE,Liechtenstein,1978,2.30588058892943
LIE,Liechtenstein,1977,3.11284891993084
LIE,Liechtenstein,1976,3.83553475210907
LIE,Liechtenstein,1975,-0.0148802519785391
LIE,Liechtenstein,1974,-1.21814703805616
LIE,Liechtenstein,1973,-1.24453356444118
LIE,Liechtenstein,1972,-0.774663752726894
LIE,Liechtenstein,1971,-0.495955811105787
LTU,Lithuania,2025,2.90240527639017
LTU,Lithuania,2024,2.43472538512522
LTU,Lithuania,2023,-0.661828593386076
LTU,Lithuania,2022,1.62367298622554
LTU,Lithuania,2021,6.47017052787757
LTU,Lithuania,2020,0.068446214406265
LTU,Lithuania,2019,4.97938353929399
LTU,Lithuania,2018,5.79066548228593
LTU,Lithuania,2017,5.88872606993294
LTU,Lithuania,2016,3.87744054624235
LTU,Lithuania,2015,3.75632420325671
LTU,Lithuania,2014,4.62035286553186
LTU,Lithuania,2013,5.026825169489
LTU,Lithuania,2012,5.74397608423232
LTU,Lithuania,2011,8.75223892258067
LTU,Lithuania,2010,2.5553360476174
LTU,Lithuania,2009,-13.8877568111501
LTU,Lithuania,2008,3.66012476803633
LTU,Lithuania,2007,12.4053451378162
LTU,Lithuania,2006,9.12367697158992
LTU,Lithuania,2005,9.50010821862925
LTU,Lithuania,2004,7.70478467031737
LTU,Lithuania,2003,11.4535417783581
LTU,Lithuania,2002,7.57999763692278
LTU,Lithuania,2001,7.36519017903279
LTU,Lithuania,2000,4.14861792867285
LTU,Lithuania,1999,-0.392806939052534
LTU,Lithuania,1998,8.24426426596885
LTU,Lithuania,1997,9.10266047464678
LTU,Lithuania,1996,5.82855284120009
LTU,Lithuania,1995,4.08820306754897
LTU,Lithuania,1994,-9.13764799897228
LTU,Lithuania,1993,-15.8287445378855
LTU,Lithuania,1992,-21.1734209929655
LTU,Lithuania,1991,-5.8359894713997
LUX,Luxembourg,2025,-0.820922037442116
LUX,Luxembourg,2024,-1.2100359658708
LUX,Luxembourg,2023,-1.90231135782022
LUX,Luxembourg,2022,-3.07197222288745
LUX,Luxembourg,2021,5.31842935090185
LUX,Luxembourg,2020,-2.15417448261604
LUX,Luxembourg,2019,0.752175646219683
LUX,Luxembourg,2018,-0.329837078615427
LUX,Luxembourg,2017,-1.11617956345307
LUX,Luxembourg,2016,2.73979183520059
LUX,Luxembourg,2015,-0.116861972397984
LUX,Luxembourg,2014,0.232566751606214
LUX,Luxembourg,2013,0.814549354349651
LUX,Luxembourg,2012,-0.762369570929096
LUX,Luxembourg,2011,-1.17681027678633
LUX,Luxembourg,2010,1.88353964502777
LUX,Luxembourg,2009,-5.01426169873878
LUX,Luxembourg,2008,-2.0685335435922
LUX,Luxembourg,2007,6.4418869874232
LUX,Luxembourg,2006,4.33902205420004
LUX,Luxembourg,2005,0.926401620733969
LUX,Luxembourg,2004,2.75969290542125
LUX,Luxembourg,2003,1.37976654261331
LUX,Luxembourg,2002,2.14948280766399
LUX,Luxembourg,2001,1.85449582849829
LUX,Luxembourg,2000,5.51037466267064
LUX,Luxembourg,1999,6.72491018337327
LUX,Luxembourg,1998,5.35552415489973
LUX,Luxembourg,1997,4.10653520924865
LUX,Luxembourg,1996,0.0272531331361421
LUX,Luxembourg,1995,0.0173001720448696
LUX,Luxembourg,1994,2.41663025841494
LUX,Luxembourg,1993,2.81121638174471
LUX,Luxembourg,1992,0.47607932573797
LUX,Luxembourg,1991,7.19840917682171
LUX,Luxembourg,1990,4.0098091281165
LUX,Luxembourg,1989,8.73531185743595
LUX,Luxembourg,1988,7.67910552923674
LUX,Luxembourg,1987,3.27946688761725
LUX,Luxembourg,1986,9.49157794068829
LUX,Luxembourg,1985,2.59324137162234
LUX,Luxembourg,1984,6.07785065588043
LUX,Luxembourg,1983,2.96175904709852
LUX,Luxembourg,1982,1.04829410444228
LUX,Luxembourg,1981,-0.843670741085077
LUX,Luxembourg,1980,0.482545641627581
LUX,Luxembourg,1979,2.10614478235669
LUX,Luxembourg,1978,3.88839150287453
LUX,Luxembourg,1977,1.39353608474609
LUX,Luxembourg,1976,2.02809839168
LUX,Luxembourg,1975,-7.58647500718254
LUX,Luxembourg,1974,2.86230496489159
LUX,Luxembourg,1973,7.12276127952821
LUX,Luxembourg,1972,5.31293034792664
LUX,Luxembourg,1971,1.69279412494301
LUX,Luxembourg,1970,1.25859336679721
LUX,Luxembourg,1969,9.43521169998165
LUX,Luxembourg,1968,3.91864806967364
LUX,Luxembourg,1967,-0.112344233324009
LUX,Luxembourg,1966,0.380675530090869
LUX,Luxembourg,1965,-1.85783778746865
LUX,Luxembourg,1964,6.66457369188829
LUX,Luxembourg,1963,2.36993264268264
LUX,Luxembourg,1962,0.124675881347613
LUX,Luxembourg,1961,2.88784501937471
MAC,"Macao SAR, China",2025,4.83893143027348
MAC,"Macao SAR, China",2024,6.56231424335874
MAC,"Macao SAR, China",2023,74.9210250474262
MAC,"Macao SAR, China",2022,-18.3347299128809
MAC,"Macao SAR, China",2021,22.9825542159725
MAC,"Macao SAR, China",2020,-55.2935602758164
MAC,"Macao SAR, China",2019,-4.36234107753577
MAC,"Macao SAR, China",2018,4.66426775869004
MAC,"Macao SAR, China",2017,10.6136017665803
MAC,"Macao SAR, China",2016,-2.16245351057516
MAC,"Macao SAR, China",2015,-24.3342148018188
MAC,"Macao SAR, China",2014,-6.73432773895128
MAC,"Macao SAR, China",2013,6.28976356008269
MAC,"Macao SAR, China",2012,5.6980527343963
MAC,"Macao SAR, China",2011,18.8340221202044
MAC,"Macao SAR, China",2010,24.6371741633376
MAC,"Macao SAR, China",2009,2.37763323141643
MAC,"Macao SAR, China",2008,-0.393635324657993
MAC,"Macao SAR, China",2007,9.64668162095835
MAC,"Macao SAR, China",2006,7.61914824490131
MAC,"Macao SAR, China",2005,3.78678679303218
MAC,"Macao SAR, China",2004,23.5454528451709
MAC,"Macao SAR, China",2003,10.3346413302596
MAC,"Macao SAR, China",2002,7.78694490504645
MAC,"Macao SAR, China",2001,2.1057298683224
MAC,"Macao SAR, China",2000,4.96128697751081
MAC,"Macao SAR, China",1999,-3.52370954037654
MAC,"Macao SAR, China",1998,-5.70097432319105
MAC,"Macao SAR, China",1997,-0.804714039124292
MAC,"Macao SAR, China",1996,-1.8112485513828
MAC,"Macao SAR, China",1995,0.141466174619325
MAC,"Macao SAR, China",1994,0.890556383729319
MAC,"Macao SAR, China",1993,1.5978540685098
MAC,"Macao SAR, China",1992,7.41865020859342
MAC,"Macao SAR, China",1991,-1.26343647651237
MAC,"Macao SAR, China",1990,4.80404528415188
MAC,"Macao SAR, China",1989,2.08513003397175
MAC,"Macao SAR, China",1988,4.68908712590039
MAC,"Macao SAR, China",1987,10.2705133133387
MAC,"Macao SAR, China",1986,4.40648756356335
MAC,"Macao SAR, China",1985,-1.64956759902613
MAC,"Macao SAR, China",1984,3.26328238090299
MAC,"Macao SAR, China",1983,4.03826085658743
MDG,Madagascar,2025,0.562138075333138
MDG,Madagascar,2024,1.81300227228203
MDG,Madagascar,2023,1.6960181482163
MDG,Madagascar,2022,1.58457442932567
MDG,Madagascar,2021,2.05115869903585
MDG,Madagascar,2020,-9.49182579621846
MDG,Madagascar,2019,1.73013722889858
MDG,Madagascar,2018,0.542519018708518
MDG,Madagascar,2017,1.26236994297058
MDG,Madagascar,2016,1.31063593376801
MDG,Madagascar,2015,0.445748708056158
MDG,Madagascar,2014,0.605710119846222
MDG,Madagascar,2013,-0.444341802421619
MDG,Madagascar,2012,0.20064094160324
MDG,Madagascar,2011,-1.26548226968092
MDG,Madagascar,2010,-2.26580252727942
MDG,Madagascar,2009,-6.7569485520622
MDG,Madagascar,2008,3.62579150838536
MDG,Madagascar,2007,2.65309950729227
MDG,Madagascar,2006,2.34726337803239
MDG,Madagascar,2005,1.7317720668288
MDG,Madagascar,2004,2.23191685103676
MDG,Madagascar,2003,6.61414736438235
MDG,Madagascar,2002,-14.9882005086862
MDG,Madagascar,2001,2.76590524360817
MDG,Madagascar,2000,1.19450196549229
MDG,Madagascar,1999,1.35457204239148
MDG,Madagascar,1998,0.572337045613963
MDG,Madagascar,1997,0.372555082381069
MDG,Madagascar,1996,-1.08018694336826
MDG,Madagascar,1995,-1.48672600372494
MDG,Madagascar,1994,-3.10023435072759
MDG,Madagascar,1993,-0.967365507883727
MDG,Madagascar,1992,-1.81843433556932
MDG,Madagascar,1991,-9.06534604960984
MDG,Madagascar,1990,0.129377410638895
MDG,Madagascar,1989,1.09146543915431
MDG,Madagascar,1988,0.476736577625942
MDG,Madagascar,1987,-1.66814871886039
MDG,Madagascar,1986,-0.923938491308903
MDG,Madagascar,1985,-1.7387065668684
MDG,Madagascar,1984,-1.16680579675797
MDG,Madagascar,1983,-2.02532835429476
MDG,Madagascar,1982,-4.76016813093069
MDG,Madagascar,1981,-12.4535916174408
MDG,Madagascar,1980,-2.05648173389217
MDG,Madagascar,1979,6.56417098315396
MDG,Madagascar,1978,-5.57446503036428
MDG,Madagascar,1977,-0.691255504288236
MDG,Madagascar,1976,-5.95479912094
MDG,Madagascar,1975,-1.74544311116303
MDG,Madagascar,1974,-1.00423993514346
MDG,Madagascar,1973,-5.47322930068657
MDG,Madagascar,1972,-4.14091337668356
MDG,Madagascar,1971,0.950700358994155
MDG,Madagascar,1970,2.32128431196526
MDG,Madagascar,1969,0.870595035237855
MDG,Madagascar,1968,3.94895392566283
MDG,Madagascar,1967,2.73910727116724
MDG,Madagascar,1966,-0.586251504216776
MDG,Madagascar,1965,-3.00552823602152
MDG,Madagascar,1964,1.30970531262919
MDG,Madagascar,1963,-3.45826207581229
MDG,Madagascar,1962,-0.350066309250664
MDG,Madagascar,1961,-0.579906019084788
MWI,Malawi,2025,-0.686849668516146
MWI,Malawi,2024,-0.912638164593119
MWI,Malawi,2023,-0.642220906290575
MWI,Malawi,2022,-1.63749399398691
MWI,Malawi,2021,1.88076432929152
MWI,Malawi,2020,-1.82835240679078
MWI,Malawi,2019,2.9515101541935
MWI,Malawi,2018,1.60299745635619
MWI,Malawi,2017,1.22138049385239
MWI,Malawi,2016,-0.256367435160101
MWI,Malawi,2015,0.00792518281976129
MWI,Malawi,2014,2.70386402914775
MWI,Malawi,2013,2.46076368480048
MWI,Malawi,2012,-0.983601161818072
MWI,Malawi,2011,1.91798932347378
MWI,Malawi,2010,3.76961752338009
MWI,Malawi,2009,5.17234875360792
MWI,Malawi,2008,4.5585561584534
MWI,Malawi,2007,6.55134655734449
MWI,Malawi,2006,1.85481455109522
MWI,Malawi,2005,0.539880654549222
MWI,Malawi,2004,2.72895046279207
MWI,Malawi,2003,3.09254835285383
MWI,Malawi,2002,-0.760072947056585
MWI,Malawi,2001,-7.24640554406461
MWI,Malawi,2000,-0.830828162365975
MWI,Malawi,1999,0.66457828968673
MWI,Malawi,1998,1.67311324947686
MWI,Malawi,1997,1.73065958671548
MWI,Malawi,1996,5.22149204417653
MWI,Malawi,1995,16.8987563989012
MWI,Malawi,1994,-9.1882192265535
MWI,Malawi,1993,8.10315787740552
MWI,Malawi,1992,-9.99229540689642
MWI,Malawi,1991,5.4346573203748
MWI,Malawi,1990,1.5997050726011
MWI,Malawi,1989,-3.32657460446772
MWI,Malawi,1988,-2.24590210716451
MWI,Malawi,1987,-3.11334092762722
MWI,Malawi,1986,-3.82396507891448
MWI,Malawi,1985,0.62310053551127
MWI,Malawi,1984,1.32134940671426
MWI,Malawi,1983,-0.294158569249731
MWI,Malawi,1982,-1.46467561939698
MWI,Malawi,1981,-8.93705314915371
MWI,Malawi,1980,-3.38771522277639
MWI,Malawi,1979,0.610497052995811
MWI,Malawi,1978,6.05898305334371
MWI,Malawi,1977,1.71164066974259
MWI,Malawi,1976,1.98831080918549
MWI,Malawi,1975,3.15684771791764
MWI,Malawi,1974,4.31175335044971
MWI,Malawi,1973,-0.346083962337104
MWI,Malawi,1972,3.54986815088063
MWI,Malawi,1971,13.344795622212
MWI,Malawi,1970,-1.96571336486629
MWI,Malawi,1969,3.30320710985166
MWI,Malawi,1968,-4.32532286744876
MWI,Malawi,1967,4.66157375997587
MWI,Malawi,1966,10.5035755453623
MWI,Malawi,1965,10.8746020310029
MWI,Malawi,1964,0.175055259341718
MWI,Malawi,1963,-3.772528974533
MWI,Malawi,1962,-1.73237946148038
MWI,Malawi,1961,5.10760626252649
MYS,Malaysia,2025,3.94303451852645
MYS,Malaysia,2024,3.83035137439249
MYS,Malaysia,2023,2.26723785284469
MYS,Malaysia,2022,7.73357563754043
MYS,Malaysia,2021,2.13146199778431
MYS,Malaysia,2020,-6.7093351308522
MYS,Malaysia,2019,2.75950122381441
MYS,Malaysia,2018,3.07401779071937
MYS,Malaysia,2017,3.96186564548185
MYS,Malaysia,2016,2.62004557566016
MYS,Malaysia,2015,3.28578556272301
MYS,Malaysia,2014,4.20447757863825
MYS,Malaysia,2013,2.91923259894287
MYS,Malaysia,2012,3.69276569143121
MYS,Malaysia,2011,3.46597439015295
MYS,Malaysia,2010,5.43424070379723
MYS,Malaysia,2009,-3.45602642616269
MYS,Malaysia,2008,2.65806478779189
MYS,Malaysia,2007,4.01330440274728
MYS,Malaysia,2006,3.25940653936949
MYS,Malaysia,2005,2.97037127170485
MYS,Malaysia,2004,4.34321310786574
MYS,Malaysia,2003,3.31466734765901
MYS,Malaysia,2002,2.87262555049826
MYS,Malaysia,2001,-1.86947729075297
MYS,Malaysia,2000,6.33603610574379
MYS,Malaysia,1999,3.63588919830164
MYS,Malaysia,1998,-9.60703707579333
MYS,Malaysia,1997,4.68611382857154
MYS,Malaysia,1996,7.2619407567863
MYS,Malaysia,1995,7.07315866013809
MYS,Malaysia,1994,6.46922820641041
MYS,Malaysia,1993,7.11898849226085
MYS,Malaysia,1992,6.0401774276111
MYS,Malaysia,1991,6.50385099169159
MYS,Malaysia,1990,5.84109356459912
MYS,Malaysia,1989,5.79447615337909
MYS,Malaysia,1988,6.5350616719533
MYS,Malaysia,1987,1.85511540280665
MYS,Malaysia,1986,-2.02369150795889
MYS,Malaysia,1985,-4.22603510362129
MYS,Malaysia,1984,4.30747158153424
MYS,Malaysia,1983,2.88220732900794
MYS,Malaysia,1982,2.62231879948132
MYS,Malaysia,1981,3.6231900380767
MYS,Malaysia,1980,4.49993284463055
MYS,Malaysia,1979,6.7538488902626
MYS,Malaysia,1978,4.12388786358984
MYS,Malaysia,1977,5.19600193321806
MYS,Malaysia,1976,8.922229345387
MYS,Malaysia,1975,-1.580216832148
MYS,Malaysia,1974,5.75321626398954
MYS,Malaysia,1973,9.0577313984089
MYS,Malaysia,1972,6.79244505573662
MYS,Malaysia,1971,7.45201452767374
MYS,Malaysia,1970,3.57912195554584
MYS,Malaysia,1969,2.54440981566847
MYS,Malaysia,1968,5.55556028489821
MYS,Malaysia,1967,1.42749136671287
MYS,Malaysia,1966,5.16585202122666
MYS,Malaysia,1965,4.97381465245223
MYS,Malaysia,1964,2.6589235229322
MYS,Malaysia,1963,4.56881013942851
MYS,Malaysia,1962,3.6814554933174
MYS,Malaysia,1961,4.8535505815973
MDV,Maldives,2025,5.93419190830417
MDV,Maldives,2024,3.14046759606626
MDV,Maldives,2023,4.56618167112615
MDV,Maldives,2022,12.0990628027296
MDV,Maldives,2021,33.7685588624398
MDV,Maldives,2020,-34.8311671109222
MDV,Maldives,2019,3.71535274800274
MDV,Maldives,2018,5.16982903680598
MDV,Maldives,2017,3.57472677178792
MDV,Maldives,2016,2.73896015037067
MDV,Maldives,2015,0.341527920426657
MDV,Maldives,2014,4.32797689766733
MDV,Maldives,2013,3.43150186988382
MDV,Maldives,2012,-1.08988000428648
MDV,Maldives,2011,5.0911686527859
MDV,Maldives,2010,3.08074681818198
MDV,Maldives,2009,-11.5265024869526
MDV,Maldives,2008,5.18657527149283
MDV,Maldives,2007,3.62432861281428
MDV,Maldives,2006,20.7066430063115
MDV,Maldives,2005,-12.6312667876355
MDV,Maldives,2004,4.19516512399211
MDV,Maldives,2003,11.879734886166
MDV,Maldives,2002,5.48472446317076
MDV,Maldives,2001,-5.53403935759995
MDV,Maldives,2000,2.14940822069896
MDV,Maldives,1999,4.3810051908541
MDV,Maldives,1998,5.51760973174864
MDV,Maldives,1997,6.22760939649747
MDV,Maldives,1996,5.51602988994901
MDV,Maldives,1995,10.4205369646215
MDV,Maldives,1994,5.19860772460727
MDV,Maldives,1993,2.82349343554151
MDV,Maldives,1992,3.65640861252177
MDV,Maldives,1991,-1.63819444838322
MDV,Maldives,1990,13.2974405956587
MDV,Maldives,1989,5.88589945390706
MDV,Maldives,1988,5.15162683111383
MDV,Maldives,1987,5.08899392546991
MDV,Maldives,1986,5.60334053159693
MDV,Maldives,1985,11.7921658983926
MDV,Maldives,1984,23.4610602981758
MDV,Maldives,1983,13.144280936941
MDV,Maldives,1982,-5.68318257439564
MDV,Maldives,1981,8.66818827827286
MDV,Maldives,1980,15.3537989289037
MDV,Maldives,1979,7.76510253033527
MDV,Maldives,1978,11.5789031825195
MDV,Maldives,1977,8.02674605503744
MDV,Maldives,1976,-2.37909946155953
MDV,Maldives,1975,-10.6755651698573
MDV,Maldives,1974,2.66535722217573
MDV,Maldives,1973,-1.42083390072185
MDV,Maldives,1972,-0.651581794673064
MDV,Maldives,1971,2.04691010957066
MLI,Mali,2025,2.58125250732783
MLI,Mali,2024,1.97282059454264
MLI,Mali,2023,1.69413019181073
MLI,Mali,2022,0.62881217345263
MLI,Mali,2021,-0.00652431025741862
MLI,Mali,2020,-4.10679845683099
MLI,Mali,2019,1.8782927302578
MLI,Mali,2018,1.64097526437071
MLI,Mali,2017,2.06891771151898
MLI,Mali,2016,2.70047363998611
MLI,Mali,2015,2.96620762301546
MLI,Mali,2014,3.18909645735663
MLI,Mali,2013,0.317423676450176
MLI,Mali,2012,-3.9193056742574
MLI,Mali,2011,-0.338811372741219
MLI,Mali,2010,2.20222024826431
MLI,Mali,2009,2.07458358714914
MLI,Mali,2008,0.288268761584348
MLI,Mali,2007,-1.53137745711133
MLI,Mali,2006,0.343315236766117
MLI,Mali,2005,-0.765580835079675
MLI,Mali,2004,-1.75582979330909
MLI,Mali,2003,6.36163328005934
MLI,Mali,2002,-0.115608873309398
MLI,Mali,2001,12.37556659827
MLI,Mali,2000,-3.58595570324812
MLI,Mali,1999,1.8349719976208
MLI,Mali,1998,3.98606276092231
MLI,Mali,1997,1.7818283254516
MLI,Mali,1996,4.09767423199625
MLI,Mali,1995,-1.43053165192022
MLI,Mali,1994,3.34314408169278
MLI,Mali,1993,2.19547279302358
MLI,Mali,1992,-6.95383565800635
MLI,Mali,1991,10.442564245501
MLI,Mali,1990,-7.1334325326944
MLI,Mali,1989,1.68486343159731
MLI,Mali,1988,8.88871132863245
MLI,Mali,1987,-2.48484006129192
MLI,Mali,1986,-2.58442127884273
MLI,Mali,1985,10.9472402980667
MLI,Mali,1984,-4.87310209510017
MLI,Mali,1983,-4.41969916649023
MLI,Mali,1982,-10.36010707755
MLI,Mali,1981,0.0928805017584864
MLI,Mali,1980,-6.29825711883754
MLI,Mali,1979,8.21605866707178
MLI,Mali,1978,-3.35350626705889
MLI,Mali,1977,4.39894121748179
MLI,Mali,1976,11.6040006688889
MLI,Mali,1975,9.63613550505329
MLI,Mali,1974,-3.26394709933854
MLI,Mali,1973,-3.14874009269849
MLI,Mali,1972,4.11717113457735
MLI,Mali,1971,0.937140810577588
MLI,Mali,1970,4.46675944738529
MLI,Mali,1969,-1.30587923636728
MLI,Mali,1968,2.13866214178948
MLT,Malta,2025,2.01451484227326
MLT,Malta,2024,3.20663453457261
MLT,Malta,2023,6.30394245289163
MLT,Malta,2022,0.0887619384696023
MLT,Malta,2021,12.7690777878809
MLT,Malta,2020,-5.62564948135554
MLT,Malta,2019,-0.0478839092805288
MLT,Malta,2018,3.4685156198008
MLT,Malta,2017,9.92374329605097
MLT,Malta,2016,1.72282160938224
MLT,Malta,2015,6.97062709797696
MLT,Malta,2014,5.47839291832402
MLT,Malta,2013,5.09582254051386
MLT,Malta,2012,3.16977888017695
MLT,Malta,2011,0.565202154513315
MLT,Malta,2010,5.6770056257412
MLT,Malta,2009,-2.13584241113088
MLT,Malta,2008,3.73344898701311
MLT,Malta,2007,4.67072002776783
MLT,Malta,2006,1.96401854578517
MLT,Malta,2005,2.22751927185199
MLT,Malta,2004,-0.264750389042717
MLT,Malta,2003,3.01352426839672
MLT,Malta,2002,1.97804075587469
MLT,Malta,2001,-1.49983029433655
MLT,Malta,2000,18.9114915732227
MLT,Malta,1999,4.10096799472961
MLT,Malta,1998,4.44456861855889
MLT,Malta,1997,4.4634101286812
MLT,Malta,1996,3.09824396787577
MLT,Malta,1995,5.60370996346884
MLT,Malta,1994,4.66759489321016
MLT,Malta,1993,3.44243526831163
MLT,Malta,1992,3.61645005135243
MLT,Malta,1991,3.43102812503049
MLT,Malta,1990,5.25659773464982
MLT,Malta,1989,7.13131154020617
MLT,Malta,1988,7.52775697211001
MLT,Malta,1987,3.39606460305863
MLT,Malta,1986,2.16379569866581
MLT,Malta,1985,0.798852022720212
MLT,Malta,1984,0.921302662423145
MLT,Malta,1983,-2.00341492392343
MLT,Malta,1982,0.113836738273918
MLT,Malta,1981,2.55485545283638
MLT,Malta,1980,5.93304998185849
MLT,Malta,1979,9.37649278639732
MLT,Malta,1978,10.0100609634794
MLT,Malta,1977,11.7470838741013
MLT,Malta,1976,16.4231524641836
MLT,Malta,1975,18.6852567559249
MLT,Malta,1974,10.110734170729
MLT,Malta,1973,4.23229500659397
MLT,Malta,1972,5.92581117846879
MLT,Malta,1971,2.43707025687492
MHL,Marshall Islands,2025,5.85210372629017
MHL,Marshall Islands,2024,6.82066577422408
MHL,Marshall Islands,2023,-2.34904444306297
MHL,Marshall Islands,2022,2.49567331790566
MHL,Marshall Islands,2021,5.4661699940084
MHL,Marshall Islands,2020,0.18904949035759
MHL,Marshall Islands,2019,13.6597363046024
MHL,Marshall Islands,2018,8.38496134170197
MHL,Marshall Islands,2017,6.18444127953049
MHL,Marshall Islands,2016,4.84812588584671
MHL,Marshall Islands,2015,3.96521735177255
MHL,Marshall Islands,2014,0.495281427303354
MHL,Marshall Islands,2013,5.32061452634225
MHL,Marshall Islands,2012,-0.35386854623583
MHL,Marshall Islands,2011,-0.239905288671963
MHL,Marshall Islands,2010,5.48848970412462
MHL,Marshall Islands,2009,3.68716247105003
MHL,Marshall Islands,2008,-7.5574639701523
MHL,Marshall Islands,2007,3.60283982880377
MHL,Marshall Islands,2006,0.0102519719929859
MHL,Marshall Islands,2005,1.56552229029398
MHL,Marshall Islands,2004,-0.700644285464008
MHL,Marshall Islands,2003,-1.96961874271634
MHL,Marshall Islands,2002,3.02717549564456
MHL,Marshall Islands,2001,6.05783765607725
MHL,Marshall Islands,2000,1.43606867628043
MHL,Marshall Islands,1999,-2.28792384194793
MHL,Marshall Islands,1998,-1.58910018917851
MHL,Marshall Islands,1997,-7.36490438950175
MHL,Marshall Islands,1996,-11.2390062062195
MHL,Marshall Islands,1995,6.97121573201034
MHL,Marshall Islands,1994,4.50407458142885
MHL,Marshall Islands,1993,4.41929617158642
MHL,Marshall Islands,1992,5.2469534025757
MHL,Marshall Islands,1991,-1.97466653136802
MHL,Marshall Islands,1990,0.276656023957813
MHL,Marshall Islands,1989,-4.54482102930189
MHL,Marshall Islands,1988,3.98646518177495
MHL,Marshall Islands,1987,5.23328202614395
MHL,Marshall Islands,1986,19.7080205625138
MHL,Marshall Islands,1985,-9.97363489636767
MHL,Marshall Islands,1984,-0.29560451730994
MHL,Marshall Islands,1983,10.816144514646
MHL,Marshall Islands,1982,0.49948967620989
MHL,Marshall Islands,1981,2.30431475441186
MHL,Marshall Islands,1980,-10.3194752678733
MHL,Marshall Islands,1979,-1.05532721703746
MHL,Marshall Islands,1978,2.3131892497329
MHL,Marshall Islands,1977,-0.818190483858245
MHL,Marshall Islands,1976,-2.85887539068503
MHL,Marshall Islands,1975,-3.22228561039239
MHL,Marshall Islands,1974,12.0634942615185
MHL,Marshall Islands,1973,30.7137567376963
MHL,Marshall Islands,1972,-1.5555883542245
MHL,Marshall Islands,1971,-1.35058161100996
MRT,Mauritania,2025,1.17779889655245
MRT,Mauritania,2024,3.28552170889522
MRT,Mauritania,2023,3.68749010988319
MRT,Mauritania,2022,3.71273074182706
MRT,Mauritania,2021,-2.12417720362249
MRT,Mauritania,2020,-3.22895410826938
MRT,Mauritania,2019,0.13930852413786
MRT,Mauritania,2018,1.70257045496822
MRT,Mauritania,2017,3.14237150374205
MRT,Mauritania,2016,-1.7297966805089
MRT,Mauritania,2015,2.25580164145644
MRT,Mauritania,2014,1.18070234091525
MRT,Mauritania,2013,0.93552130503231
MRT,Mauritania,2012,1.11502443614368
MRT,Mauritania,2011,0.84650929364669
MRT,Mauritania,2010,-0.603277353696114
MRT,Mauritania,2009,-2.9856873273381
MRT,Mauritania,2008,-3.15557607122382
MRT,Mauritania,2007,-4.48587323087267
MRT,Mauritania,2006,15.4039449751116
MRT,Mauritania,2005,5.96595707845833
MRT,Mauritania,2004,2.30058501496531
MRT,Mauritania,2003,4.50921935163325
MRT,Mauritania,2002,-0.835751864319576
MRT,Mauritania,2001,-3.21840326025114
MRT,Mauritania,2000,-6.555624764896
MRT,Mauritania,1999,0.938401970157202
MRT,Mauritania,1998,0.146944912526024
MRT,Mauritania,1997,-6.15846966758394
MRT,Mauritania,1996,3.7469981568987
MRT,Mauritania,1995,6.8480851478391
MRT,Mauritania,1994,-6.29825533315326
MRT,Mauritania,1993,1.67667797837044
MRT,Mauritania,1992,-1.9506393459167
MRT,Mauritania,1991,-1.14237368703377
MRT,Mauritania,1990,-4.22868516855954
MRT,Mauritania,1989,2.1794641543438
MRT,Mauritania,1988,-1.17605829069022
MRT,Mauritania,1987,-0.992083549763308
MRT,Mauritania,1986,2.71276884801854
MRT,Mauritania,1985,0.0652218003038882
MRT,Mauritania,1984,-5.97417510480535
MRT,Mauritania,1983,0.7932344779652
MRT,Mauritania,1982,-5.11106824793863
MRT,Mauritania,1981,0.529030035382931
MRT,Mauritania,1980,0.475989106823206
MRT,Mauritania,1979,1.86120109080774
MRT,Mauritania,1978,-3.28694098230895
MRT,Mauritania,1977,-4.66415360665071
MRT,Mauritania,1976,5.40971752503738
MRT,Mauritania,1975,-7.89286212395616
MRT,Mauritania,1974,8.87511681463866
MRT,Mauritania,1973,-7.39711131122952
MRT,Mauritania,1972,-3.67713504511052
MRT,Mauritania,1971,-1.20206406826036
MRT,Mauritania,1970,8.62046578971187
MRT,Mauritania,1969,-1.7900988930959
MRT,Mauritania,1968,6.90611599028807
MRT,Mauritania,1967,0.504409037565608
MRT,Mauritania,1966,-2.68277843851287
MRT,Mauritania,1965,12.8373986946092
MRT,Mauritania,1964,24.1431569088826
MRT,Mauritania,1963,-4.64299557553764
MRT,Mauritania,1962,-1.94074898763765
MUS,Mauritius,2025,3.32059861954176
MUS,Mauritius,2024,5.19005192584659
MUS,Mauritius,2023,5.86268595206461
MUS,Mauritius,2022,8.66948184722258
MUS,Mauritius,2021,3.31197751733502
MUS,Mauritius,2020,-14.1994012536253
MUS,Mauritius,2019,2.83079852696363
MUS,Mauritius,2018,4.05992866276578
MUS,Mauritius,2017,3.86072669871569
MUS,Mauritius,2016,3.81440765602909
MUS,Mauritius,2015,3.58042781630353
MUS,Mauritius,2014,3.66990365786847
MUS,Mauritius,2013,3.14746046384803
MUS,Mauritius,2012,3.22396185289575
MUS,Mauritius,2011,3.9789069685684
MUS,Mauritius,2010,4.14867580867737
MUS,Mauritius,2009,3.08941590518148
MUS,Mauritius,2008,5.08235833519142
MUS,Mauritius,2007,5.28311581104207
MUS,Mauritius,2006,4.3775868209086
MUS,Mauritius,2005,1.17669908705355
MUS,Mauritius,2004,3.67780930188415
MUS,Mauritius,2003,5.16167044757967
MUS,Mauritius,2002,0.91191021688131
MUS,Mauritius,2001,2.53426285301911
MUS,Mauritius,2000,7.14471594691585
MUS,Mauritius,1999,1.31474866707532
MUS,Mauritius,1998,4.9625194260115
MUS,Mauritius,1997,4.37241713991034
MUS,Mauritius,1996,4.51343261386268
MUS,Mauritius,1995,3.39477636345518
MUS,Mauritius,1994,2.68832851665609
MUS,Mauritius,1993,3.84362800083511
MUS,Mauritius,1992,5.12044441463966
MUS,Mauritius,1991,3.31416639957534
MUS,Mauritius,1990,6.42594403706114
MUS,Mauritius,1989,3.66809083183541
MUS,Mauritius,1988,6.05871916312691
MUS,Mauritius,1987,8.07946640916145
MUS,Mauritius,1986,8.90623690277326
MUS,Mauritius,1985,6.08387629353149
MUS,Mauritius,1984,3.60922239120045
MUS,Mauritius,1983,-0.535170122849365
MUS,Mauritius,1982,4.21530028911556
MUS,Mauritius,1981,4.32477986348574
MUS,Mauritius,1980,-11.5649251333925
MUS,Mauritius,1979,1.73049166647117
MUS,Mauritius,1978,2.48272818801077
MUS,Mauritius,1977,4.82783144165144
MUS,Mauritius,1976,21.7720106554531
MUS,Mauritius,1975,-0.672886411363237
MUS,Mauritius,1974,7.17315882460099
MUS,Mauritius,1973,10.3286719864339
MUS,Mauritius,1972,6.71579995324683
MUS,Mauritius,1971,2.62974799290556
MUS,Mauritius,1970,-2.0416047009991
MUS,Mauritius,1969,3.12571696072585
MUS,Mauritius,1968,-8.58016872934458
MUS,Mauritius,1967,2.37292423698668
MUS,Mauritius,1966,-5.55162051667439
MUS,Mauritius,1965,0.919382806421922
MUS,Mauritius,1964,-9.10478111581807
MUS,Mauritius,1963,10.9615309767462
MUS,Mauritius,1962,-2.01353667323197
MUS,Mauritius,1961,22.7722192316737
MEX,Mexico,2025,-0.26591634448161
MEX,Mexico,2024,0.482180650417988
MEX,Mexico,2023,2.21143135142616
MEX,Mexico,2022,2.93163504610845
MEX,Mexico,2021,5.34306680540892
MEX,Mexico,2020,-9.10287155806593
MEX,Mexico,2019,-1.33462177697962
MEX,Mexico,2018,1.01136623366224
MEX,Mexico,2017,0.923425371780112
MEX,Mexico,2016,0.790955203187124
MEX,Mexico,2015,1.6097101105377
MEX,Mexico,2014,1.27091421020926
MEX,Mexico,2013,-0.447810747405228
MEX,Mexico,2012,2.15731830473833
MEX,Mexico,2011,1.99026327309548
MEX,Mexico,2010,3.47084287436401
MEX,Mexico,2009,-7.65517174021555
MEX,Mexico,2008,-0.519889915451088
MEX,Mexico,2007,0.650788705758472
MEX,Mexico,2006,3.39577676474912
MEX,Mexico,2005,0.745413240991311
MEX,Mexico,2004,2.16106231298699
MEX,Mexico,2003,-0.219450145073267
MEX,Mexico,2002,-1.66063053524651
MEX,Mexico,2001,-1.9162965888934
MEX,Mexico,2000,3.42140514214798
MEX,Mexico,1999,1.12511671046124
MEX,Mexico,1998,4.45852674996333
MEX,Mexico,1997,5.4105352178055
MEX,Mexico,1996,4.39127291010242
MEX,Mexico,1995,-7.570493728271
MEX,Mexico,1994,2.51651622705648
MEX,Mexico,1993,0.978743803735597
MEX,Mexico,1992,1.6256225611147
MEX,Mexico,1991,1.99270147824622
MEX,Mexico,1990,3.25104891064525
MEX,Mexico,1989,1.64641971230517
MEX,Mexico,1988,-0.761612937777471
MEX,Mexico,1987,0.03740353614306
MEX,Mexico,1986,-5.86454491938434
MEX,Mexico,1985,-0.167653630041542
MEX,Mexico,1984,1.35095056837716
MEX,Mexico,1983,-6.66225018314198
MEX,Mexico,1982,-2.23660397455552
MEX,Mexico,1981,7.05382554663818
MEX,Mexico,1980,6.08786612398586
MEX,Mexico,1979,6.90793014188141
MEX,Mexico,1978,6.11197419756868
MEX,Mexico,1977,0.631197756819006
MEX,Mexico,1976,1.55395269847907
MEX,Mexico,1975,2.76437782991901
MEX,Mexico,1974,2.72668136370025
MEX,Mexico,1973,4.68903830009573
MEX,Mexico,1972,4.98854344733381
MEX,Mexico,1971,0.599648629534883
MEX,Mexico,1970,3.18729327491707
MEX,Mexico,1969,0.131429927580754
MEX,Mexico,1968,5.89118219634901
MEX,Mexico,1967,2.41168021730715
MEX,Mexico,1966,2.63807045804295
MEX,Mexico,1965,3.62109187320065
MEX,Mexico,1964,8.29429095834888
MEX,Mexico,1963,4.6440035154278
MEX,Mexico,1962,1.35006650642337
MEX,Mexico,1961,1.7701917694359
FSM,"Micronesia, Fed. Sts.",2025,0.597667410706975
FSM,"Micronesia, Fed. Sts.",2024,1.82218727310135
FSM,"Micronesia, Fed. Sts.",2023,0.667659305636874
FSM,"Micronesia, Fed. Sts.",2022,-3.53756970750719
FSM,"Micronesia, Fed. Sts.",2021,2.445766552558
FSM,"Micronesia, Fed. Sts.",2020,-2.61687691868171
FSM,"Micronesia, Fed. Sts.",2019,3.29317692508138
FSM,"Micronesia, Fed. Sts.",2018,0.0155080252273621
FSM,"Micronesia, Fed. Sts.",2017,1.69615440576835
FSM,"Micronesia, Fed. Sts.",2016,0.927224155763625
FSM,"Micronesia, Fed. Sts.",2015,4.0787101496705
FSM,"Micronesia, Fed. Sts.",2014,-2.81129684982227
FSM,"Micronesia, Fed. Sts.",2013,-3.90944028072801
FSM,"Micronesia, Fed. Sts.",2012,-1.79451030307897
FSM,"Micronesia, Fed. Sts.",2011,3.62925834784508
FSM,"Micronesia, Fed. Sts.",2010,2.1037928244549
FSM,"Micronesia, Fed. Sts.",2009,2.21732101369363
FSM,"Micronesia, Fed. Sts.",2008,-1.6870200410321
FSM,"Micronesia, Fed. Sts.",2007,-0.899914202895062
FSM,"Micronesia, Fed. Sts.",2006,0.201049259643597
FSM,"Micronesia, Fed. Sts.",2005,3.21654818694653
FSM,"Micronesia, Fed. Sts.",2004,-2.87899601132597
FSM,"Micronesia, Fed. Sts.",2003,1.91048154546718
FSM,"Micronesia, Fed. Sts.",2002,0.36908090872447
FSM,"Micronesia, Fed. Sts.",2001,1.52928759804583
FSM,"Micronesia, Fed. Sts.",2000,4.28464922262306
FSM,"Micronesia, Fed. Sts.",1999,0.854442108889316
FSM,"Micronesia, Fed. Sts.",1998,2.55428154794018
FSM,"Micronesia, Fed. Sts.",1997,-6.5159276166271
FSM,"Micronesia, Fed. Sts.",1996,-3.75814175630508
FSM,"Micronesia, Fed. Sts.",1995,5.89315573285003
FSM,"Micronesia, Fed. Sts.",1994,-2.36652040687224
FSM,"Micronesia, Fed. Sts.",1993,5.85796163752362
FSM,"Micronesia, Fed. Sts.",1992,1.97168325826154
FSM,"Micronesia, Fed. Sts.",1991,5.47645204082525
FSM,"Micronesia, Fed. Sts.",1990,1.80262252769936
FSM,"Micronesia, Fed. Sts.",1989,1.53293480509326
FSM,"Micronesia, Fed. Sts.",1988,0.169399590686623
FSM,"Micronesia, Fed. Sts.",1987,-1.55099889726419
FSM,"Micronesia, Fed. Sts.",1986,4.98453718985263
FSM,"Micronesia, Fed. Sts.",1985,13.2623065884291
FSM,"Micronesia, Fed. Sts.",1984,-6.70250495147869
FSM,"Micronesia, Fed. Sts.",1983,-1.03232864959392
FSM,"Micronesia, Fed. Sts.",1982,-5.49319732042451
FSM,"Micronesia, Fed. Sts.",1981,6.44139123488597
FSM,"Micronesia, Fed. Sts.",1980,-10.0174331174198
FSM,"Micronesia, Fed. Sts.",1979,-1.01017931344639
FSM,"Micronesia, Fed. Sts.",1978,2.7347186468033
FSM,"Micronesia, Fed. Sts.",1977,-0.0405965358471008
FSM,"Micronesia, Fed. Sts.",1976,-1.99965011138235
FSM,"Micronesia, Fed. Sts.",1975,-2.41762520319851
FSM,"Micronesia, Fed. Sts.",1974,12.2348807545385
FSM,"Micronesia, Fed. Sts.",1973,30.3549687170885
FSM,"Micronesia, Fed. Sts.",1972,-1.59777953240689
FSM,"Micronesia, Fed. Sts.",1971,-0.590187764001698
MDA,Moldova,2025,4.22916834786508
MDA,Moldova,2024,2.58624390238423
MDA,Moldova,2023,4.1058113116506
MDA,Moldova,2022,-2.11552607964038
MDA,Moldova,2021,15.6557976122015
MDA,Moldova,2020,-7.26326976771907
MDA,Moldova,2019,5.22280984962049
MDA,Moldova,2018,5.92036718190722
MDA,Moldova,2017,5.99041199822246
MDA,Moldova,2016,5.87017576429136
MDA,Moldova,2015,0.429158887977096
MDA,Moldova,2014,5.06366581042911
MDA,Moldova,2013,9.0730755766005
MDA,Moldova,2012,-0.576700868382531
MDA,Moldova,2011,5.87938512338968
MDA,Moldova,2010,7.20697461136707
MDA,Moldova,2009,-5.88123771461969
MDA,Moldova,2008,8.00539195483559
MDA,Moldova,2007,3.238946835622
MDA,Moldova,2006,5.09166801572276
MDA,Moldova,2005,7.76188624467986
MDA,Moldova,2004,7.66608705336095
MDA,Moldova,2003,6.90061128351323
MDA,Moldova,2002,8.04993224916466
MDA,Moldova,2001,6.33753269392803
MDA,Moldova,2000,2.31558560482232
MDA,Moldova,1999,-3.21641326739017
MDA,Moldova,1998,-6.50442976428336
MDA,Moldova,1997,2.02368735233713
MDA,Moldova,1996,-5.68841796095853
MDA,Moldova,1995,-0.947765202549817
MDA,Moldova,1994,-30.6852291224891
MDA,Moldova,1993,-1.0340366120968
MDA,Moldova,1992,-29.0857055867621
MDA,Moldova,1991,-16.1029448311885
MCO,Monaco,2024,9.42342942977361
MCO,Monaco,2023,5.37628226810594
MCO,Monaco,2022,10.1116479795959
MCO,Monaco,2021,20.7188673661029
MCO,Monaco,2020,-13.1045741376188
MCO,Monaco,2019,7.24738037567747
MCO,Monaco,2018,4.37923997124996
MCO,Monaco,2017,-4.23891093966274
MCO,Monaco,2016,1.57423975069067
MCO,Monaco,2015,3.11510490897003
MCO,Monaco,2014,5.1665902777315
MCO,Monaco,2013,7.3019059415093
MCO,Monaco,2012,-1.21400229828895
MCO,Monaco,2011,4.5537743299959
MCO,Monaco,2010,-0.393849531303786
MCO,Monaco,2009,-12.7834725197235
MCO,Monaco,2008,0.750035773265338
MCO,Monaco,2007,15.2283004153469
MCO,Monaco,2006,6.32268952424462
MCO,Monaco,2005,2.20227083533935
MCO,Monaco,2004,2.68299142149206
MCO,Monaco,2003,1.23741613461443
MCO,Monaco,2002,1.10439722287524
MCO,Monaco,2001,2.21292868129454
MCO,Monaco,2000,3.76615473587731
MCO,Monaco,1999,2.84475445173365
MCO,Monaco,1998,2.84889260369977
MCO,Monaco,1997,1.51661744831787
MCO,Monaco,1996,0.386629436841616
MCO,Monaco,1995,1.36118434819619
MCO,Monaco,1994,1.43699365480825
MCO,Monaco,1993,-1.70632831575767
MCO,Monaco,1992,0.506793651306438
MCO,Monaco,1991,0.134442109756321
MCO,Monaco,1990,1.71703258668268
MCO,Monaco,1989,3.11454387457653
MCO,Monaco,1988,3.42199452816291
MCO,Monaco,1987,1.25598438971197
MCO,Monaco,1986,1.17756469659412
MCO,Monaco,1985,0.381187157653301
MCO,Monaco,1984,0.0672540922531368
MCO,Monaco,1983,-0.249118008842842
MCO,Monaco,1982,1.43634867918163
MCO,Monaco,1981,0.290065073128503
MCO,Monaco,1980,0.823144359145871
MCO,Monaco,1979,2.42925487680787
MCO,Monaco,1978,2.65632976497696
MCO,Monaco,1977,2.06337488235428
MCO,Monaco,1976,2.81894319399755
MCO,Monaco,1975,-2.00174537960469
MCO,Monaco,1974,3.79977999896775
MCO,Monaco,1973,5.66127628854424
MCO,Monaco,1972,3.44448786326264
MCO,Monaco,1971,3.74229599197595
MNG,Mongolia,2025,5.52100531357551
MNG,Mongolia,2024,3.82045181254634
MNG,Mongolia,2023,5.95952333228973
MNG,Mongolia,2022,3.50307766866899
MNG,Mongolia,2021,-0.0614212834574062
MNG,Mongolia,2020,-6.26542378289111
MNG,Mongolia,2019,3.67988421239794
MNG,Mongolia,2018,5.75427016552706
MNG,Mongolia,2017,3.6220070103727
MNG,Mongolia,2016,-0.547071462431205
MNG,Mongolia,2015,0.223539088154311
MNG,Mongolia,2014,5.5513088464518
MNG,Mongolia,2013,9.36487841658389
MNG,Mongolia,2012,10.2081460867694
MNG,Mongolia,2011,15.2830434931644
MNG,Mongolia,2010,4.52004039651671
MNG,Mongolia,2009,-3.02646374326369
MNG,Mongolia,2008,7.19669912596376
MNG,Mongolia,2007,8.77843828826261
MNG,Mongolia,2006,7.25546356240756
MNG,Mongolia,2005,6.06987814990435
MNG,Mongolia,2004,9.38888056764907
MNG,Mongolia,2003,5.65230856172873
MNG,Mongolia,2002,3.39545599901953
MNG,Mongolia,2001,1.69858502304278
MNG,Mongolia,2000,-0.187391049653314
MNG,Mongolia,1999,1.62700695420628
MNG,Mongolia,1998,1.9142707948799
MNG,Mongolia,1997,2.43497398038362
MNG,Mongolia,1996,0.671279562919665
MNG,Mongolia,1995,4.67675252336375
MNG,Mongolia,1994,1.00243035352044
MNG,Mongolia,1993,-3.04982824808563
MNG,Mongolia,1992,-9.35893880867637
MNG,Mongolia,1991,-11.5032310198363
MNG,Mongolia,1990,-2.00927357459601
MNG,Mongolia,1989,1.83081028356773
MNG,Mongolia,1988,2.39857131601262
MNG,Mongolia,1987,0.807482244578523
MNG,Mongolia,1986,6.63080430454544
MNG,Mongolia,1985,3.11807065114324
MNG,Mongolia,1984,3.37560937348364
MNG,Mongolia,1983,3.30386953668207
MNG,Mongolia,1982,5.76266258481817
MNE,Montenegro,2025,2.809847957069
MNE,Montenegro,2024,3.16476067540844
MNE,Montenegro,2023,6.48895040768953
MNE,Montenegro,2022,7.99214069071184
MNE,Montenegro,2021,13.3242405343679
MNE,Montenegro,2020,-14.970505034482
MNE,Montenegro,2019,4.34144828521134
MNE,Montenegro,2018,4.65668340285264
MNE,Montenegro,2017,3.11297073146422
MNE,Montenegro,2016,3.32318817615919
MNE,Montenegro,2015,2.37419874424694
MNE,Montenegro,2014,2.18041940678877
MNE,Montenegro,2013,3.1920026066844
MNE,Montenegro,2012,-2.65570357284696
MNE,Montenegro,2011,3.25692677248162
MNE,Montenegro,2010,2.58744435496348
MNE,Montenegro,2009,-6.19590190743681
MNE,Montenegro,2008,6.70904934455439
MNE,Montenegro,2007,6.98968425407895
MNE,Montenegro,2006,8.43155589607736
MNE,Montenegro,2005,4.02660240456581
MNE,Montenegro,2004,4.24115518507786
MNE,Montenegro,2003,2.07441348286153
MNE,Montenegro,2002,1.49637251756793
MNE,Montenegro,2001,0.693869613179103
MNE,Montenegro,2000,3.27911575775674
MNE,Montenegro,1999,-9.1516675429089
MNE,Montenegro,1998,5.22074876876175
MAR,Morocco,2025,3.63054771517801
MAR,Morocco,2024,2.77494467917541
MAR,Morocco,2023,2.58793464682357
MAR,Morocco,2022,0.779078150413596
MAR,Morocco,2021,7.0606299574828
MAR,Morocco,2020,-8.13866950405836
MAR,Morocco,2019,1.81642055572905
MAR,Morocco,2018,1.91410663270995
MAR,Morocco,2017,3.78371209116371
MAR,Morocco,2016,-0.693616602037565
MAR,Morocco,2015,3.10634719191513
MAR,Morocco,2014,1.43852495314533
MAR,Morocco,2013,2.7578648778037
MAR,Morocco,2012,1.66384638357194
MAR,Morocco,2011,4.06561020586629
MAR,Morocco,2010,2.07976488720576
MAR,Morocco,2009,2.34392549842086
MAR,Morocco,2008,4.24978033517071
MAR,Morocco,2007,2.03302704420354
MAR,Morocco,2006,6.31205425044466
MAR,Morocco,2005,1.78494971981462
MAR,Morocco,2004,3.20713471239438
MAR,Morocco,2003,4.79759279351288
MAR,Morocco,2002,2.33486055707684
MAR,Morocco,2001,6.22462901700752
MAR,Morocco,2000,1.11923449171742
MAR,Morocco,1999,0.193527268702582
MAR,Morocco,1998,5.6191020810503
MAR,Morocco,1997,-3.05848049935375
MAR,Morocco,1996,10.6261769917233
MAR,Morocco,1995,-6.85093735561554
MAR,Morocco,1994,8.93493014775943
MAR,Morocco,1993,-2.3082713662061
MAR,Morocco,1992,-3.71287726230331
MAR,Morocco,1991,5.37416537843612
MAR,Morocco,1990,1.55138144572757
MAR,Morocco,1989,0.9507648054133
MAR,Morocco,1988,9.74037643742669
MAR,Morocco,1987,-2.29599450642142
MAR,Morocco,1986,6.90663147405301
MAR,Morocco,1985,3.50437639960224
MAR,Morocco,1984,3.78166646169767
MAR,Morocco,1983,-1.22675307289562
MAR,Morocco,1982,6.09558534032797
MAR,Morocco,1981,-4.35702244931034
MAR,Morocco,1980,0.906508824253734
MAR,Morocco,1979,2.08718681054781
MAR,Morocco,1978,-0.388806819299518
MAR,Morocco,1977,3.40082701337403
MAR,Morocco,1976,8.16792587955295
MAR,Morocco,1975,5.0134950017876
MAR,Morocco,1974,3.04316664113762
MAR,Morocco,1973,1.02792973594954
MAR,Morocco,1972,-0.103994570705652
MAR,Morocco,1971,2.85804891072934
MAR,Morocco,1970,1.92169489358156
MAR,Morocco,1969,5.49112338641224
MAR,Morocco,1968,6.95381786169247
MAR,Morocco,1967,7.0839118825957
MOZ,Mozambique,2025,-3.3149717543654
MOZ,Mozambique,2024,-0.790637245811396
MOZ,Mozambique,2023,2.43327226953775
MOZ,Mozambique,2022,1.33807617743051
MOZ,Mozambique,2021,-0.606316436997986
MOZ,Mozambique,2020,-4.10527399484737
MOZ,Mozambique,2019,-0.646283515954551
MOZ,Mozambique,2018,0.445674338631605
MOZ,Mozambique,2017,-0.38371430909207
MOZ,Mozambique,2016,1.67319789859388
MOZ,Mozambique,2015,4.32231286612486
MOZ,Mozambique,2014,4.62514159794316
MOZ,Mozambique,2013,3.53500457192386
MOZ,Mozambique,2012,4.93805479095479
MOZ,Mozambique,2011,4.19033881987379
MOZ,Mozambique,2010,3.86194568743883
MOZ,Mozambique,2009,3.21964861492762
MOZ,Mozambique,2008,4.27502296305138
MOZ,Mozambique,2007,5.11813481404295
MOZ,Mozambique,2006,7.35938789849386
MOZ,Mozambique,2005,3.88124108732595
MOZ,Mozambique,2004,5.76229495896818
MOZ,Mozambique,2003,4.81743112185357
MOZ,Mozambique,2002,7.23540386040537
MOZ,Mozambique,2001,10.3674476794306
MOZ,Mozambique,2000,-1.43002745719546
MOZ,Mozambique,1999,9.33253113812987
MOZ,Mozambique,1998,7.88387808921387
MOZ,Mozambique,1997,8.79691551855426
MOZ,Mozambique,1996,7.12551466304502
MOZ,Mozambique,1995,-3.80641661568473
MOZ,Mozambique,1994,-0.517089157596189
MOZ,Mozambique,1993,7.4832084877323
MOZ,Mozambique,1992,-9.35015950296335
MOZ,Mozambique,1991,2.90150857904059
MOZ,Mozambique,1990,-0.447724916646848
MOZ,Mozambique,1989,5.62300873369163
MOZ,Mozambique,1988,8.38609105929899
MOZ,Mozambique,1987,14.2348877850341
MOZ,Mozambique,1986,-3.9955460779278
MOZ,Mozambique,1985,-0.875259465006366
MOZ,Mozambique,1984,-8.33821249605023
MOZ,Mozambique,1983,-17.4416877347159
MOZ,Mozambique,1982,-8.91754654550385
MOZ,Mozambique,1981,2.89507009127341
MMR,Myanmar,2025,-2.63809868547972
MMR,Myanmar,2024,-1.63760945284048
MMR,Myanmar,2023,0.255328677987336
MMR,Myanmar,2022,3.32202841461704
MMR,Myanmar,2021,-12.627100008178
MMR,Myanmar,2020,-9.69306034482335
MMR,Myanmar,2019,5.83309474734135
MMR,Myanmar,2018,5.50179746363222
MMR,Myanmar,2017,5.31957403505668
MMR,Myanmar,2016,5.02652118853597
MMR,Myanmar,2015,6.13960007817474
MMR,Myanmar,2014,7.27568618509038
MMR,Myanmar,2013,7.50873881521075
MMR,Myanmar,2012,6.43324807639843
MMR,Myanmar,2011,4.74658078594661
MMR,Myanmar,2010,8.82058943535873
MMR,Myanmar,2009,9.93736426370333
MMR,Myanmar,2008,9.64981113277751
MMR,Myanmar,2007,11.2004378218927
MMR,Myanmar,2006,12.2555240244746
MMR,Myanmar,2005,12.6841326603106
MMR,Myanmar,2004,12.5957538910265
MMR,Myanmar,2003,12.7839447542935
MMR,Myanmar,2002,10.9072271265814
MMR,Myanmar,2001,10.1756123569494
MMR,Myanmar,2000,12.482374612359
MMR,Myanmar,1999,9.63242064027712
MMR,Myanmar,1998,4.55299760975552
MMR,Myanmar,1997,4.31262080345346
MMR,Myanmar,1996,5.08730337678504
MMR,Myanmar,1995,5.56695024355048
MMR,Myanmar,1994,6.06541834448598
MMR,Myanmar,1993,4.62881857490504
MMR,Myanmar,1992,8.17152631473792
MMR,Myanmar,1991,-2.06950928482055
MMR,Myanmar,1990,1.26080181285046
MMR,Myanmar,1989,2.0725130117562
MMR,Myanmar,1988,-12.7977113793946
MMR,Myanmar,1987,-5.66584751248742
MMR,Myanmar,1986,-2.89236375381986
MMR,Myanmar,1985,0.819094329655073
MMR,Myanmar,1984,2.77967184934921
MMR,Myanmar,1983,2.37305040843225
MMR,Myanmar,1982,3.6923227411598
MMR,Myanmar,1981,4.37186576967967
MMR,Myanmar,1980,5.88985920930025
MMR,Myanmar,1979,3.18877059262354
MMR,Myanmar,1978,4.46225115146774
MMR,Myanmar,1977,3.93449077194339
MMR,Myanmar,1976,4.07235741457264
MMR,Myanmar,1975,2.15640116972497
MMR,Myanmar,1974,3.30736594618683
MMR,Myanmar,1973,-3.00859215295391
MMR,Myanmar,1972,0.197812382628882
MMR,Myanmar,1971,1.82995051871539
MMR,Myanmar,1970,2.63250172803984
MMR,Myanmar,1969,0.978225674449007
MMR,Myanmar,1968,9.54462086358399
MMR,Myanmar,1967,-8.0356026632986
MMR,Myanmar,1966,-6.98588586231605
MMR,Myanmar,1965,8.22108185350304
MMR,Myanmar,1964,-7.97103480675398
MMR,Myanmar,1963,10.8654054640746
MMR,Myanmar,1962,1.82156023927051
MMR,Myanmar,1961,-1.70125940573504
NAM,Namibia,2025,-0.331679377239283
NAM,Namibia,2024,1.48261098927927
NAM,Namibia,2023,1.73954320359132
NAM,Namibia,2022,2.51308808227621
NAM,Namibia,2021,0.588992664401843
NAM,Namibia,2020,-10.7372931134497
NAM,Namibia,2019,-3.57649160039189
NAM,Namibia,2018,-1.70342664632669
NAM,Namibia,2017,-3.69773452685817
NAM,Namibia,2016,-2.62833210419717
NAM,Namibia,2015,1.53445826192009
NAM,Namibia,2014,3.35635017944713
NAM,Namibia,2013,2.90208375663774
NAM,Namibia,2012,2.74809367129893
NAM,Namibia,2011,3.30348908465837
NAM,Namibia,2010,4.40996877603639
NAM,Namibia,2009,-1.16873879710282
NAM,Namibia,2008,1.22288329166788
NAM,Namibia,2007,3.97963640998429
NAM,Namibia,2006,5.71286099626298
NAM,Namibia,2005,1.25193634526472
NAM,Namibia,2004,10.8464095671906
NAM,Namibia,2003,2.74512795300122
NAM,Namibia,2002,2.96331356534192
NAM,Namibia,2001,-0.914261311645021
NAM,Namibia,2000,1.08624861082079
NAM,Namibia,1999,0.830796514901323
NAM,Namibia,1998,0.699616557473064
NAM,Namibia,1997,1.55725793627271
NAM,Namibia,1996,0.43724120271753
NAM,Namibia,1995,0.924653081983507
NAM,Namibia,1994,-1.38201534236413
NAM,Namibia,1993,-4.67006650318467
NAM,Namibia,1992,3.84175231745985
NAM,Namibia,1991,4.62186313943347
NAM,Namibia,1990,-3.94107998949322
NAM,Namibia,1989,-4.4041130727615
NAM,Namibia,1988,-2.67094567091036
NAM,Namibia,1987,0.29009670779547
NAM,Namibia,1986,1.60030132616392
NAM,Namibia,1985,-2.36605178349831
NAM,Namibia,1984,-2.90207268840599
NAM,Namibia,1983,-4.39758855700816
NAM,Namibia,1982,-2.15370467573408
NAM,Namibia,1981,-0.154344011354212
NRU,Naoero,2025,1.4803088803083
NRU,Naoero,2024,0.837879377880469
NRU,Naoero,2023,-1.33809920484673
NRU,Naoero,2022,-0.779594949580556
NRU,Naoero,2021,7.14457374271909
NRU,Naoero,2020,1.08625303568498
NRU,Naoero,2019,7.51652861776262
NRU,Naoero,2018,-2.16926114572559
NRU,Naoero,2017,-7.7882065342324
NRU,Naoero,2016,2.30174554349074
NRU,Naoero,2015,1.4172709809001
NRU,Naoero,2014,13.4151871712962
NRU,Naoero,2013,1.6485827070359
NRU,Naoero,2012,22.3119628983076
NRU,Naoero,2011,14.0811226451365
NRU,Naoero,2010,-0.268843970925019
NRU,Naoero,2009,-5.62156105786306
NRU,Naoero,2008,20.1318813068238
NRU,Naoero,2007,-21.9690489151566
NRU,Naoero,2006,8.61282905726155
NRU,Naoero,2005,0.109463628221704
NRU,Naoero,2004,-4.32427685246654
NRU,Naoero,2003,0.513880673870659
NRU,Naoero,2002,-9.54271126243978
NRU,Naoero,2001,-6.41137867245162
NRU,Naoero,2000,-6.68211183574525
NRU,Naoero,1999,-6.46731148230188
NRU,Naoero,1998,-11.7966455680936
NRU,Naoero,1997,-9.0785853489582
NRU,Naoero,1996,-12.0153732977654
NRU,Naoero,1995,-8.17707885311769
NRU,Naoero,1994,-4.19803980303406
NRU,Naoero,1993,-16.7899534293886
NRU,Naoero,1992,-17.6892132907623
NRU,Naoero,1991,-20.8688712415417
NRU,Naoero,1990,-5.1599723888407
NRU,Naoero,1989,-5.14541974597546
NRU,Naoero,1988,-5.13896526696411
NRU,Naoero,1987,-5.03286460252426
NRU,Naoero,1986,-4.9400602259923
NRU,Naoero,1985,-4.79428001223692
NRU,Naoero,1984,-4.68454061298058
NRU,Naoero,1983,-4.8985695649212
NRU,Naoero,1982,-5.24632833438939
NRU,Naoero,1981,-5.17225415296066
NRU,Naoero,1980,-5.11641595782243
NRU,Naoero,1979,-5.02900664324672
NRU,Naoero,1978,-4.61446454029985
NRU,Naoero,1977,-4.15991911379922
NRU,Naoero,1976,-3.87607779138243
NRU,Naoero,1975,1.9558518921144
NRU,Naoero,1974,2.05118107141587
NRU,Naoero,1973,2.08910826191115
NRU,Naoero,1972,2.14311457049708
NRU,Naoero,1971,2.1070951583996
NPL,Nepal,2025,4.54686122541752
NPL,Nepal,2024,3.83018649177322
NPL,Nepal,2023,2.05405906693403
NPL,Nepal,2022,4.77665725235042
NPL,Nepal,2021,3.02971971240495
NPL,Nepal,2020,-4.23182776858643
NPL,Nepal,2019,5.40192160337149
NPL,Nepal,2018,7.36009731523734
NPL,Nepal,2017,8.76020605401564
NPL,Nepal,2016,-0.0405110299060141
NPL,Nepal,2015,3.4108030002933
NPL,Nepal,2014,5.69591211662627
NPL,Nepal,2013,3.31847430980025
NPL,Nepal,2012,4.40244630730626
NPL,Nepal,2011,2.96035780817019
NPL,Nepal,2010,4.16886489216166
NPL,Nepal,2009,3.82909610583356
NPL,Nepal,2008,5.31231494291112
NPL,Nepal,2007,2.55045520091535
NPL,Nepal,2006,2.36866119233534
NPL,Nepal,2005,2.32754534491777
NPL,Nepal,2004,3.36324782625996
NPL,Nepal,2003,2.48926345447566
NPL,Nepal,2002,-1.39074360828988
NPL,Nepal,2001,3.11851050390348
NPL,Nepal,2000,4.37721035459148
NPL,Nepal,1999,2.48732085355503
NPL,Nepal,1998,1.01136751517303
NPL,Nepal,1997,2.88786824199163
NPL,Nepal,1996,3.02911523214613
NPL,Nepal,1995,1.01279328094282
NPL,Nepal,1994,5.53859144431293
NPL,Nepal,1993,1.05282878357509
NPL,Nepal,1992,1.21094958738936
NPL,Nepal,1991,3.65047375085233
NPL,Nepal,1990,2.13356922780787
NPL,Nepal,1989,2.03508410331588
NPL,Nepal,1988,5.45398866703283
NPL,Nepal,1987,-0.435088375434745
NPL,Nepal,1986,2.28081213319082
NPL,Nepal,1985,3.7614916801796
NPL,Nepal,1984,7.1381623325468
NPL,Nepal,1983,-5.25126113340109
NPL,Nepal,1982,1.38792612305454
NPL,Nepal,1981,5.82899974667717
NPL,Nepal,1980,-4.59615404233888
NPL,Nepal,1979,0.00420812974471119
NPL,Nepal,1978,2.00998844041953
NPL,Nepal,1977,0.732523781797184
NPL,Nepal,1976,2.13824970418808
NPL,Nepal,1975,-0.754394199496474
NPL,Nepal,1974,4.03586160968226
NPL,Nepal,1973,-2.62170622757225
NPL,Nepal,1972,0.902574752258815
NPL,Nepal,1971,-3.32438324826668
NPL,Nepal,1970,0.355960221194266
NPL,Nepal,1969,2.22450931181571
NPL,Nepal,1968,-1.46845224521357
NPL,Nepal,1967,-3.63257452082799
NPL,Nepal,1966,4.83298283175135
NPL,Nepal,1965,-3.21052171467907
NPL,Nepal,1964,5.40492265049775
NPL,Nepal,1963,-0.0868151307077909
NPL,Nepal,1962,-0.0532796554804804
NPL,Nepal,1961,-0.015037989225533
NLD,Netherlands,2025,1.25483261232941
NLD,Netherlands,2024,0.420163692410952
NLD,Netherlands,2023,-1.57742254006001
NLD,Netherlands,2022,4.01097879214146
NLD,Netherlands,2021,5.72194046869852
NLD,Netherlands,2020,-4.40056893380125
NLD,Netherlands,2019,1.63221248669214
NLD,Netherlands,2018,1.6633486959666
NLD,Netherlands,2017,2.17565329205816
NLD,Netherlands,2016,1.8806480971239
NLD,Netherlands,2015,1.66902244941207
NLD,Netherlands,2014,1.24758527002837
NLD,Netherlands,2013,-0.32453861663322
NLD,Netherlands,2012,-1.34358548841696
NLD,Netherlands,2011,1.29970857644341
NLD,Netherlands,2010,0.80099304285595
NLD,Netherlands,2009,-4.15944424816443
NLD,Netherlands,2008,1.71998513111112
NLD,Netherlands,2007,3.65969583887677
NLD,Netherlands,2006,3.37113428384058
NLD,Netherlands,2005,1.79587820013489
NLD,Netherlands,2004,1.66241697012426
NLD,Netherlands,2003,-0.373308769807309
NLD,Netherlands,2002,-0.391993507260253
NLD,Netherlands,2001,1.55411293814574
NLD,Netherlands,2000,3.4774247585043
NLD,Netherlands,1999,4.3466068154929
NLD,Netherlands,1998,4.00438862508908
NLD,Netherlands,1997,3.71321607268793
NLD,Netherlands,1996,2.94455608836117
NLD,Netherlands,1995,2.60797337456728
NLD,Netherlands,1994,2.34216822347608
NLD,Netherlands,1993,0.55424961175612
NLD,Netherlands,1992,0.940015106518203
NLD,Netherlands,1991,1.63505452884729
NLD,Netherlands,1990,3.46827763514348
NLD,Netherlands,1989,3.79556934033765
NLD,Netherlands,1988,2.77504347582287
NLD,Netherlands,1987,1.28651507074073
NLD,Netherlands,1986,2.21813145648544
NLD,Netherlands,1985,2.10293504255117
NLD,Netherlands,1984,2.65340358831125
NLD,Netherlands,1983,1.68361881795687
NLD,Netherlands,1982,-1.69259018872161
NLD,Netherlands,1981,-1.46195298696725
NLD,Netherlands,1980,0.543127983861297
NLD,Netherlands,1979,1.31240542653921
NLD,Netherlands,1978,2.06633299806927
NLD,Netherlands,1977,1.91263625772839
NLD,Netherlands,1976,3.63954429313284
NLD,Netherlands,1975,-0.885418101273956
NLD,Netherlands,1974,2.63126519914482
NLD,Netherlands,1973,4.57544920846303
NLD,Netherlands,1972,2.49224328704597
NLD,Netherlands,1971,3.0838584070117
NLD,Netherlands,1970,4.83328862090096
NLD,Netherlands,1969,5.20413701074402
NLD,Netherlands,1968,5.3166716800044
NLD,Netherlands,1967,4.09377430274549
NLD,Netherlands,1966,1.40887040663537
NLD,Netherlands,1965,7.16198182914103
NLD,Netherlands,1964,6.83606838015321
NLD,Netherlands,1963,2.23663140190166
NLD,Netherlands,1962,5.33233678194014
NLD,Netherlands,1961,-1.0149977381941
NCL,New Caledonia,2024,-14.3184777138481
NCL,New Caledonia,2023,1.82579914741807
NCL,New Caledonia,2022,2.8118576387978
NCL,New Caledonia,2021,-2.4562945690604
NCL,New Caledonia,2020,-2.59576601107399
NCL,New Caledonia,2019,-1.42259824757296
NCL,New Caledonia,2018,0.401770467057673
NCL,New Caledonia,2000,0.0082048320171566
NCL,New Caledonia,1999,-1.16837174714553
NCL,New Caledonia,1998,-5.22945773355342
NCL,New Caledonia,1997,-0.195960722861727
NCL,New Caledonia,1996,-1.83068993009077
NCL,New Caledonia,1995,3.42078383494169
NCL,New Caledonia,1994,0.0953679299492904
NCL,New Caledonia,1993,-1.99060054931688
NCL,New Caledonia,1992,-2.09143329184117
NCL,New Caledonia,1991,2.13222042921386
NCL,New Caledonia,1990,1.00084224269344
NCL,New Caledonia,1989,8.72423783921266
NCL,New Caledonia,1988,32.3218128456333
NCL,New Caledonia,1987,3.94397251578846
NCL,New Caledonia,1986,-2.6190288408857
NCL,New Caledonia,1985,2.77109463842929
NCL,New Caledonia,1984,0.133296624894783
NCL,New Caledonia,1983,-3.26575374763378
NCL,New Caledonia,1982,1.35592095763653
NCL,New Caledonia,1981,-7.99729865514604
NCL,New Caledonia,1980,-1.52020126571894
NCL,New Caledonia,1979,-14.6148836322501
NCL,New Caledonia,1978,8.45518362011471
NCL,New Caledonia,1977,0.1324209158917
NCL,New Caledonia,1976,-1.03270189906863
NCL,New Caledonia,1975,1.84318988273698
NCL,New Caledonia,1974,7.67100959040138
NCL,New Caledonia,1973,-15.1972312221315
NCL,New Caledonia,1972,-1.27176645703071
NCL,New Caledonia,1971,2.16288177506794
NCL,New Caledonia,1970,25.6209600422981
NCL,New Caledonia,1969,11.9550834645583
NCL,New Caledonia,1968,11.0478256240184
NCL,New Caledonia,1967,2.44255161452341
NCL,New Caledonia,1966,-6.51878157027734
NZL,New Zealand,2025,-0.19182451888318
NZL,New Zealand,2024,-2.55526584760841
NZL,New Zealand,2023,-0.502371566531039
NZL,New Zealand,2022,3.40419502781879
NZL,New Zealand,2021,4.04890442681972
NZL,New Zealand,2020,-2.24892070128274
NZL,New Zealand,2019,0.888801067116702
NZL,New Zealand,2018,1.48792512472586
NZL,New Zealand,2017,1.18008899640975
NZL,New Zealand,2016,1.43938460571344
NZL,New Zealand,2015,1.63906665013374
NZL,New Zealand,2014,2.10912726740773
NZL,New Zealand,2013,1.77980097200441
NZL,New Zealand,2012,1.74325488763843
NZL,New Zealand,2011,1.36863094989059
NZL,New Zealand,2010,0.349983779394819
NZL,New Zealand,2009,-1.0346067631192
NZL,New Zealand,2008,-1.86205389881211
NZL,New Zealand,2007,2.10661992432209
NZL,New Zealand,2006,1.5292427792522
NZL,New Zealand,2005,2.19289321941467
NZL,New Zealand,2004,2.5549616303889
NZL,New Zealand,2003,2.67930990113685
NZL,New Zealand,2002,2.91176998851674
NZL,New Zealand,2001,2.80795315087559
NZL,New Zealand,2000,2.26614300686462
NZL,New Zealand,1999,4.83083323051672
NZL,New Zealand,1998,-0.0357209347019278
NZL,New Zealand,1997,0.744671159659745
NZL,New Zealand,1996,1.96425239973273
NZL,New Zealand,1995,3.21420866400058
NZL,New Zealand,1994,3.72373489472506
NZL,New Zealand,1993,5.17750109265798
NZL,New Zealand,1992,0.0531850637493676
NZL,New Zealand,1991,-5.75446298017491
NZL,New Zealand,1990,-0.783344535959387
NZL,New Zealand,1989,-0.314993720948351
NZL,New Zealand,1988,-0.60781002582435
NZL,New Zealand,1987,0.0960757282715008
NZL,New Zealand,1986,2.738581723891
NZL,New Zealand,1985,0.98945118644464
NZL,New Zealand,1984,3.88995759391308
NZL,New Zealand,1983,2.09408330693218
NZL,New Zealand,1982,-0.0680673084436165
NZL,New Zealand,1981,4.25376230879198
NZL,New Zealand,1980,1.15735784465687
NZL,New Zealand,1979,2.59278488018779
NZL,New Zealand,1978,0.286422342103208
NZL,New Zealand,1977,-4.23497799504842
NZL,New Zealand,1976,0.0397436511712357
NZL,New Zealand,1975,-3.62495237108361
NZL,New Zealand,1974,3.80605747971336
NZL,New Zealand,1973,5.71074430477381
NZL,New Zealand,1972,3.27656498853929
NZL,New Zealand,1971,2.2466824977154
NZL,New Zealand,1970,-2.72718081980643
NZL,New Zealand,1969,9.2130614239681
NZL,New Zealand,1968,-0.921752627993683
NZL,New Zealand,1967,-6.27761048709901
NZL,New Zealand,1966,4.36244206105152
NZL,New Zealand,1965,4.37576938892994
NZL,New Zealand,1964,3.9035724832649
NZL,New Zealand,1963,4.01511003837204
NZL,New Zealand,1962,0.493468836793525
NZL,New Zealand,1961,1.27042940112194
NIC,Nicaragua,2025,3.55555975864928
NIC,Nicaragua,2024,2.19519595254721
NIC,Nicaragua,2023,3.00516001401436
NIC,Nicaragua,2022,2.22851395042827
NIC,Nicaragua,2021,9.13330612485078
NIC,Nicaragua,2020,-3.4517971097024
NIC,Nicaragua,2019,-4.14856907147293
NIC,Nicaragua,2018,-4.62941675714166
NIC,Nicaragua,2017,3.24691576299918
NIC,Nicaragua,2016,3.16650951067395
NIC,Nicaragua,2015,3.37914204919937
NIC,Nicaragua,2014,3.35791289379488
NIC,Nicaragua,2013,3.47943447123747
NIC,Nicaragua,2012,5.0120845551519
NIC,Nicaragua,2011,4.82579847166105
NIC,Nicaragua,2010,2.9388092403868
NIC,Nicaragua,2009,-4.66051140515347
NIC,Nicaragua,2008,1.96391791132177
NIC,Nicaragua,2007,3.57801456385216
NIC,Nicaragua,2006,2.67777444612834
NIC,Nicaragua,2005,2.93169257880047
NIC,Nicaragua,2004,4.0749066715682
NIC,Nicaragua,2003,1.31955360750133
NIC,Nicaragua,2002,-0.460685992278769
NIC,Nicaragua,2001,1.64157183542785
NIC,Nicaragua,2000,2.67944162568968
NIC,Nicaragua,1999,5.51571518995972
NIC,Nicaragua,1998,2.1384399499342
NIC,Nicaragua,1997,2.24599060138242
NIC,Nicaragua,1996,4.38727575317672
NIC,Nicaragua,1995,3.77641566640617
NIC,Nicaragua,1994,1.16653527605601
NIC,Nicaragua,1993,-2.55575157455552
NIC,Nicaragua,1992,-1.85750643208351
NIC,Nicaragua,1991,-2.46398821920231
NIC,Nicaragua,1990,-2.35955546973541
NIC,Nicaragua,1989,-4.01338935580978
NIC,Nicaragua,1988,-14.4368658409524
NIC,Nicaragua,1987,-2.95729751691646
NIC,Nicaragua,1986,-3.30466953331114
NIC,Nicaragua,1985,-6.34298617236558
NIC,Nicaragua,1984,-3.9819118632871
NIC,Nicaragua,1983,1.90068623874957
NIC,Nicaragua,1982,-3.50080649950205
NIC,Nicaragua,1981,2.42596293058266
NIC,Nicaragua,1980,1.78518532048204
NIC,Nicaragua,1979,-28.4352577564308
NIC,Nicaragua,1978,-10.4651268112149
NIC,Nicaragua,1977,5.15700759168998
NIC,Nicaragua,1976,2.06068988501941
NIC,Nicaragua,1975,-3.16139943508314
NIC,Nicaragua,1974,10.7317623314286
NIC,Nicaragua,1973,3.3762730782903
NIC,Nicaragua,1972,-0.708694819810958
NIC,Nicaragua,1971,0.132665210232247
NIC,Nicaragua,1970,-1.76940211814291
NIC,Nicaragua,1969,2.95511711044021
NIC,Nicaragua,1968,-1.78611799160491
NIC,Nicaragua,1967,3.68379924294555
NIC,Nicaragua,1966,0.153568912145843
NIC,Nicaragua,1965,6.22225013795369
NIC,Nicaragua,1964,8.36354337479248
NIC,Nicaragua,1963,7.57736353106515
NIC,Nicaragua,1962,7.61684994201283
NIC,Nicaragua,1961,4.33208013781379
NER,Niger,2025,3.61405715985865
NER,Niger,2024,4.82684088461107
NER,Niger,2023,-0.691442852917362
NER,Niger,2022,8.63112578820736
NER,Niger,2021,-2.12237799775981
NER,Niger,2020,1.06429267675003
NER,Niger,2019,2.56706453200282
NER,Niger,2018,3.26870208925641
NER,Niger,2017,1.84106184580625
NER,Niger,2016,0.519341979477275
NER,Niger,2015,0.604320140159473
NER,Niger,2014,2.77949866185601
NER,Niger,2013,1.43045373805732
NER,Niger,2012,6.45537638540985
NER,Niger,2011,-1.38136228282855
NER,Niger,2010,4.60766589552573
NER,Niger,2009,-1.75785643451498
NER,Niger,2008,3.81608288917157
NER,Niger,2007,-0.585038841788489
NER,Niger,2006,2.12703436992842
NER,Niger,2005,3.50589535528762
NER,Niger,2004,-3.18333778722413
NER,Niger,2003,-1.40492633289823
NER,Niger,2002,1.27795509678579
NER,Niger,2001,3.56959177749576
NER,Niger,2000,-4.57504226731116
NER,Niger,1999,-3.59420117545913
NER,Niger,1998,6.31303577624729
NER,Niger,1997,-1.78818258744471
NER,Niger,1996,-3.19125592898469
NER,Niger,1995,-0.878404477406505
NER,Niger,1994,-1.36907813994121
NER,Niger,1993,-2.79968693637561
NER,Niger,1992,-1.13103705292642
NER,Niger,1991,-3.47795488612833
NER,Niger,1990,-4.30134942960251
NER,Niger,1989,-2.07152216557793
NER,Niger,1988,3.68166854460942
NER,Niger,1987,-2.8945708827687
NER,Niger,1986,3.20101161942344
NER,Niger,1985,4.56326937920227
NER,Niger,1984,-19.2433493449205
NER,Niger,1983,-6.67109077586078
NER,Niger,1982,-0.817728941415822
NER,Niger,1981,-3.11509572447844
NER,Niger,1980,-5.32313551445273
NER,Niger,1979,4.04130064069462
NER,Niger,1978,10.2699902183686
NER,Niger,1977,4.79699343582834
NER,Niger,1976,-2.04727491683641
NER,Niger,1975,-5.39047250934456
NER,Niger,1974,5.89370852944069
NER,Niger,1973,-19.2378626749265
NER,Niger,1972,-7.65310196943919
NER,Niger,1971,2.89253600729144
NER,Niger,1970,0.295598660695489
NER,Niger,1969,-8.03559959200234
NER,Niger,1968,-2.35304728709581
NER,Niger,1967,-2.6362899206805
NER,Niger,1966,-3.15298481907675
NER,Niger,1965,3.91308368615822
NER,Niger,1964,-2.71685097378995
NER,Niger,1963,6.29886148775269
NER,Niger,1962,7.12109867644189
NER,Niger,1961,1.55872572044737
NGA,Nigeria,2025,1.89029058621935
NGA,Nigeria,2024,1.92571054180995
NGA,Nigeria,2023,1.17052189882124
NGA,Nigeria,2022,2.15831409948197
NGA,Nigeria,2021,-0.988127022124459
NGA,Nigeria,2020,-8.34242347890014
NGA,Nigeria,2019,-0.0100047582209584
NGA,Nigeria,2018,-0.406836852107517
NGA,Nigeria,2017,-1.61585537269663
NGA,Nigeria,2016,-4.01892534265532
NGA,Nigeria,2015,0.0819795778135273
NGA,Nigeria,2014,3.53757268114983
NGA,Nigeria,2013,3.81449207687274
NGA,Nigeria,2012,1.37822146586619
NGA,Nigeria,2011,2.39734841627433
NGA,Nigeria,2010,5.02853779304908
NGA,Nigeria,2009,5.06718321394524
NGA,Nigeria,2008,3.83258898513756
NGA,Nigeria,2007,3.67720698169809
NGA,Nigeria,2006,3.17092810336581
NGA,Nigeria,2005,3.53183710665684
NGA,Nigeria,2004,6.26527336884554
NGA,Nigeria,2003,4.42833467510151
NGA,Nigeria,2002,12.2103862832256
NGA,Nigeria,2001,3.07926731848384
NGA,Nigeria,2000,2.24461411115027
NGA,Nigeria,1999,-2.03256096944996
NGA,Nigeria,1998,-0.0648532096178371
NGA,Nigeria,1997,0.292131866721633
NGA,Nigeria,1996,1.50723164591697
NGA,Nigeria,1995,-2.6729475917503
NGA,Nigeria,1994,-4.37439193630385
NGA,Nigeria,1993,-4.59723301462904
NGA,Nigeria,1992,1.92006635005903
NGA,Nigeria,1991,-2.25751903465937
NGA,Nigeria,1990,8.79614634151086
NGA,Nigeria,1989,-0.787791828905753
NGA,Nigeria,1988,4.50152275031104
NGA,Nigeria,1987,0.486537112827307
NGA,Nigeria,1986,-2.62075281914927
NGA,Nigeria,1985,2.95446539768388
NGA,Nigeria,1984,-3.61771426892362
NGA,Nigeria,1983,-13.2048044621261
NGA,Nigeria,1982,-9.55081765331811
NGA,Nigeria,1981,-15.7585051262646
NGA,Nigeria,1980,1.00316529124757
NGA,Nigeria,1979,3.51668653657755
NGA,Nigeria,1978,-8.60774380448044
NGA,Nigeria,1977,2.90719162327684
NGA,Nigeria,1976,5.9557975861855
NGA,Nigeria,1975,-7.8158606581587
NGA,Nigeria,1974,8.28248685448136
NGA,Nigeria,1973,2.79594058569268
NGA,Nigeria,1972,0.917699404253241
NGA,Nigeria,1971,11.6002682515029
NGA,Nigeria,1970,22.1849337034899
NGA,Nigeria,1969,21.4713411933041
NGA,Nigeria,1968,-3.35472669424078
NGA,Nigeria,1967,-17.5237696381077
NGA,Nigeria,1966,-6.31085457686295
NGA,Nigeria,1965,2.63438386145218
NGA,Nigeria,1964,2.72685251932903
NGA,Nigeria,1963,6.29657144195835
NGA,Nigeria,1962,1.9396365743561
NGA,Nigeria,1961,-1.84633532932391
MKD,North Macedonia,2025,3.6831388072964
MKD,North Macedonia,2024,3.18889944421623
MKD,North Macedonia,2023,2.77356173391705
MKD,North Macedonia,2022,3.06193588427661
MKD,North Macedonia,2021,5.59213007924724
MKD,North Macedonia,2020,-3.65436823824773
MKD,North Macedonia,2019,4.61869501137757
MKD,North Macedonia,2018,3.40375411089484
MKD,North Macedonia,2017,1.48936718625188
MKD,North Macedonia,2016,3.1782257470099
MKD,North Macedonia,2015,4.13429050530651
MKD,North Macedonia,2014,3.90792755780767
MKD,North Macedonia,2013,3.30559670350297
MKD,North Macedonia,2012,-0.0653472343038857
MKD,North Macedonia,2011,2.81001401364465
MKD,North Macedonia,2010,4.02171749784563
MKD,North Macedonia,2009,0.287981674208055
MKD,North Macedonia,2008,6.08402471253315
MKD,North Macedonia,2007,7.08313931163076
MKD,North Macedonia,2006,5.71920223477417
MKD,North Macedonia,2005,5.29102012277241
MKD,North Macedonia,2004,5.01357406752894
MKD,North Macedonia,2003,2.09282245300516
MKD,North Macedonia,2002,2.23345659919198
MKD,North Macedonia,2001,-3.47368322147879
MKD,North Macedonia,2000,4.07405080631071
MKD,North Macedonia,1999,3.84147389382692
MKD,North Macedonia,1998,2.83010081232176
MKD,North Macedonia,1997,2.23672096612285
MKD,North Macedonia,1996,0.480270787981112
MKD,North Macedonia,1995,-1.40506990392927
MKD,North Macedonia,1994,-1.05867357276367
MKD,North Macedonia,1993,-6.28574163754088
MKD,North Macedonia,1992,-5.4862400516152
MKD,North Macedonia,1991,-5.81959155370519
MNP,Northern Mariana Islands,2022,18.9235637680801
MNP,Northern Mariana Islands,2021,6.19656514048702
MNP,Northern Mariana Islands,2020,-28.1627780007682
MNP,Northern Mariana Islands,2019,-9.70326849241671
MNP,Northern Mariana Islands,2018,-18.0505598698509
MNP,Northern Mariana Islands,2017,25.1775968489283
MNP,Northern Mariana Islands,2016,31.097890849885
MNP,Northern Mariana Islands,2015,4.71604040189382
MNP,Northern Mariana Islands,2014,5.33556203023453
MNP,Northern Mariana Islands,2013,3.60738653208077
MNP,Northern Mariana Islands,2012,1.51906574643922
MNP,Northern Mariana Islands,2011,-6.54977616215164
MNP,Northern Mariana Islands,2010,3.70912591649699
MNP,Northern Mariana Islands,2009,-14.854218227401
MNP,Northern Mariana Islands,2008,-8.28281999633768
MNP,Northern Mariana Islands,2007,-3.92765941553607
MNP,Northern Mariana Islands,2006,-4.30544836131968
MNP,Northern Mariana Islands,2005,-10.4852551650988
MNP,Northern Mariana Islands,2004,-0.829932545374945
MNP,Northern Mariana Islands,2003,2.42454664863909
NOR,Norway,2025,0.390027440234192
NOR,Norway,2024,0.464903814211155
NOR,Norway,2023,-0.783153604834723
NOR,Norway,2022,3.14953207512265
NOR,Norway,2021,3.58770470380205
NOR,Norway,2020,-1.93959793141106
NOR,Norway,2019,0.787031849898966
NOR,Norway,2018,0.445168753194665
NOR,Norway,2017,1.84374931382847
NOR,Norway,2016,0.403158160219562
NOR,Norway,2015,1.03389677968102
NOR,Norway,2014,0.950316555459452
NOR,Norway,2013,0.0557424221281622
NOR,Norway,2012,1.48225525787396
NOR,Norway,2011,0.0783883119236179
NOR,Norway,2010,-0.245447645308644
NOR,Norway,2009,-2.84626226842052
NOR,Norway,2008,-0.425983914425387
NOR,Norway,2007,2.35569307941913
NOR,Norway,2006,2.02226606740281
NOR,Norway,2005,2.27081970379837
NOR,Norway,2004,3.71545482424247
NOR,Norway,2003,0.505130189722919
NOR,Norway,2002,0.911800724863213
NOR,Norway,2001,1.64774606735006
NOR,Norway,2000,2.77419611443699
NOR,Norway,1999,1.48529741537675
NOR,Norway,1998,2.11608474281817
NOR,Norway,1997,4.52380105917791
NOR,Norway,1996,4.43876941773249
NOR,Norway,1995,3.613611995349
NOR,Norway,1994,4.44295072277572
NOR,Norway,1993,2.26254824065819
NOR,Norway,1992,2.96819549234672
NOR,Norway,1991,2.36969666485223
NOR,Norway,1990,1.60870022657495
NOR,Norway,1989,0.61334415706618
NOR,Norway,1988,-0.864733681863271
NOR,Norway,1987,1.26917778731696
NOR,Norway,1986,3.67719401443725
NOR,Norway,1985,5.2454541844485
NOR,Norway,1984,5.77663213194133
NOR,Norway,1983,3.59734865197939
NOR,Norway,1982,-0.125052971250668
NOR,Norway,1981,1.32499133043638
NOR,Norway,1980,4.19157035717251
NOR,Norway,1979,3.99644914809316
NOR,Norway,1978,3.45993149101903
NOR,Norway,1977,3.7126250526987
NOR,Norway,1976,5.3542766577513
NOR,Norway,1975,4.37038513164313
NOR,Norway,1974,3.32149122882895
NOR,Norway,1973,3.76193047830562
NOR,Norway,1972,4.48207097918616
NOR,Norway,1971,4.97599129247858
NOR,Norway,1970,1.20535004663924
NOR,Norway,1969,3.65664189033825
NOR,Norway,1968,1.40387964765284
NOR,Norway,1967,5.37091556072147
NOR,Norway,1966,2.96120151956248
NOR,Norway,1965,4.47036790832223
NOR,Norway,1964,4.21939377181468
NOR,Norway,1963,3.00325929145964
NOR,Norway,1962,1.99124559610999
NOR,Norway,1961,5.43249318510506
OMN,Oman,2025,-1.57439941297214
OMN,Oman,2024,-2.8378759250854
OMN,Oman,2023,-4.99392981588154
OMN,Oman,2022,2.73958764672784
OMN,Oman,2021,3.08530454964595
OMN,Oman,2020,-1.91104857604375
OMN,Oman,2019,-0.985733221362153
OMN,Oman,2018,-0.0452382355009746
OMN,Oman,2017,-2.93490377016138
OMN,Oman,2016,0.118553614303224
OMN,Oman,2015,0.438450329868957
OMN,Oman,2014,-2.97274165335905
OMN,Oman,2013,-2.64416002304453
OMN,Oman,2012,-5.57202783891576
OMN,Oman,2011,-7.78414520830087
OMN,Oman,2010,-0.232906393185388
OMN,Oman,2009,3.68717578981379
OMN,Oman,2008,6.61241844727729
OMN,Oman,2007,2.71865852745317
OMN,Oman,2006,2.38091766222423
OMN,Oman,2005,0.482138133458704
OMN,Oman,2004,0.252575657950231
OMN,Oman,2003,-3.29759460918538
OMN,Oman,2002,-1.92709599366199
OMN,Oman,2001,3.34135289623774
OMN,Oman,2000,4.83264880749192
OMN,Oman,1999,-1.05667687405796
OMN,Oman,1998,-1.496337274152
OMN,Oman,1997,4.39784180446976
OMN,Oman,1996,1.30704570533138
OMN,Oman,1995,3.08090662761251
OMN,Oman,1994,0.874063800580799
OMN,Oman,1993,1.66643798436652
OMN,Oman,1992,3.5607492636871
OMN,Oman,1991,1.05996361946717
OMN,Oman,1990,-5.09719826830693
OMN,Oman,1989,5.91242628879651
OMN,Oman,1988,0.122614608803232
OMN,Oman,1987,-9.07462092943251
OMN,Oman,1986,-4.3441309699285
OMN,Oman,1985,7.31855927801392
OMN,Oman,1984,10.5139014934965
OMN,Oman,1983,10.3684268453251
OMN,Oman,1982,5.5447279819485
OMN,Oman,1981,10.8398149499368
OMN,Oman,1980,0.514494484286359
OMN,Oman,1979,-1.0339260645533
OMN,Oman,1978,-8.50615886502906
OMN,Oman,1977,-3.78892220834661
OMN,Oman,1976,15.2378139888205
OMN,Oman,1975,19.3409033325163
OMN,Oman,1974,7.64643842656341
OMN,Oman,1973,-16.6997263585133
OMN,Oman,1972,6.77247253363956
OMN,Oman,1971,-1.83325408718696
OMN,Oman,1970,10.9002541981002
OMN,Oman,1969,22.4610977202659
OMN,Oman,1968,77.4100103988046
OMN,Oman,1967,62.2855552552929
OMN,Oman,1966,2.82068840441545
OMN,Oman,1965,-1.72465323249602
OMN,Oman,1964,-1.9789200405959
OMN,Oman,1963,2.50222727157039
OMN,Oman,1962,17.9833112928673
OMN,Oman,1961,-0.615640333858281
PAK,Pakistan,2025,2.09334109987897
PAK,Pakistan,2024,1.53732864763008
PAK,Pakistan,2023,-1.94543125066376
PAK,Pakistan,2022,2.96250287218002
PAK,Pakistan,2021,4.52304565172781
PAK,Pakistan,2020,-3.03889328268374
PAK,Pakistan,2019,0.778096107046181
PAK,Pakistan,2018,4.44201942237108
PAK,Pakistan,2017,2.96623678403046
PAK,Pakistan,2016,5.19506859858923
PAK,Pakistan,2015,2.76648640710329
PAK,Pakistan,2014,2.56600413102157
PAK,Pakistan,2013,2.68232501000951
PAK,Pakistan,2012,1.08227196914481
PAK,Pakistan,2011,0.408754534144464
PAK,Pakistan,2010,-0.97547471765489
PAK,Pakistan,2009,0.87615081009595
PAK,Pakistan,2008,-0.577212099008804
PAK,Pakistan,2007,1.72148373910261
PAK,Pakistan,2006,3.55533116774782
PAK,Pakistan,2005,4.7286345998931
PAK,Pakistan,2004,5.20245589475688
PAK,Pakistan,2003,2.94922564327645
PAK,Pakistan,2002,0.110981031379026
PAK,Pakistan,2001,0.793239199866164
PAK,Pakistan,2000,1.35619796881565
PAK,Pakistan,1999,0.876623662652293
PAK,Pakistan,1998,-0.242732275330027
PAK,Pakistan,1997,-1.80254112696187
PAK,Pakistan,1996,1.83880828653224
PAK,Pakistan,1995,1.97228554754696
PAK,Pakistan,1994,0.779593544127223
PAK,Pakistan,1993,-1.02474092628785
PAK,Pakistan,1992,4.66648101392903
PAK,Pakistan,1991,1.64455814439934
PAK,Pakistan,1990,1.02421181151411
PAK,Pakistan,1989,1.58506250480809
PAK,Pakistan,1988,4.06760070882835
PAK,Pakistan,1987,2.88408948028645
PAK,Pakistan,1986,1.99470584181627
PAK,Pakistan,1985,4.23568398580987
PAK,Pakistan,1984,1.82241302270991
PAK,Pakistan,1983,3.14476107183957
PAK,Pakistan,1982,2.60648813605926
PAK,Pakistan,1981,3.50462183380769
PAK,Pakistan,1980,5.80395440820467
PAK,Pakistan,1979,0.225709312652583
PAK,Pakistan,1978,4.64235757780381
PAK,Pakistan,1977,0.738518332705112
PAK,Pakistan,1976,1.98612933479028
PAK,Pakistan,1975,1.14230483078612
PAK,Pakistan,1974,0.539790187463979
PAK,Pakistan,1973,3.99158306411248
PAK,Pakistan,1972,-1.93796528754582
PAK,Pakistan,1971,-2.26260815242058
PAK,Pakistan,1970,8.19649203318036
PAK,Pakistan,1969,2.52926780271959
PAK,Pakistan,1968,4.22116837059603
PAK,Pakistan,1967,2.46831762839412
PAK,Pakistan,1966,2.89355083090767
PAK,Pakistan,1965,7.43938016331487
PAK,Pakistan,1964,4.70640502795456
PAK,Pakistan,1963,5.84972077942716
PAK,Pakistan,1962,1.80364067918669
PAK,Pakistan,1961,3.24971491199571
PLW,Palau,2025,6.4789352268116
PLW,Palau,2024,12.2085259096757
PLW,Palau,2023,1.40557147391065
PLW,Palau,2022,-0.328362347418647
PLW,Palau,2021,-11.8700599011258
PLW,Palau,2020,-5.97571009429768
PLW,Palau,2019,0.390852393445343
PLW,Palau,2018,-0.428806096617578
PLW,Palau,2017,-3.50276330541348
PLW,Palau,2016,1.51226764620245
PLW,Palau,2015,8.23397021168624
PLW,Palau,2014,3.81977562115456
PLW,Palau,2013,-0.739958291881621
PLW,Palau,2012,3.85953893783947
PLW,Palau,2011,6.38434092348612
PLW,Palau,2010,-1.3765201785568
PLW,Palau,2009,-4.69092656016056
PLW,Palau,2008,-4.09772276958059
PLW,Palau,2007,2.20503496285033
PLW,Palau,2006,1.38420723795385
PLW,Palau,2005,2.89001148660869
PLW,Palau,2004,2.63199428589556
PLW,Palau,2003,-2.90440433884417
PLW,Palau,2002,3.90423058879006
PLW,Palau,2001,6.38070713234859
PLW,Palau,2000,-4.01067837528387
PLW,Palau,1999,-7.28687865486116
PLW,Palau,1998,-0.290666773574529
PLW,Palau,1997,-0.264842825860498
PLW,Palau,1996,7.52962398261126
PLW,Palau,1995,8.15893191152269
PLW,Palau,1994,4.75350517301717
PLW,Palau,1993,-14.3516589146546
PLW,Palau,1992,-8.59529560985349
PLW,Palau,1991,2.52010874515311
PLW,Palau,1990,3.26683220063997
PLW,Palau,1989,3.32001578331949
PLW,Palau,1988,3.19746550606415
PLW,Palau,1987,3.15624086945994
PLW,Palau,1986,2.91036087038042
PLW,Palau,1985,2.73280858886812
PLW,Palau,1984,2.02546994545192
PLW,Palau,1983,-0.513231054871127
PLW,Palau,1982,-2.66584218961405
PLW,Palau,1981,-1.42647615148188
PLW,Palau,1980,0.161696348170111
PLW,Palau,1979,0.457616296638633
PLW,Palau,1978,0.191346384763506
PLW,Palau,1977,2.02127376296926
PLW,Palau,1976,0.410740823976937
PLW,Palau,1975,0.278195010862163
PLW,Palau,1974,-0.959669659679122
PLW,Palau,1973,-2.65587257752115
PLW,Palau,1972,-3.23820219383445
PLW,Palau,1971,-3.20297400251319
PAN,Panama,2025,3.08080357716555
PAN,Panama,2024,1.45499965207416
PAN,Panama,2023,5.77264577478532
PAN,Panama,2022,9.6415783290321
PAN,Panama,2021,15.0694182618459
PAN,Panama,2020,-18.9420549753141
PAN,Panama,2019,1.47558922151505
PAN,Panama,2018,2.19403437221415
PAN,Panama,2017,3.94788150696994
PAN,Panama,2016,2.77979910410548
PAN,Panama,2015,3.46107387568399
PAN,Panama,2014,2.83087707850027
PAN,Panama,2013,4.48786634938627
PAN,Panama,2012,7.70986507627907
PAN,Panama,2011,9.94036229041117
PAN,Panama,2010,4.19797204867427
PAN,Panama,2009,-0.205009313798783
PAN,Panama,2008,8.20927227088663
PAN,Panama,2007,11.0968501218357
PAN,Panama,2006,7.83919999384199
PAN,Panama,2005,6.25411779537141
PAN,Panama,2004,6.13442184467048
PAN,Panama,2003,3.10474245435412
PAN,Panama,2002,0.549728201098816
PAN,Panama,2001,-0.995989281913566
PAN,Panama,2000,2.18230222607616
PAN,Panama,1999,3.14763386036323
PAN,Panama,1998,6.24441508584796
PAN,Panama,1997,5.56495539962489
PAN,Panama,1996,1.99565811248688
PAN,Panama,1995,-0.302769436949063
PAN,Panama,1994,0.752456416087497
PAN,Panama,1993,3.28771319387282
PAN,Panama,1992,5.95973574131337
PAN,Panama,1991,7.12083895847266
PAN,Panama,1990,5.820296592312
PAN,Panama,1989,-0.591338060925366
PAN,Panama,1988,-15.2529185873359
PAN,Panama,1987,-3.96932706840299
PAN,Panama,1986,1.24877511165558
PAN,Panama,1985,2.55183284112566
PAN,Panama,1984,0.337222276091524
PAN,Panama,1983,-6.71122580136897
PAN,Panama,1982,2.89203636230275
PAN,Panama,1981,6.65242605928628
PAN,Panama,1980,10.4281546160256
PAN,Panama,1979,2.04118412817871
PAN,Panama,1978,7.15900082067186
PAN,Panama,1977,-1.38167866698114
PAN,Panama,1976,-0.884165965259982
PAN,Panama,1975,-0.870333864452448
PAN,Panama,1974,-0.236575310985799
PAN,Panama,1973,2.5459243735731
PAN,Panama,1972,1.7296916191026
PAN,Panama,1971,6.58628264579859
PAN,Panama,1970,3.97723056619755
PAN,Panama,1969,5.38628991175156
PAN,Panama,1968,3.92256390744099
PAN,Panama,1967,5.40725793126427
PAN,Panama,1966,4.42565799557602
PAN,Panama,1965,5.92652355351542
PAN,Panama,1964,1.31240070224766
PAN,Panama,1963,5.29502127278528
PAN,Panama,1962,5.03615649563078
PAN,Panama,1961,7.68784469349302
PNG,Papua New Guinea,2025,3.8092237087566
PNG,Papua New Guinea,2024,2.05244750391522
PNG,Papua New Guinea,2023,1.94734452245426
PNG,Papua New Guinea,2022,3.73575055211361
PNG,Papua New Guinea,2021,-2.4695196729345
PNG,Papua New Guinea,2020,-5.20688760573694
PNG,Papua New Guinea,2019,2.14824964998061
PNG,Papua New Guinea,2018,-2.56991254975047
PNG,Papua New Guinea,2017,1.08692627161339
PNG,Papua New Guinea,2016,2.91791021651957
PNG,Papua New Guinea,2015,3.8989789371627
PNG,Papua New Guinea,2014,10.6031750853758
PNG,Papua New Guinea,2013,1.05749757557005
PNG,Papua New Guinea,2012,1.78156409666185
PNG,Papua New Guinea,2011,-1.79758471709076
PNG,Papua New Guinea,2010,6.85231014831385
PNG,Papua New Guinea,2009,3.57848686707685
PNG,Papua New Guinea,2008,-3.34540325323914
PNG,Papua New Guinea,2007,4.47661413613285
PNG,Papua New Guinea,2006,2.1010623787835
PNG,Papua New Guinea,2005,2.96266985795965
PNG,Papua New Guinea,2004,-0.591008801262731
PNG,Papua New Guinea,2003,-1.1723144679098
PNG,Papua New Guinea,2002,-3.45493602471663
PNG,Papua New Guinea,2001,-3.45795715085934
PNG,Papua New Guinea,2000,-5.80069881814661
PNG,Papua New Guinea,1999,-1.62782619823496
PNG,Papua New Guinea,1998,-7.09404356703858
PNG,Papua New Guinea,1997,-7.26669749488677
PNG,Papua New Guinea,1996,3.9492432113811
PNG,Papua New Guinea,1995,-6.7281630247188
PNG,Papua New Guinea,1994,2.17433937373166
PNG,Papua New Guinea,1993,13.9847111131626
PNG,Papua New Guinea,1992,9.89093849851174
PNG,Papua New Guinea,1991,6.13244781862461
PNG,Papua New Guinea,1990,-5.51131375084334
PNG,Papua New Guinea,1989,-3.60611931007763
PNG,Papua New Guinea,1988,0.709678426334619
PNG,Papua New Guinea,1987,0.57082204788108
PNG,Papua New Guinea,1986,2.45897445696457
PNG,Papua New Guinea,1985,1.79584797172045
PNG,Papua New Guinea,1984,-2.44891128414551
PNG,Papua New Guinea,1983,1.07604591742873
PNG,Papua New Guinea,1982,-1.7151750267211
PNG,Papua New Guinea,1981,-2.31820083070411
PNG,Papua New Guinea,1980,-4.30545062924614
PNG,Papua New Guinea,1979,-0.279951899136876
PNG,Papua New Guinea,1978,6.25914526016609
PNG,Papua New Guinea,1977,-1.32569014635325
PNG,Papua New Guinea,1976,-5.48723621909853
PNG,Papua New Guinea,1975,-3.06837795074274
PNG,Papua New Guinea,1974,0.297810636028046
PNG,Papua New Guinea,1973,4.06671771622038
PNG,Papua New Guinea,1972,3.1511691709496
PNG,Papua New Guinea,1971,3.77728781138964
PNG,Papua New Guinea,1970,8.24601824898463
PNG,Papua New Guinea,1969,5.79004117489134
PNG,Papua New Guinea,1968,2.03428794356392
PNG,Papua New Guinea,1967,1.76611700145995
PNG,Papua New Guinea,1966,3.50127194202913
PNG,Papua New Guinea,1965,7.92611149361882
PNG,Papua New Guinea,1964,6.24098119984828
PNG,Papua New Guinea,1963,1.76607504650225
PNG,Papua New Guinea,1962,3.94619691734745
PNG,Papua New Guinea,1961,3.53365055713559
PRY,Paraguay,2025,5.36644048728706
PRY,Paraguay,2024,3.38506241850276
PRY,Paraguay,2023,3.99853693606273
PRY,Paraguay,2022,-1.15611486582868
PRY,Paraguay,2021,2.74305750115238
PRY,Paraguay,2020,-2.15166731600608
PRY,Paraguay,2019,-1.74219112718859
PRY,Paraguay,2018,1.77964425718002
PRY,Paraguay,2017,3.32962942297075
PRY,Paraguay,2016,2.76597250767641
PRY,Paraguay,2015,1.4645236194643
PRY,Paraguay,2014,3.78558222389611
PRY,Paraguay,2013,6.74651223749345
PRY,Paraguay,2012,-2.09516519055065
PRY,Paraguay,2011,2.91154988835602
PRY,Paraguay,2010,9.80314731436218
PRY,Paraguay,2009,-1.27522707842539
PRY,Paraguay,2008,5.46828018339494
PRY,Paraguay,2007,4.39311756937708
PRY,Paraguay,2006,3.72097911920059
PRY,Paraguay,2005,1.01015474976116
PRY,Paraguay,2004,2.86510353489651
PRY,Paraguay,2003,3.04557479031354
PRY,Paraguay,2002,-1.42073243570553
PRY,Paraguay,2001,-2.49369285917085
PRY,Paraguay,2000,-4.18580870385856
PRY,Paraguay,1999,-3.39883387970877
PRY,Paraguay,1998,-2.08878505050501
PRY,Paraguay,1997,1.91891657612904
PRY,Paraguay,1996,-0.760754495670795
PRY,Paraguay,1995,4.29466444194986
PRY,Paraguay,1994,2.75714792528987
PRY,Paraguay,1993,2.31226251074852
PRY,Paraguay,1992,-0.91522118243283
PRY,Paraguay,1991,0.781250906471186
PRY,Paraguay,1990,1.33827485725477
PRY,Paraguay,1989,4.01513761678669
PRY,Paraguay,1988,2.98628798534499
PRY,Paraguay,1987,4.58743050308126
PRY,Paraguay,1986,2.03507060867297
PRY,Paraguay,1985,1.6132735278771
PRY,Paraguay,1984,-0.0413519355069241
PRY,Paraguay,1983,-5.72741738592531
PRY,Paraguay,1982,-4.10505117418042
PRY,Paraguay,1981,6.23490597447503
PRY,Paraguay,1980,8.81191498431799
PRY,Paraguay,1979,9.05243600042755
PRY,Paraguay,1978,9.27000311721974
PRY,Paraguay,1977,8.77213274372299
PRY,Paraguay,1976,4.90728952513568
PRY,Paraguay,1975,4.23131952720321
PRY,Paraguay,1974,5.71828209725314
PRY,Paraguay,1973,4.73782896338417
PRY,Paraguay,1972,4.18531499798863
PRY,Paraguay,1971,3.18290445868151
PRY,Paraguay,1970,3.20917705296037
PRY,Paraguay,1969,2.34252008683092
PRY,Paraguay,1968,2.12743894667962
PRY,Paraguay,1967,6.58508194096518
PRY,Paraguay,1966,-0.463083360483466
PRY,Paraguay,1965,3.56730082203509
PRY,Paraguay,1964,1.63823007043106
PRY,Paraguay,1963,2.18413249626946
PRY,Paraguay,1962,0.905818908144738
PRY,Paraguay,1961,4.46654102381162
PER,Peru,2025,2.35722027667993
PER,Peru,2024,2.38920778551881
PER,Peru,2023,-1.44059214201185
PER,Peru,2022,1.83669886064575
PER,Peru,2021,12.3312441776109
PER,Peru,2020,-11.989123385761
PER,Peru,2019,0.502286291227506
PER,Peru,2018,2.1018453903506
PER,Peru,2017,1.01943141648242
PER,Peru,2016,2.57623039728159
PER,Peru,2015,2.09361990664132
PER,Peru,2014,1.36938882425959
PER,Peru,2013,4.90271487934022
PER,Peru,2012,5.25513020005759
PER,Peru,2011,5.53595626254707
PER,Peru,2010,7.6277436246787
PER,Peru,2009,0.473893281807491
PER,Peru,2008,8.4109066563893
PER,Peru,2007,7.73406209571857
PER,Peru,2006,6.68113849738523
PER,Peru,2005,5.34332345958555
PER,Peru,2004,3.93432882456604
PER,Peru,2003,3.06117676528694
PER,Peru,2002,4.20293608263907
PER,Peru,2001,-0.748837166204879
PER,Peru,2000,1.10433498225969
PER,Peru,1999,-0.243054508218478
PER,Peru,1998,-2.18705299448793
PER,Peru,1997,4.52636436123332
PER,Peru,1996,0.883745825089093
PER,Peru,1995,5.34941937026248
PER,Peru,1994,10.1088493477559
PER,Peru,1993,3.14244822528774
PER,Peru,1992,-2.54546849500791
PER,Peru,1991,0.0869996669868414
PER,Peru,1990,-7.0636979506673
PER,Peru,1989,-14.2581583515555
PER,Peru,1988,-11.4730434692984
PER,Peru,1987,7.24613524288358
PER,Peru,1986,6.87530907055556
PER,Peru,1985,-0.398366079209637
PER,Peru,1984,1.07540329810783
PER,Peru,1983,-12.6086341769567
PER,Peru,1982,-2.67086855777242
PER,Peru,1981,2.9554295804304
PER,Peru,1980,3.33267060592001
PER,Peru,1979,1.52689219855337
PER,Peru,1978,-5.03724952443177
PER,Peru,1977,-2.09894101202764
PER,Peru,1976,-1.02407952058034
PER,Peru,1975,1.73377188806842
PER,Peru,1974,6.65383740719912
PER,Peru,1973,3.56062807037685
PER,Peru,1972,0.768068340769219
PER,Peru,1971,2.04471965054623
PER,Peru,1970,0.805231902852796
PER,Peru,1969,0.662403102797853
PER,Peru,1968,-2.6259559071006
PER,Peru,1967,0.953450353645508
PER,Peru,1966,5.19592599626422
PER,Peru,1965,2.63022894422507
PER,Peru,1964,3.50956003716728
PER,Peru,1963,1.3447722751355
PER,Peru,1962,6.87758002022207
PER,Peru,1961,4.26254576270506
PHL,Philippines,2025,3.55914007476458
PHL,Philippines,2024,4.84555466042104
PHL,Philippines,2023,4.66769736272362
PHL,Philippines,2022,6.76595410569132
PHL,Philippines,2021,4.76163916254069
PHL,Philippines,2020,-10.5488615065624
PHL,Philippines,2019,4.83577546655691
PHL,Philippines,2018,5.03429067114457
PHL,Philippines,2017,5.56223020665776
PHL,Philippines,2016,5.7212148588973
PHL,Philippines,2015,4.7872505574235
PHL,Philippines,2014,4.61514068278228
PHL,Philippines,2013,4.76266633818079
PHL,Philippines,2012,4.8407653397621
PHL,Philippines,2011,1.83760514144211
PHL,Philippines,2010,5.15869430276467
PHL,Philippines,2009,-0.362955289837316
PHL,Philippines,2008,2.51657128580275
PHL,Philippines,2007,4.68750495300476
PHL,Philippines,2006,3.55972238279863
PHL,Philippines,2005,3.00922096669444
PHL,Philippines,2004,4.51829535753411
PHL,Philippines,2003,3.02447664962099
PHL,Philippines,2002,1.63440956717702
PHL,Philippines,2001,0.800810377832349
PHL,Philippines,2000,1.9282797124846
PHL,Philippines,1999,0.738331283023413
PHL,Philippines,1998,-2.98474954559696
PHL,Philippines,1997,2.74055980419841
PHL,Philippines,1996,3.44957899709138
PHL,Philippines,1995,2.3606395486743
PHL,Philippines,1994,2.12244103611494
PHL,Philippines,1993,-0.245903974024316
PHL,Philippines,1992,-1.93397839592187
PHL,Philippines,1991,-2.7987132409376
PHL,Philippines,1990,0.476020888521106
PHL,Philippines,1989,3.53872016674441
PHL,Philippines,1988,3.87219308289008
PHL,Philippines,1987,1.6478210267821
PHL,Philippines,1986,0.89378143868592
PHL,Philippines,1985,-9.36657778201814
PHL,Philippines,1984,-9.68938719558849
PHL,Philippines,1983,-1.02930125522077
PHL,Philippines,1982,0.867465796757003
PHL,Philippines,1981,0.76284099342007
PHL,Philippines,1980,2.49286419319625
PHL,Philippines,1979,2.81661362678503
PHL,Philippines,1978,2.40576946807558
PHL,Philippines,1977,2.78762392929117
PHL,Philippines,1976,6.05737004342011
PHL,Philippines,1975,3.08154138243265
PHL,Philippines,1974,1.18427179476149
PHL,Philippines,1973,6.39123697222152
PHL,Philippines,1972,3.0496202884932
PHL,Philippines,1971,2.93626198130279
PHL,Philippines,1970,1.04270981982739
PHL,Philippines,1969,1.76972024779292
PHL,Philippines,1968,2.04065409923125
PHL,Philippines,1967,2.17082931973482
PHL,Philippines,1966,1.35968615379231
PHL,Philippines,1965,2.17335619647653
PHL,Philippines,1964,0.23829895771317
PHL,Philippines,1963,3.69778991010874
PHL,Philippines,1962,1.56260048747083
PHL,Philippines,1961,2.38898324373426
POL,Poland,2025,3.92342277811697
POL,Poland,2024,3.38947422901255
POL,Poland,2023,0.616853101336787
POL,Poland,2022,5.7122759744731
POL,Poland,2021,8.47171799983406
POL,Poland,2020,-0.861202002378917
POL,Poland,2019,4.60600727341085
POL,Poland,2018,6.24607110540019
POL,Poland,2017,5.13933542172569
POL,Poland,2016,3.07547528252388
POL,Poland,2015,4.50138467634895
POL,Poland,2014,3.99831832124629
POL,Poland,2013,0.745031977271424
POL,Poland,2012,1.51202436704637
POL,Poland,2011,5.19888222323388
POL,Poland,2010,3.46400853867873
POL,Poland,2009,2.54561682473884
POL,Poland,2008,4.36953645222033
POL,Poland,2007,6.81843988104569
POL,Poland,2006,6.26942932351373
POL,Poland,2005,3.30621477152089
POL,Poland,2004,5.15230495657681
POL,Poland,2003,3.59326547651193
POL,Poland,2002,1.94840486282048
POL,Poland,2001,1.26167597595419
POL,Poland,2000,5.75502267661936
POL,Poland,1999,4.70787806733438
POL,Poland,1998,4.58421234371184
POL,Poland,1997,6.28931151450062
POL,Poland,1996,6.01319811600105
POL,Poland,1995,7.78327567268047
POL,Poland,1994,5.07085552254539
POL,Poland,1993,3.47468275954095
POL,Poland,1992,2.2010658533475
POL,Poland,1991,-7.34479099617246
PRT,Portugal,2025,0.825647953518541
PRT,Portugal,2024,1.10107472414329
PRT,Portugal,2023,1.69803392754639
PRT,Portugal,2022,6.24247031136021
PRT,Portugal,2021,4.89913107175563
PRT,Portugal,2020,-8.30107079726919
PRT,Portugal,2019,2.72130207848775
PRT,Portugal,2018,3.11123658697107
PRT,Portugal,2017,3.56700126187077
PRT,Portugal,2016,2.32643063621838
PRT,Portugal,2015,2.01139554784055
PRT,Portugal,2014,1.28604644379557
PRT,Portugal,2013,-0.439198387971658
PRT,Portugal,2012,-3.66111452137058
PRT,Portugal,2011,-1.56885655182528
PRT,Portugal,2010,1.69092747575826
PRT,Portugal,2009,-3.21438882343172
PRT,Portugal,2008,0.174699975144293
PRT,Portugal,2007,2.30555184529184
PRT,Portugal,2006,1.44193756415369
PRT,Portugal,2005,0.595038072485551
PRT,Portugal,2004,1.54561995012715
PRT,Portugal,2003,-1.30174193891358
PRT,Portugal,2002,0.220543241020806
PRT,Portugal,2001,1.22726326221765
PRT,Portugal,2000,3.08905313202446
PRT,Portugal,1999,3.3205096130955
PRT,Portugal,1998,4.27961126929266
PRT,Portugal,1997,3.93579786843061
PRT,Portugal,1996,3.11580522976421
PRT,Portugal,1995,3.92237331178322
PRT,Portugal,1994,0.693517750119014
PRT,Portugal,1993,-2.16302137348492
PRT,Portugal,1992,1.1681037872908
PRT,Portugal,1991,4.60903326381703
PRT,Portugal,1990,4.17732882710808
PRT,Portugal,1989,6.59607162191102
PRT,Portugal,1988,7.60090253128074
PRT,Portugal,1987,6.41006270883734
PRT,Portugal,1986,4.04627903442302
PRT,Portugal,1985,2.5266056975684
PRT,Portugal,1984,-2.25657884652966
PRT,Portugal,1983,-0.635201606910073
PRT,Portugal,1982,1.51289308675764
PRT,Portugal,1981,0.740801365102755
PRT,Portugal,1980,3.46437141035155
PRT,Portugal,1979,4.51254289525151
PRT,Portugal,1978,1.71258964144343
PRT,Portugal,1977,4.48728836961585
PRT,Portugal,1976,3.90271245992484
PRT,Portugal,1975,-7.91460726088667
PRT,Portugal,1974,-0.25816587660951
PRT,Portugal,1973,11.1662803378951
PRT,Portugal,1972,8.18248010947717
PRT,Portugal,1971,7.08408408469133
PRT,Portugal,1970,10.085184226036
PRT,Portugal,1969,3.04129362154765
PRT,Portugal,1968,9.34210227994723
PRT,Portugal,1967,8.22880554199976
PRT,Portugal,1966,4.86574804849592
PRT,Portugal,1965,7.90812874967661
PRT,Portugal,1964,6.25179948434888
PRT,Portugal,1963,5.44729217958024
PRT,Portugal,1962,5.84786205641407
PRT,Portugal,1961,4.68866952816813
PRI,Puerto Rico (US),2025,0.874753321291848
PRI,Puerto Rico (US),2024,3.21808836780313
PRI,Puerto Rico (US),2023,1.24568334921366
PRI,Puerto Rico (US),2022,4.31859270552792
PRI,Puerto Rico (US),2021,0.965492836952421
PRI,Puerto Rico (US),2020,-3.56477573029991
PRI,Puerto Rico (US),2019,1.30600530158883
PRI,Puerto Rico (US),2018,-0.869549149955759
PRI,Puerto Rico (US),2017,-0.903680354883278
PRI,Puerto Rico (US),2016,0.289081770174349
PRI,Puerto Rico (US),2015,0.346031006728381
PRI,Puerto Rico (US),2014,0.0887811529566989
PRI,Puerto Rico (US),2013,0.506273089098627
PRI,Puerto Rico (US),2012,0.915046581773325
PRI,Puerto Rico (US),2011,0.477827773852212
PRI,Puerto Rico (US),2010,0.0130918561743698
PRI,Puerto Rico (US),2009,-1.41621092108605
PRI,Puerto Rico (US),2008,-1.26658342180474
PRI,Puerto Rico (US),2007,-0.582297403436883
PRI,Puerto Rico (US),2006,-0.991030023306365
PRI,Puerto Rico (US),2005,-1.84546035319809
PRI,Puerto Rico (US),2004,8.72642633155034
PRI,Puerto Rico (US),2003,-0.00918394623066376
PRI,Puerto Rico (US),2002,0.78642430938811
PRI,Puerto Rico (US),2001,6.08604917663311
PRI,Puerto Rico (US),2000,2.98675150054237
PRI,Puerto Rico (US),1999,4.86331730461553
PRI,Puerto Rico (US),1998,4.92588689891826
PRI,Puerto Rico (US),1997,3.90993879974577
PRI,Puerto Rico (US),1996,1.17230270783932
PRI,Puerto Rico (US),1995,3.58766383111009
PRI,Puerto Rico (US),1994,3.22267934513472
PRI,Puerto Rico (US),1993,3.76693631202613
PRI,Puerto Rico (US),1992,3.89131652355152
PRI,Puerto Rico (US),1991,1.58322781466529
PRI,Puerto Rico (US),1990,-3.7017081142227
PRI,Puerto Rico (US),1989,3.38995121221262
PRI,Puerto Rico (US),1988,4.91151314846476
PRI,Puerto Rico (US),1987,4.77653392446396
PRI,Puerto Rico (US),1986,3.97505652604852
PRI,Puerto Rico (US),1985,2.09577634523414
PRI,Puerto Rico (US),1984,4.88174991649599
PRI,Puerto Rico (US),1983,-3.33547311687184
PRI,Puerto Rico (US),1982,-2.60494858367237
PRI,Puerto Rico (US),1981,0.00774661662312326
PRI,Puerto Rico (US),1980,3.01075218664533
PRI,Puerto Rico (US),1979,6.58980534032425
PRI,Puerto Rico (US),1978,5.54017276221295
PRI,Puerto Rico (US),1977,4.41268237597647
PRI,Puerto Rico (US),1976,4.50297711700007
PRI,Puerto Rico (US),1975,-2.46962901165594
PRI,Puerto Rico (US),1974,0.798560594348857
PRI,Puerto Rico (US),1973,4.07192333758761
PRI,Puerto Rico (US),1972,5.07876354333322
PRI,Puerto Rico (US),1971,4.66379547686155
PRI,Puerto Rico (US),1970,7.04792915761718
PRI,Puerto Rico (US),1969,8.47526145119808
PRI,Puerto Rico (US),1968,4.53285162353718
PRI,Puerto Rico (US),1967,5.39296609738436
PRI,Puerto Rico (US),1966,6.22983698634505
PRI,Puerto Rico (US),1965,7.52366043745889
PRI,Puerto Rico (US),1964,4.98448171961014
PRI,Puerto Rico (US),1963,6.29940580004344
PRI,Puerto Rico (US),1962,6.08639852079264
PRI,Puerto Rico (US),1961,5.18069147742668
QAT,Qatar,2025,-1.05876296559582
QAT,Qatar,2024,-4.17090906600274
QAT,Qatar,2023,1.23672426450278
QAT,Qatar,2022,-1.79097889792256
QAT,Qatar,2021,13.3615381417796
QAT,Qatar,2020,-8.92450817587073
QAT,Qatar,2019,-1.52203684233693
QAT,Qatar,2018,-0.134704952518092
QAT,Qatar,2017,-4.15600320402655
QAT,Qatar,2016,-2.4510094889969
QAT,Qatar,2015,-3.86137428276561
QAT,Qatar,2014,-7.26755279184226
QAT,Qatar,2013,-6.1401747672176
QAT,Qatar,2012,-1.30696776517799
QAT,Qatar,2011,12.4698490235204
QAT,Qatar,2010,16.1591002652056
QAT,Qatar,2009,-0.704713507121269
QAT,Qatar,2008,-0.341181323763109
QAT,Qatar,2007,-5.0304889456326
QAT,Qatar,2006,7.0505125332281
QAT,Qatar,2005,0.710880387312528
QAT,Qatar,2004,14.8017584046788
QAT,Qatar,2003,-0.942784508400919
QAT,Qatar,2002,2.16704342047447
QAT,Qatar,2001,-1.14959287506234
QAT,Qatar,2000,2.58659738636253
QAT,Qatar,1999,-1.15743555029613
QAT,Qatar,1998,5.46365139375624
QAT,Qatar,1997,24.9388541962148
QAT,Qatar,1996,1.4748270925645
QAT,Qatar,1995,-0.560501314856566
QAT,Qatar,1994,-1.60968556656874
QAT,Qatar,1993,-4.35699353357359
QAT,Qatar,1992,7.82129199431974
QAT,Qatar,1991,-4.83556934674429
QAT,Qatar,1990,0.00102715280083032
QAT,Qatar,1989,2.63310693459084
QAT,Qatar,1988,2.23261937285541
QAT,Qatar,1987,-3.62991473489028
QAT,Qatar,1986,0.795921094734325
QAT,Qatar,1985,-6.95130511194553
QAT,Qatar,1984,-0.808335021103673
QAT,Qatar,1983,-7.23609776408509
QAT,Qatar,1982,-12.2503213995421
QAT,Qatar,1981,-5.16230488043028
QAT,Qatar,1980,-7.20233487298552
QAT,Qatar,1979,-1.63177668896213
QAT,Qatar,1978,1.42461574895241
QAT,Qatar,1977,-13.9845769515457
QAT,Qatar,1976,0.0744618436574882
QAT,Qatar,1975,-2.74366120128072
QAT,Qatar,1974,-3.33243432059581
QAT,Qatar,1973,0.287639462417275
QAT,Qatar,1972,-0.414771470266899
QAT,Qatar,1971,-2.55193503459751
ROU,Romania,2025,0.844739865314082
ROU,Romania,2024,0.965042709085722
ROU,Romania,2023,2.19035297025793
ROU,Romania,2022,4.59004052061825
ROU,Romania,2021,6.37801653902932
ROU,Romania,2020,-3.06561724934225
ROU,Romania,2019,4.50941296110349
ROU,Romania,2018,6.01553045118388
ROU,Romania,2017,8.82266657090874
ROU,Romania,2016,3.45169541464914
ROU,Romania,2015,3.64306941096366
ROU,Romania,2014,4.50672544401942
ROU,Romania,2013,0.651822267051088
ROU,Romania,2012,2.35828066727251
ROU,Romania,2011,5.01083371448033
ROU,Romania,2010,-3.33335291355054
ROU,Romania,2009,-4.72628859385392
ROU,Romania,2008,11.1442089014979
ROU,Romania,2007,8.82964823723904
ROU,Romania,2006,8.67067585292331
ROU,Romania,2005,5.3165061122384
ROU,Romania,2004,11.0591132161949
ROU,Romania,2003,3.08196384315724
ROU,Romania,2002,7.65586943426131
ROU,Romania,2001,6.69667366637488
ROU,Romania,2000,2.59397523199067
ROU,Romania,1999,-0.220150554902901
ROU,Romania,1998,-1.82682397441751
ROU,Romania,1997,-4.5747304296564
ROU,Romania,1996,4.20752254376104
ROU,Romania,1995,6.44865941446349
ROU,Romania,1994,4.08314789943742
ROU,Romania,1993,1.66711860968309
ROU,Romania,1992,-7.93923952826758
ROU,Romania,1991,-12.1584413412518
RUS,Russian Federation,2025,1.1143529548842
RUS,Russian Federation,2024,5.03923995227274
RUS,Russian Federation,2023,4.36156229707225
RUS,Russian Federation,2022,-1.09666490468587
RUS,Russian Federation,2021,6.21857740869952
RUS,Russian Federation,2020,-2.52680431743222
RUS,Russian Federation,2019,2.14202624717367
RUS,Russian Federation,2018,2.71569004774612
RUS,Russian Federation,2017,1.61477717789909
RUS,Russian Federation,2016,-0.0904969496110795
RUS,Russian Federation,2015,-2.2762114110788
RUS,Russian Federation,2014,-1.12194041744186
RUS,Russian Federation,2013,1.45314767875932
RUS,Russian Federation,2012,3.76271915500016
RUS,Russian Federation,2011,4.17697624368184
RUS,Russian Federation,2010,4.45309639834757
RUS,Russian Federation,2009,-7.8277499767233
RUS,Russian Federation,2008,5.24621001829865
RUS,Russian Federation,2007,8.68576548155966
RUS,Russian Federation,2006,8.55494147469737
RUS,Russian Federation,2005,6.80660765259209
RUS,Russian Federation,2004,7.63249118230908
RUS,Russian Federation,2003,7.78796752390349
RUS,Russian Federation,2002,5.18275023824988
RUS,Russian Federation,2001,5.54671833932643
RUS,Russian Federation,2000,10.4637091559227
RUS,Russian Federation,1999,6.72950292335021
RUS,Russian Federation,1998,-5.14311536211871
RUS,Russian Federation,1997,1.56770414975504
RUS,Russian Federation,1996,-3.61497549497646
RUS,Russian Federation,1995,-4.12277236522603
RUS,Russian Federation,1994,-12.5397898608654
RUS,Russian Federation,1993,-8.6196861844154
RUS,Russian Federation,1992,-14.6139171358036
RUS,Russian Federation,1991,-5.31876190965632
RUS,Russian Federation,1990,-3.16283597296696
RWA,Rwanda,2025,7.0277233018782
RWA,Rwanda,2024,4.95503220363311
RWA,Rwanda,2023,6.19900549544292
RWA,Rwanda,2022,7.44545148233944
RWA,Rwanda,2021,6.06201151914851
RWA,Rwanda,2020,-4.93301559411864
RWA,Rwanda,2019,6.82168128112207
RWA,Rwanda,2018,5.59635869514096
RWA,Rwanda,2017,2.27661189208408
RWA,Rwanda,2016,3.18409626680049
RWA,Rwanda,2015,6.29578461833474
RWA,Rwanda,2014,3.1448435210128
RWA,Rwanda,2013,2.23301483077023
RWA,Rwanda,2012,6.07172678404915
RWA,Rwanda,2011,5.34277697360722
RWA,Rwanda,2010,4.65979796374585
RWA,Rwanda,2009,3.54291916890999
RWA,Rwanda,2008,8.27757420172229
RWA,Rwanda,2007,4.8079099260856
RWA,Rwanda,2006,6.3526672933591
RWA,Rwanda,2005,6.50669742178307
RWA,Rwanda,2004,4.6451189054665
RWA,Rwanda,2003,-0.01968684645189
RWA,Rwanda,2002,11.6682445158491
RWA,Rwanda,2001,7.52679928636239
RWA,Rwanda,2000,7.49987106605703
RWA,Rwanda,1999,3.50365506347967
RWA,Rwanda,1998,4.46154584608485
RWA,Rwanda,1997,-1.51287157379174
RWA,Rwanda,1996,-4.64228854103573
RWA,Rwanda,1995,61.8735350160642
RWA,Rwanda,1994,-41.5406116023026
RWA,Rwanda,1993,-11.538192406786
RWA,Rwanda,1992,3.7189657655241
RWA,Rwanda,1991,-4.47859361465321
RWA,Rwanda,1990,-4.92159867307215
RWA,Rwanda,1989,-3.05065696627095
RWA,Rwanda,1988,1.2208526291178
RWA,Rwanda,1987,-3.24738480397649
RWA,Rwanda,1986,2.00607453765265
RWA,Rwanda,1985,0.938741579531751
RWA,Rwanda,1984,-7.41281107784162
RWA,Rwanda,1983,2.50297769042767
RWA,Rwanda,1982,-1.47471993877728
RWA,Rwanda,1981,2.11756771213358
RWA,Rwanda,1980,5.61955982337514
RWA,Rwanda,1979,8.54218450636691
RWA,Rwanda,1978,5.96571717409226
RWA,Rwanda,1977,-0.974716489155853
RWA,Rwanda,1976,16.0240041023872
RWA,Rwanda,1975,-4.94988786256391
RWA,Rwanda,1974,-1.51810553917799
RWA,Rwanda,1973,0.469197160162267
RWA,Rwanda,1972,-2.59470125744198
RWA,Rwanda,1971,-1.74004541564913
RWA,Rwanda,1970,2.82197019216883
RWA,Rwanda,1969,7.63624306925963
RWA,Rwanda,1968,3.74298090490694
RWA,Rwanda,1967,3.73611775686267
RWA,Rwanda,1966,4.01842035973495
RWA,Rwanda,1965,4.24689589114769
RWA,Rwanda,1964,-14.458422819112
RWA,Rwanda,1963,-11.8367546654522
RWA,Rwanda,1962,8.56459279549706
RWA,Rwanda,1961,-6.90003607832014
WSM,Samoa,2025,3.59288172853812
WSM,Samoa,2024,4.09688899029361
WSM,Samoa,2023,14.4879437715433
WSM,Samoa,2022,1.5629786460799
WSM,Samoa,2021,-5.85857738061891
WSM,Samoa,2020,-4.09792925699939
WSM,Samoa,2019,3.35744960284687
WSM,Samoa,2018,-1.6472076564482
WSM,Samoa,2017,0.460419453590006
WSM,Samoa,2016,7.07276114056432
WSM,Samoa,2015,2.95226941311462
WSM,Samoa,2014,-0.23024857506843
WSM,Samoa,2013,-0.786395614806608
WSM,Samoa,2012,-4.60663349940492
WSM,Samoa,2011,2.94772599922624
WSM,Samoa,2010,5.29451664588825
WSM,Samoa,2009,-1.27185467227797
WSM,Samoa,2008,2.81854653180625
WSM,Samoa,2007,-0.0698092296218391
WSM,Samoa,2006,1.73439136988327
WSM,Samoa,2005,6.22343288364944
WSM,Samoa,2004,2.633950603366
WSM,Samoa,2003,4.66849415235475
WSM,Samoa,2002,4.90454737398483
WSM,Samoa,2001,6.52181954391313
WSM,Samoa,2000,4.27745070826087
WSM,Samoa,1999,1.40887608750961
WSM,Samoa,1998,1.41916707044376
WSM,Samoa,1997,-0.193253144597321
WSM,Samoa,1996,6.2658800455369
WSM,Samoa,1995,5.81082409795567
WSM,Samoa,1994,-3.32161058915646
WSM,Samoa,1993,3.22549145241983
WSM,Samoa,1992,-0.764226258204729
WSM,Samoa,1991,-2.48806559580488
WSM,Samoa,1990,-4.57637405384999
WSM,Samoa,1989,3.44799618775281
WSM,Samoa,1988,-1.84333104077683
WSM,Samoa,1987,0.123502242137306
WSM,Samoa,1986,5.37069321134753
WSM,Samoa,1985,3.88648611605976
WSM,Samoa,1984,1.23776330511436
WSM,Samoa,1983,0.292480477532635
WSM,Samoa,1982,-1.43999457151654
WSM,Samoa,1981,-9.77367810236522
WSM,Samoa,1980,-7.01513533098695
WSM,Samoa,1979,9.88295032602362
WSM,Samoa,1978,5.18206813053675
WSM,Samoa,1977,-2.414934393585
WSM,Samoa,1976,6.69949633959976
WSM,Samoa,1975,-6.259048337742
WSM,Samoa,1974,-12.4220139646229
WSM,Samoa,1973,5.8432041581838
WSM,Samoa,1972,0.15701917035318
WSM,Samoa,1971,11.8383284239524
SMR,San Marino,2023,0.0905855641196212
SMR,San Marino,2022,9.48711595874579
SMR,San Marino,2021,15.6202852637699
SMR,San Marino,2020,-6.93519075870958
SMR,San Marino,2019,1.65051434688202
SMR,San Marino,2018,-0.555260334539653
SMR,San Marino,2017,-1.8876966462592
SMR,San Marino,2016,1.71366802964523
SMR,San Marino,2015,1.53901673570162
SMR,San Marino,2014,0.471381910733299
SMR,San Marino,2013,0.501232920728725
SMR,San Marino,2012,-9.40251314800584
SMR,San Marino,2011,-6.48781473647414
SMR,San Marino,2010,-6.05328650752219
SMR,San Marino,2009,-14.1287766020679
SMR,San Marino,2008,-1.91822422078984
SMR,San Marino,2007,3.5848833240598
SMR,San Marino,2006,2.63299672869908
SMR,San Marino,2005,1.12402388406122
SMR,San Marino,2004,-1.17956792743588
SMR,San Marino,2003,2.55977184007274
SMR,San Marino,2002,-0.959002843255874
SMR,San Marino,2001,4.24028336900209
SMR,San Marino,2000,0.883025780040143
SMR,San Marino,1999,7.67279692432976
SMR,San Marino,1998,6.12872599430349
STP,Sao Tome and Principe,2025,-0.955477215252273
STP,Sao Tome and Principe,2024,-0.530991147497588
STP,Sao Tome and Principe,2023,-1.6128371937285
STP,Sao Tome and Principe,2022,-1.75407310474412
STP,Sao Tome and Principe,2021,-0.17852659147141
STP,Sao Tome and Principe,2020,0.716646434339125
STP,Sao Tome and Principe,2019,0.482132360625684
STP,Sao Tome and Principe,2018,2.78057714923384
STP,Sao Tome and Principe,2017,2.46252459071385
STP,Sao Tome and Principe,2016,3.42223386315462
STP,Sao Tome and Principe,2015,-0.246825905363622
STP,Sao Tome and Principe,2014,2.97674276212585
STP,Sao Tome and Principe,2013,3.10107564312558
STP,Sao Tome and Principe,2012,0.883420959148197
STP,Sao Tome and Principe,2011,-0.114189921572034
STP,Sao Tome and Principe,2010,-0.755150615358019
STP,Sao Tome and Principe,2009,0.944228915067228
STP,Sao Tome and Principe,2008,3.72699030635786
STP,Sao Tome and Principe,2007,1.16067244882319
STP,Sao Tome and Principe,2006,6.23775372046612
STP,Sao Tome and Principe,2005,4.01981821374629
STP,Sao Tome and Principe,2004,0.983351604603726
STP,Sao Tome and Principe,2003,5.55138791437551
STP,Sao Tome and Principe,2002,0.9147926463327
STP,Sao Tome and Principe,2001,1.4048895414449
STP,Sao Tome and Principe,2000,-0.65084592250922
STP,Sao Tome and Principe,1999,1.2831775781198
STP,Sao Tome and Principe,1998,1.16804370483166
STP,Sao Tome and Principe,1997,-0.428599449412303
STP,Sao Tome and Principe,1996,-0.0318143345786694
STP,Sao Tome and Principe,1995,0.364462927056991
STP,Sao Tome and Principe,1994,0.456013669997787
STP,Sao Tome and Principe,1993,-0.726460943635203
STP,Sao Tome and Principe,1992,-1.19672530387369
STP,Sao Tome and Principe,1991,-0.986502855129885
STP,Sao Tome and Principe,1990,-4.54035035808427
STP,Sao Tome and Principe,1989,0.522097002820658
STP,Sao Tome and Principe,1988,-0.63543114584715
STP,Sao Tome and Principe,1987,-5.28956639669342
STP,Sao Tome and Principe,1986,-7.94337715992744
STP,Sao Tome and Principe,1985,7.02251169759136
STP,Sao Tome and Principe,1984,-7.80926946001769
STP,Sao Tome and Principe,1983,-5.59794090999824
STP,Sao Tome and Principe,1982,1.18898448962564
STP,Sao Tome and Principe,1981,-12.1599481202361
STP,Sao Tome and Principe,1980,-3.38207304585406
STP,Sao Tome and Principe,1979,13.3720878465714
STP,Sao Tome and Principe,1978,0.162338584278231
STP,Sao Tome and Principe,1977,20.2016791392957
STP,Sao Tome and Principe,1976,-0.891295096757773
STP,Sao Tome and Principe,1975,2.90370190643883
STP,Sao Tome and Principe,1974,3.34473303698839
STP,Sao Tome and Principe,1973,-0.563520035038692
STP,Sao Tome and Principe,1972,0.131385641178468
STP,Sao Tome and Principe,1971,3.11187906441421
SAU,Saudi Arabia,2025,-0.226897401723321
SAU,Saudi Arabia,2024,-1.99654795231605
SAU,Saudi Arabia,2023,-4.01429387790023
SAU,Saudi Arabia,2022,7.15912905732745
SAU,Saudi Arabia,2021,9.17745692710805
SAU,Saudi Arabia,2020,-8.3434729070232
SAU,Saudi Arabia,2019,2.09953683085793
SAU,Saudi Arabia,2018,5.89707730206987
SAU,Saudi Arabia,2017,1.10646877226159
SAU,Saudi Arabia,2016,-2.03439520588341
SAU,Saudi Arabia,2015,-0.634810334471936
SAU,Saudi Arabia,2014,1.5065962283723
SAU,Saudi Arabia,2013,-2.47720466086211
SAU,Saudi Arabia,2012,1.40889754697817
SAU,Saudi Arabia,2011,6.79984191573597
SAU,Saudi Arabia,2010,6.08720360847519
SAU,Saudi Arabia,2009,-4.86501611210622
SAU,Saudi Arabia,2008,2.04298819113291
SAU,Saudi Arabia,2007,-1.94086075361376
SAU,Saudi Arabia,2006,-1.01590810452811
SAU,Saudi Arabia,2005,1.35662290420511
SAU,Saudi Arabia,2004,3.75594009248144
SAU,Saudi Arabia,2003,3.69783168216851
SAU,Saudi Arabia,2002,-5.50962678622284
SAU,Saudi Arabia,2001,-4.74097088807815
SAU,Saudi Arabia,2000,0.150492543589365
SAU,Saudi Arabia,1999,-4.16496281769805
SAU,Saudi Arabia,1998,-0.966317239561079
SAU,Saudi Arabia,1997,-1.2367563168653
SAU,Saudi Arabia,1996,-0.741787099435172
SAU,Saudi Arabia,1995,-3.75839336006798
SAU,Saudi Arabia,1994,-3.27657789168325
SAU,Saudi Arabia,1993,-3.96857631363621
SAU,Saudi Arabia,1992,-0.125826730999037
SAU,Saudi Arabia,1991,3.17804810163011
SAU,Saudi Arabia,1990,4.15776944456925
SAU,Saudi Arabia,1989,-4.53427601402096
SAU,Saudi Arabia,1988,1.07644808188448
SAU,Saudi Arabia,1987,-8.45429065456064
SAU,Saudi Arabia,1986,-4.57404251506607
SAU,Saudi Arabia,1985,-12.3848638519131
SAU,Saudi Arabia,1984,-9.5491570395713
SAU,Saudi Arabia,1983,-16.2513499762503
SAU,Saudi Arabia,1982,-21.07451587204
SAU,Saudi Arabia,1981,-2.99285354299133
SAU,Saudi Arabia,1980,-0.225211055025468
SAU,Saudi Arabia,1979,4.70345970186847
SAU,Saudi Arabia,1978,-5.39014013310828
SAU,Saudi Arabia,1977,0.16011579269815
SAU,Saudi Arabia,1976,9.19278445456175
SAU,Saudi Arabia,1975,-10.3141640716088
SAU,Saudi Arabia,1974,10.264982064408
SAU,Saudi Arabia,1973,16.5104076645097
SAU,Saudi Arabia,1972,13.2593307424458
SAU,Saudi Arabia,1971,10.2300805364713
SAU,Saudi Arabia,1970,46.3660273298731
SAU,Saudi Arabia,1969,1.86717111769703
SAU,Saudi Arabia,1968,3.54523233745294
SAU,Saudi Arabia,1967,4.86121069155563
SAU,Saudi Arabia,1966,4.22683523852257
SAU,Saudi Arabia,1965,8.04749144324057
SAU,Saudi Arabia,1964,4.82088016863349
SAU,Saudi Arabia,1963,4.7616755888949
SAU,Saudi Arabia,1962,7.88446578769546
SAU,Saudi Arabia,1961,7.84948336340932
SEN,Senegal,2025,4.25931413755755
SEN,Senegal,2024,4.02010382360814
SEN,Senegal,2023,1.79788238989684
SEN,Senegal,2022,1.3191343503411
SEN,Senegal,2021,3.8734325972454
SEN,Senegal,2020,-1.29147593311235
SEN,Senegal,2019,1.80892290272958
SEN,Senegal,2018,3.27615846996321
SEN,Senegal,2017,4.3502357297959
SEN,Senegal,2016,3.23503572418973
SEN,Senegal,2015,3.15103873013858
SEN,Senegal,2014,2.91207940579723
SEN,Senegal,2013,-0.578035528287558
SEN,Senegal,2012,1.2557464643975
SEN,Senegal,2011,-1.19544188286081
SEN,Senegal,2010,0.952269607225944
SEN,Senegal,2009,0.349911484355829
SEN,Senegal,2008,1.30518111750766
SEN,Senegal,2007,0.466183194352098
SEN,Senegal,2006,-0.0239030984175912
SEN,Senegal,2005,1.8985497213755
SEN,Senegal,2004,2.21660237161285
SEN,Senegal,2003,3.08280432027999
SEN,Senegal,2002,-2.35286664944574
SEN,Senegal,2001,1.81176865944212
SEN,Senegal,2000,1.41335705319622
SEN,Senegal,1999,3.79374220499105
SEN,Senegal,1998,3.45290634461773
SEN,Senegal,1997,0.642689765162558
SEN,Senegal,1996,-0.443182026754187
SEN,Senegal,1995,2.79825042307988
SEN,Senegal,1994,-2.68759159773336
SEN,Senegal,1993,-1.39091737666223
SEN,Senegal,1992,-1.47449734866765
SEN,Senegal,1991,-0.216527599094078
SEN,Senegal,1990,-3.55291522695565
SEN,Senegal,1989,1.02749262715633
SEN,Senegal,1988,-3.64784599374907
SEN,Senegal,1987,3.20484833596085
SEN,Senegal,1986,0.204711044505984
SEN,Senegal,1985,0.6157967631448
SEN,Senegal,1984,1.13953477209834
SEN,Senegal,1983,-8.14696183290356
SEN,Senegal,1982,5.2070261183153
SEN,Senegal,1981,2.52278535303547
SEN,Senegal,1980,1.44851388497118
SEN,Senegal,1979,4.47249294547034
SEN,Senegal,1978,-6.17128419340314
SEN,Senegal,1977,-5.02631275439684
SEN,Senegal,1976,6.09408302455773
SEN,Senegal,1975,4.59557405761304
SEN,Senegal,1974,1.21205391063765
SEN,Senegal,1973,-8.35765642589806
SEN,Senegal,1972,3.24739721692009
SEN,Senegal,1971,-3.08155418452417
SEN,Senegal,1970,5.36925292822798
SEN,Senegal,1969,-9.30013110963455
SEN,Senegal,1968,3.16547258589439
SEN,Senegal,1967,-4.11196331814091
SEN,Senegal,1966,-0.0948919641384833
SEN,Senegal,1965,-1.54351319619443
SEN,Senegal,1964,0.977287295701117
SEN,Senegal,1963,-0.970509913931352
SEN,Senegal,1962,-2.91376823490218
SEN,Senegal,1961,0.132125345315728
SRB,Serbia,2025,2.61201014096326
SRB,Serbia,2024,4.52924814890834
SRB,Serbia,2023,4.3943385787905
SRB,Serbia,2022,5.32139169050186
SRB,Serbia,2021,8.97258082321535
SRB,Serbia,2020,-0.288042264925664
SRB,Serbia,2019,5.31381889246718
SRB,Serbia,2018,5.22266888313776
SRB,Serbia,2017,2.90962447502095
SRB,Serbia,2016,3.5158880281917
SRB,Serbia,2015,1.81545266180656
SRB,Serbia,2014,-1.32558635982964
SRB,Serbia,2013,0.941379127713546
SRB,Serbia,2012,0.040200455150412
SRB,Serbia,2011,0.813571323609423
SRB,Serbia,2010,2.02027708357562
SRB,Serbia,2009,-2.75343779759604
SRB,Serbia,2008,5.60952327700927
SRB,Serbia,2007,8.27017213045292
SRB,Serbia,2006,4.31001289636497
SRB,Serbia,2005,6.22214171795731
SRB,Serbia,2004,6.93608982587538
SRB,Serbia,2003,4.83141187581582
SRB,Serbia,2002,6.58937282180869
SRB,Serbia,2001,6.96228282256826
SRB,Serbia,2000,6.39450401120698
SRB,Serbia,1999,-10.0003160706524
SRB,Serbia,1998,5.77127675484668
SRB,Serbia,1997,9.27221864432266
SRB,Serbia,1996,6.24963337834654
SYC,Seychelles,2025,4.61179204220666
SYC,Seychelles,2024,2.0002737424775
SYC,Seychelles,2023,5.27201672489588
SYC,Seychelles,2022,-9.01986146351219
SYC,Seychelles,2021,-0.254097866449726
SYC,Seychelles,2020,-12.4901374474458
SYC,Seychelles,2019,4.58155113586345
SYC,Seychelles,2018,3.94280692985572
SYC,Seychelles,2017,5.65298679577909
SYC,Seychelles,2016,10.6277900412689
SYC,Seychelles,2015,6.51232550996488
SYC,Seychelles,2014,2.45761243916046
SYC,Seychelles,2013,-0.599133304568028
SYC,Seychelles,2012,2.10412826503328
SYC,Seychelles,2011,12.4265876590009
SYC,Seychelles,2010,1.62737013590673
SYC,Seychelles,2009,-2.86142425794473
SYC,Seychelles,2008,-4.87712623002744
SYC,Seychelles,2007,8.32165420663699
SYC,Seychelles,2006,7.15334515370103
SYC,Seychelles,2005,8.5018972132326
SYC,Seychelles,2004,-2.49000825290008
SYC,Seychelles,2003,-4.81617833042706
SYC,Seychelles,2002,-1.83480695440478
SYC,Seychelles,2001,-2.35661333545873
SYC,Seychelles,2000,3.32671456371403
SYC,Seychelles,1999,-0.109437696562779
SYC,Seychelles,1998,0.482967628956303
SYC,Seychelles,1997,10.8847957386616
SYC,Seychelles,1996,8.3958454530317
SYC,Seychelles,1995,-0.981459839210345
SYC,Seychelles,1994,-5.00302413951677
SYC,Seychelles,1993,5.09056268455059
SYC,Seychelles,1992,6.68233459671488
SYC,Seychelles,1991,1.40077156197196
SYC,Seychelles,1990,6.92914127454476
SYC,Seychelles,1989,9.62872731876227
SYC,Seychelles,1988,4.93424165919527
SYC,Seychelles,1987,0.515688006513273
SYC,Seychelles,1986,0.135752841851968
SYC,Seychelles,1985,9.40285816904985
SYC,Seychelles,1984,3.68994619621557
SYC,Seychelles,1983,-0.495741990512201
SYC,Seychelles,1982,-2.64575863549878
SYC,Seychelles,1981,-5.03863787229284
SYC,Seychelles,1980,-5.96324810185553
SYC,Seychelles,1979,14.8042348991257
SYC,Seychelles,1978,20.4421315247949
SYC,Seychelles,1977,-8.13668927005799
SYC,Seychelles,1976,13.9484048811318
SYC,Seychelles,1975,0.819491986043431
SYC,Seychelles,1974,-0.524332931383341
SYC,Seychelles,1973,7.39993330055431
SYC,Seychelles,1972,3.77720293642696
SYC,Seychelles,1971,13.532410277442
SYC,Seychelles,1970,6.3633482340606
SYC,Seychelles,1969,-2.35080683662751
SYC,Seychelles,1968,4.98082576722285
SYC,Seychelles,1967,-1.93583964967725
SYC,Seychelles,1966,11.0923039068889
SYC,Seychelles,1965,-3.5142689061137
SYC,Seychelles,1964,3.29881863793015
SYC,Seychelles,1963,7.37099843045395
SYC,Seychelles,1962,5.57049276462367
SYC,Seychelles,1961,-7.51919895418983
SLE,Sierra Leone,2025,2.50015605748742
SLE,Sierra Leone,2024,2.10273332108876
SLE,Sierra Leone,2023,3.41471641633679
SLE,Sierra Leone,2022,2.99519003006155
SLE,Sierra Leone,2021,3.51527957069044
SLE,Sierra Leone,2020,-3.50677788869559
SLE,Sierra Leone,2019,3.08171137743476
SLE,Sierra Leone,2018,0.50674429876733
SLE,Sierra Leone,2017,0.774679247758442
SLE,Sierra Leone,2016,3.96056326178993
SLE,Sierra Leone,2015,-6.55487587621558
SLE,Sierra Leone,2014,-9.99126868436694
SLE,Sierra Leone,2013,11.8800866018127
SLE,Sierra Leone,2012,7.81299564274897
SLE,Sierra Leone,2011,5.31595837430623
SLE,Sierra Leone,2010,3.5002192188053
SLE,Sierra Leone,2009,-1.1672975048301
SLE,Sierra Leone,2008,1.12905319443597
SLE,Sierra Leone,2007,1.49613150255581
SLE,Sierra Leone,2006,2.0071311854182
SLE,Sierra Leone,2005,1.58434555022808
SLE,Sierra Leone,2004,2.93937041660126
SLE,Sierra Leone,2003,5.12237538056517
SLE,Sierra Leone,2002,19.430674044243
SLE,Sierra Leone,2001,-11.7160994484665
SLE,Sierra Leone,2000,4.10749847441832
SLE,Sierra Leone,1999,-2.48454916239004
SLE,Sierra Leone,1998,0.788222799625672
SLE,Sierra Leone,1997,-7.08314721958494
SLE,Sierra Leone,1996,1.26843628467385
SLE,Sierra Leone,1995,-8.13346547365364
SLE,Sierra Leone,1994,-2.3227387628037
SLE,Sierra Leone,1993,1.59977635482602
SLE,Sierra Leone,1992,-17.4597698249032
SLE,Sierra Leone,1991,1.16028435358966
SLE,Sierra Leone,1990,-0.65885095706804
SLE,Sierra Leone,1989,-1.75501678146151
SLE,Sierra Leone,1988,-9.55499835432438
SLE,Sierra Leone,1987,4.39382684987255
SLE,Sierra Leone,1986,-1.20613242645724
SLE,Sierra Leone,1985,-7.38497548183301
SLE,Sierra Leone,1984,1.83752207389294
SLE,Sierra Leone,1983,-4.1684400763676
SLE,Sierra Leone,1982,2.65293700129511
SLE,Sierra Leone,1981,0.821575318184344
SLE,Sierra Leone,1980,2.77392622981942
SLE,Sierra Leone,1979,2.49168047497959
SLE,Sierra Leone,1978,0.447648693301275
SLE,Sierra Leone,1977,-1.78651376608245
SLE,Sierra Leone,1976,-2.22939810359523
SLE,Sierra Leone,1975,-0.183188014791696
SLE,Sierra Leone,1974,1.60366923483426
SLE,Sierra Leone,1973,0.381693942422118
SLE,Sierra Leone,1972,-0.934146897742536
SLE,Sierra Leone,1971,1.5586720129036
SLE,Sierra Leone,1970,6.58123036581976
SLE,Sierra Leone,1969,6.49335101316011
SLE,Sierra Leone,1968,0.0999491770538015
SLE,Sierra Leone,1967,-1.82773738239335
SLE,Sierra Leone,1966,-0.15925465819555
SLE,Sierra Leone,1965,5.25785906062177
SLE,Sierra Leone,1964,4.83122088172789
SLE,Sierra Leone,1963,-0.00858666259134111
SLE,Sierra Leone,1962,2.84424873737809
SLE,Sierra Leone,1961,0.224133638565021
SGP,Singapore,2025,3.74871378758077
SGP,Singapore,2024,3.26325659591436
SGP,Singapore,2023,-3.36069477894166
SGP,Singapore,2022,0.625280575115795
SGP,Singapore,2021,14.8314606167434
SGP,Singapore,2020,-3.30973090655749
SGP,Singapore,2019,0.00783404280791444
SGP,Singapore,2018,2.70307303138391
SGP,Singapore,2017,4.23440582627357
SGP,Singapore,2016,2.57148302071828
SGP,Singapore,2015,1.76232468638902
SGP,Singapore,2014,2.59472315486744
SGP,Singapore,2013,3.13397914899265
SGP,Singapore,2012,1.90446223662212
SGP,Singapore,2011,4.02338164865897
SGP,Singapore,2010,12.5085215498552
SGP,Singapore,2009,-2.84677194924208
SGP,Singapore,2008,-3.41549269446281
SGP,Singapore,2007,4.57298627096552
SGP,Singapore,2006,5.64834329383781
SGP,Singapore,2005,4.87209326850753
SGP,Singapore,2004,8.5722052915981
SGP,Singapore,2003,6.10127554555405
SGP,Singapore,2002,2.97922962062731
SGP,Singapore,2001,-3.70366595204537
SGP,Singapore,2000,7.16598820156491
SGP,Singapore,1999,4.87689184197752
SGP,Singapore,1998,-5.45798667446206
SGP,Singapore,1997,4.73992674717256
SGP,Singapore,1996,3.1909851392228
SGP,Singapore,1995,3.9685677515225
SGP,Singapore,1994,7.66515847504049
SGP,Singapore,1993,8.67530488824424
SGP,Singapore,1992,3.48371824424044
SGP,Singapore,1991,3.69538228225123
SGP,Singapore,1990,5.63184802412309
SGP,Singapore,1989,6.97185727511311
SGP,Singapore,1988,8.47550112413526
SGP,Singapore,1987,9.14418251985718
SGP,Singapore,1986,1.43861505659832
SGP,Singapore,1985,-0.758403193169272
SGP,Singapore,1984,6.75518405595601
SGP,Singapore,1983,7.15375220538392
SGP,Singapore,1982,2.50351262717827
SGP,Singapore,1981,5.61427963812113
SGP,Singapore,1980,8.72460740268357
SGP,Singapore,1979,8.18013448869861
SGP,Singapore,1978,6.48125475788075
SGP,Singapore,1977,5.38197485991432
SGP,Singapore,1976,5.99892453789093
SGP,Singapore,1975,2.48125580622293
SGP,Singapore,1974,4.36607219742567
SGP,Singapore,1973,8.5553596416668
SGP,Singapore,1972,11.2360398788484
SGP,Singapore,1971,10.3707995076184
SGP,Singapore,1970,12.1840230638021
SGP,Singapore,1969,12.1339809710738
SGP,Singapore,1968,11.5859760311582
SGP,Singapore,1967,10.0509003316789
SGP,Singapore,1966,7.47457704436121
SGP,Singapore,1965,5.24541526942724
SGP,Singapore,1964,-5.55505367070347
SGP,Singapore,1963,7.29376675914222
SGP,Singapore,1962,4.61603438059741
SGP,Singapore,1961,4.58037393224981
SXM,Sint Maarten (Dutch part),2025,2.0510894064613
SXM,Sint Maarten (Dutch part),2024,1.57201933735674
SXM,Sint Maarten (Dutch part),2023,2.31884027870137
SXM,Sint Maarten (Dutch part),2022,12.3647203881995
SXM,Sint Maarten (Dutch part),2021,3.16129245692684
SXM,Sint Maarten (Dutch part),2020,-14.6336937315718
SXM,Sint Maarten (Dutch part),2019,9.11581322620327
SXM,Sint Maarten (Dutch part),2018,-8.53633432632274
SXM,Sint Maarten (Dutch part),2017,-9.30645194996998
SXM,Sint Maarten (Dutch part),2016,-1.0859663357852
SXM,Sint Maarten (Dutch part),2015,-2.02875877780978
SXM,Sint Maarten (Dutch part),2014,-0.685454189827837
SXM,Sint Maarten (Dutch part),2013,-1.04128853057725
SXM,Sint Maarten (Dutch part),2012,-0.798052973690176
SXM,Sint Maarten (Dutch part),2011,3.15617110858607
SXM,Sint Maarten (Dutch part),2010,2.2746924085417
SVK,Slovak Republic,2025,0.961148796579153
SVK,Slovak Republic,2024,2.02649250952174
SVK,Slovak Republic,2023,2.20694498399155
SVK,Slovak Republic,2022,0.831412246801008
SVK,Slovak Republic,2021,5.88046673143569
SVK,Slovak Republic,2020,-2.66902849173539
SVK,Slovak Republic,2019,2.13758470717096
SVK,Slovak Republic,2018,3.91808506492153
SVK,Slovak Republic,2017,2.71521709643727
SVK,Slovak Republic,2016,1.81646959957402
SVK,Slovak Republic,2015,5.07697290945579
SVK,Slovak Republic,2014,2.608326498525
SVK,Slovak Republic,2013,0.595167879643
SVK,Slovak Republic,2012,1.39646371759601
SVK,Slovak Republic,2011,2.43026958601608
SVK,Slovak Republic,2010,6.69110844613654
SVK,Slovak Republic,2009,-5.6311751026805
SVK,Slovak Republic,2008,5.27306126349816
SVK,Slovak Republic,2007,10.78629912015
SVK,Slovak Republic,2006,8.92067971952331
SVK,Slovak Republic,2005,6.47448748514556
SVK,Slovak Republic,2004,5.41095986972041
SVK,Slovak Republic,2003,4.92573949451423
SVK,Slovak Republic,2002,4.45521871825531
SVK,Slovak Republic,2001,3.1136989179886
SVK,Slovak Republic,2000,0.925761788954276
SVK,Slovak Republic,1999,-0.574779582477817
SVK,Slovak Republic,1998,3.68694784286308
SVK,Slovak Republic,1997,5.29126136870515
SVK,Slovak Republic,1996,5.89518837997754
SVK,Slovak Republic,1995,5.53421489297541
SVK,Slovak Republic,1994,5.78784641289319
SVK,Slovak Republic,1993,1.51309257483364
SVK,Slovak Republic,1992,-6.7517666501482
SVK,Slovak Republic,1991,-14.6399588000325
SVN,Slovenia,2025,0.889867414583748
SVN,Slovenia,2024,1.39957708502673
SVN,Slovenia,2023,1.97100496138407
SVN,Slovenia,2022,2.47421045586167
SVN,Slovenia,2021,8.12577517618843
SVN,Slovenia,2020,-4.72524968037921
SVN,Slovenia,2019,2.78704541391961
SVN,Slovenia,2018,4.00130649890984
SVN,Slovenia,2017,5.10589384792048
SVN,Slovenia,2016,2.95902414777296
SVN,Slovenia,2015,2.31634491842804
SVN,Slovenia,2014,2.66181374029557
SVN,Slovenia,2013,-0.958293257973466
SVN,Slovenia,2012,-3.11922481726151
SVN,Slovenia,2011,0.446560894988352
SVN,Slovenia,2010,0.672167911403392
SVN,Slovenia,2009,-8.42208868943828
SVN,Slovenia,2008,3.20889412209657
SVN,Slovenia,2007,6.54177241190229
SVN,Slovenia,2006,5.57134966652504
SVN,Slovenia,2005,3.6743988121375
SVN,Slovenia,2004,4.47906492828298
SVN,Slovenia,2003,3.13282664775699
SVN,Slovenia,2002,3.15467990613811
SVN,Slovenia,2001,2.66685838002488
SVN,Slovenia,2000,3.1919411832727
SVN,Slovenia,1999,5.19284002726599
SVN,Slovenia,1998,3.28887170317242
SVN,Slovenia,1997,5.31284081186544
SVN,Slovenia,1996,2.97799607802567
SVN,Slovenia,1995,4.08471418163268
SVN,Slovenia,1994,5.44941514297268
SVN,Slovenia,1993,3.08878865765914
SVN,Slovenia,1992,-5.32491105947393
SVN,Slovenia,1991,-8.95788121755191
SLB,Solomon Islands,2025,1.21441464169847
SLB,Solomon Islands,2024,0.584428781115449
SLB,Solomon Islands,2023,0.406498798558516
SLB,Solomon Islands,2022,-4.88870843999941
SLB,Solomon Islands,2021,-2.59513572745166
SLB,Solomon Islands,2020,-5.50324350800385
SLB,Solomon Islands,2019,-0.912183037350545
SLB,Solomon Islands,2018,-0.648914414273463
SLB,Solomon Islands,2017,-0.426120235207534
SLB,Solomon Islands,2016,1.8954619438627
SLB,Solomon Islands,2015,-1.90313667351086
SLB,Solomon Islands,2014,-2.41306586755394
SLB,Solomon Islands,2013,1.46287648550671
SLB,Solomon Islands,2012,-1.22485253459861
SLB,Solomon Islands,2011,3.54895845172413
SLB,Solomon Islands,2010,6.65612594404901
SLB,Solomon Islands,2009,1.00843919853824
SLB,Solomon Islands,2008,4.42328745185992
SLB,Solomon Islands,2007,1.86556171568819
SLB,Solomon Islands,2006,2.33369145793722
SLB,Solomon Islands,2005,5.47693948660554
SLB,Solomon Islands,2004,5.76484741556582
SLB,Solomon Islands,2003,4.58496965418709
SLB,Solomon Islands,2002,-4.61498055636233
SLB,Solomon Islands,2001,-9.73056069019374
SLB,Solomon Islands,2000,-16.2171419354817
SLB,Solomon Islands,1999,-3.12765508258022
SLB,Solomon Islands,1998,-1.51154054507705
SLB,Solomon Islands,1997,-3.70203474278122
SLB,Solomon Islands,1996,-1.28334309591865
SLB,Solomon Islands,1995,6.92444747848381
SLB,Solomon Islands,1994,4.96526751184018
SLB,Solomon Islands,1993,0.951992105250696
SLB,Solomon Islands,1992,9.35072429994736
SLB,Solomon Islands,1991,2.80422660017983
SLB,Solomon Islands,1990,-0.930739361805806
SLB,Solomon Islands,1989,1.01348306368362
SLB,Solomon Islands,1988,-1.9541976250443
SLB,Solomon Islands,1987,4.97817622405749
SLB,Solomon Islands,1986,-3.41141767939442
SLB,Solomon Islands,1985,-6.31900558571843
SLB,Solomon Islands,1984,-3.16498042106423
SLB,Solomon Islands,1983,0.401710872955348
SLB,Solomon Islands,1982,-5.00054754398012
SLB,Solomon Islands,1981,-5.15070962845012
SOM,"Somalia, Fed. Rep.",2025,-0.391747312911576
SOM,"Somalia, Fed. Rep.",2024,0.548466776307393
SOM,"Somalia, Fed. Rep.",2023,1.01616806512138
SOM,"Somalia, Fed. Rep.",2022,-0.342614533940647
SOM,"Somalia, Fed. Rep.",2021,-0.267727633939771
SOM,"Somalia, Fed. Rep.",2020,-6.38636194168187
SOM,"Somalia, Fed. Rep.",2019,-0.909258009902032
SOM,"Somalia, Fed. Rep.",2018,-1.48470237915478
SOM,"Somalia, Fed. Rep.",2017,10.3677043802854
SOM,"Somalia, Fed. Rep.",2016,2.99347020740043
SOM,"Somalia, Fed. Rep.",2015,6.72219258601123
SOM,"Somalia, Fed. Rep.",2014,5.13914593417061
SOM,"Somalia, Fed. Rep.",2013,7.43785495852676
SOM,"Somalia, Fed. Rep.",2012,5.73256533813861
SOM,"Somalia, Fed. Rep.",2011,5.94202931701129
SOM,"Somalia, Fed. Rep.",2010,4.07910489702353
SOM,"Somalia, Fed. Rep.",2009,4.0351373439331
SOM,"Somalia, Fed. Rep.",2008,3.57942621496645
SOM,"Somalia, Fed. Rep.",2007,3.42376614691855
SOM,"Somalia, Fed. Rep.",2006,3.27228849958769
SOM,"Somalia, Fed. Rep.",2005,3.4552179090862
SOM,"Somalia, Fed. Rep.",2004,3.23637071319179
SOM,"Somalia, Fed. Rep.",2003,3.72989683765117
SOM,"Somalia, Fed. Rep.",2002,3.66803447114906
SOM,"Somalia, Fed. Rep.",2001,2.92091623470753
SOM,"Somalia, Fed. Rep.",2000,2.9094517086796
SOM,"Somalia, Fed. Rep.",1999,3.06398619737185
SOM,"Somalia, Fed. Rep.",1998,2.26192984688586
SOM,"Somalia, Fed. Rep.",1997,-2.31159144364601
SOM,"Somalia, Fed. Rep.",1996,4.1920292481002
SOM,"Somalia, Fed. Rep.",1995,0.304750694634848
SOM,"Somalia, Fed. Rep.",1994,-21.8851715399116
SOM,"Somalia, Fed. Rep.",1993,1.09111141773572
SOM,"Somalia, Fed. Rep.",1992,-3.99871765068679
SOM,"Somalia, Fed. Rep.",1991,7.01572048803034
SOM,"Somalia, Fed. Rep.",1990,2.78932821699011
SOM,"Somalia, Fed. Rep.",1989,5.56642913642327
SOM,"Somalia, Fed. Rep.",1988,3.31436748541694
SOM,"Somalia, Fed. Rep.",1987,6.22667723467711
SOM,"Somalia, Fed. Rep.",1986,-6.09526499097399
SOM,"Somalia, Fed. Rep.",1985,5.19505399139936
SOM,"Somalia, Fed. Rep.",1984,-0.428395914894608
SOM,"Somalia, Fed. Rep.",1983,-14.3524006363501
SOM,"Somalia, Fed. Rep.",1982,2.40770932669045
SOM,"Somalia, Fed. Rep.",1981,5.43483261391108
SOM,"Somalia, Fed. Rep.",1980,-6.55874812618232
SOM,"Somalia, Fed. Rep.",1979,-16.0455574128873
SOM,"Somalia, Fed. Rep.",1978,-1.47029611583871
SOM,"Somalia, Fed. Rep.",1977,10.6486638692391
SOM,"Somalia, Fed. Rep.",1976,-4.28222124875663
SOM,"Somalia, Fed. Rep.",1975,11.8478958191435
SOM,"Somalia, Fed. Rep.",1974,-1.82587077928002
SOM,"Somalia, Fed. Rep.",1973,-14.4545591202461
SOM,"Somalia, Fed. Rep.",1972,11.9138874254657
SOM,"Somalia, Fed. Rep.",1971,-0.502941603540776
SOM,"Somalia, Fed. Rep.",1970,1.85576339783866
SOM,"Somalia, Fed. Rep.",1969,-4.24886383708844
SOM,"Somalia, Fed. Rep.",1968,-0.61824688565288
SOM,"Somalia, Fed. Rep.",1967,3.19834611987682
SOM,"Somalia, Fed. Rep.",1966,6.27054354347791
SOM,"Somalia, Fed. Rep.",1965,-8.38493563042768
SOM,"Somalia, Fed. Rep.",1964,-8.53475903013596
SOM,"Somalia, Fed. Rep.",1963,0.155585601934334
SOM,"Somalia, Fed. Rep.",1962,4.31900196431485
SOM,"Somalia, Fed. Rep.",1961,-5.74340362801904
ZAF,South Africa,2025,-0.0412236373188222
ZAF,South Africa,2024,-0.713538079423742
ZAF,South Africa,2023,-0.523851146279725
ZAF,South Africa,2022,0.62521727101273
ZAF,South Africa,2021,3.25562042833964
ZAF,South Africa,2020,-7.67873309598839
ZAF,South Africa,2019,-1.3803610544763
ZAF,South Africa,2018,-0.1374850396532
ZAF,South Africa,2017,0.49869596172698
ZAF,South Africa,2016,-0.277781475736276
ZAF,South Africa,2015,-0.694265293924985
ZAF,South Africa,2014,-0.257188966137676
ZAF,South Africa,2013,0.805658809846705
ZAF,South Africa,2012,0.897179683754416
ZAF,South Africa,2011,1.90092049729387
ZAF,South Africa,2010,1.82804672464107
ZAF,South Africa,2009,-2.70664075062311
ZAF,South Africa,2008,2.00798658438173
ZAF,South Africa,2007,4.25469604690063
ZAF,South Africa,2006,4.53031944639788
ZAF,South Africa,2005,4.21638584977106
ZAF,South Africa,2004,3.50654128784933
ZAF,South Africa,2003,1.92822490144245
ZAF,South Africa,2002,2.72292924025332
ZAF,South Africa,2001,1.82108406092082
ZAF,South Africa,2000,3.25127058182207
ZAF,South Africa,1999,1.29020714023875
ZAF,South Africa,1998,-0.711121199354281
ZAF,South Africa,1997,1.37819585551415
ZAF,South Africa,1996,2.95596987945947
ZAF,South Africa,1995,1.85604954250009
ZAF,South Africa,1994,1.54195948087219
ZAF,South Africa,1993,-0.76236352634794
ZAF,South Africa,1992,-3.87926236884013
ZAF,South Africa,1991,-3.25400629067984
ZAF,South Africa,1990,-3.05210020449451
ZAF,South Africa,1989,-0.571288009674646
ZAF,South Africa,1988,1.07399931732792
ZAF,South Africa,1987,-1.03310951804978
ZAF,South Africa,1986,-3.129218179071
ZAF,South Africa,1985,-4.45158907262324
ZAF,South Africa,1984,1.52227888001273
ZAF,South Africa,1983,-5.21623945094572
ZAF,South Africa,1982,-3.76840874169766
ZAF,South Africa,1981,1.8344403909835
ZAF,South Africa,1980,3.42511088387165
ZAF,South Africa,1979,1.01886701497651
ZAF,South Africa,1978,0.240191993176509
ZAF,South Africa,1977,-2.75935519413643
ZAF,South Africa,1976,-0.479248252040165
ZAF,South Africa,1975,-1.08270939801929
ZAF,South Africa,1974,3.16060531704183
ZAF,South Africa,1973,1.62426941389076
ZAF,South Africa,1972,-1.21840842834261
ZAF,South Africa,1971,1.26922275897319
ZAF,South Africa,1970,2.10580565357297
ZAF,South Africa,1969,1.53107221466114
ZAF,South Africa,1968,0.956697920772243
ZAF,South Africa,1967,3.90381055423047
ZAF,South Africa,1966,1.25217012238623
ZAF,South Africa,1965,2.90944105494447
ZAF,South Africa,1964,4.69292946899671
ZAF,South Africa,1963,4.16801637574393
ZAF,South Africa,1962,3.06615974918007
ZAF,South Africa,1961,0.971241813995107
SSD,South Sudan,2015,-9.76929494253935
SSD,South Sudan,2014,2.7406396602203
SSD,South Sudan,2013,8.97551236063792
SSD,South Sudan,2012,-48.4287258315307
SSD,South Sudan,2011,-9.66551859182802
SSD,South Sudan,2010,0.0553052206663267
SSD,South Sudan,2009,0.201710077462366
ESP,Spain,2025,1.77013824549053
ESP,Spain,2024,2.40413218623925
ESP,Spain,2023,1.26057958891062
ESP,Spain,2022,5.60841068844668
ESP,Spain,2021,6.49336738803039
ESP,Spain,2020,-11.3931290455953
ESP,Spain,2019,1.23303741249605
ESP,Spain,2018,1.93406292039191
ESP,Spain,2017,2.64617061107108
ESP,Spain,2016,2.83577124069477
ESP,Spain,2015,4.14701193619516
ESP,Spain,2014,1.83396646193863
ESP,Spain,2013,-1.07017018206768
ESP,Spain,2012,-2.92815897770406
ESP,Spain,2011,-0.992358604711711
ESP,Spain,2010,-0.365660089983677
ESP,Spain,2009,-4.61672962915983
ESP,Spain,2008,-0.827648476802253
ESP,Spain,2007,1.63463980710374
ESP,Spain,2006,2.29951501349761
ESP,Spain,2005,1.81657732789419
ESP,Spain,2004,1.35058688382759
ESP,Spain,2003,1.0944115829832
ESP,Spain,2002,1.31414120540325
ESP,Spain,2001,3.20031684797794
ESP,Spain,2000,4.73130032942612
ESP,Spain,1999,3.98652877279852
ESP,Spain,1998,3.87121830463626
ESP,Spain,1997,3.15405367665298
ESP,Spain,1996,2.18092390343854
ESP,Spain,1995,2.30495702556625
ESP,Spain,1994,1.89690694701672
ESP,Spain,1993,-1.54335835145426
ESP,Spain,1992,0.436115155748553
ESP,Spain,1991,2.28532468887114
ESP,Spain,1990,3.67576794722082
ESP,Spain,1989,4.66281523950552
ESP,Spain,1988,4.87169199713344
ESP,Spain,1987,5.2737629750186
ESP,Spain,1986,2.94527939063278
ESP,Spain,1985,1.95132909180683
ESP,Spain,1984,1.36289715502605
ESP,Spain,1983,1.27551467801025
ESP,Spain,1982,0.640409181894213
ESP,Spain,1981,-0.839887495760976
ESP,Spain,1980,1.39131541372475
ESP,Spain,1979,-0.836528080615906
ESP,Spain,1978,0.490728282850199
ESP,Spain,1977,1.78565712686311
ESP,Spain,1976,2.21777242101939
ESP,Spain,1975,-0.539096521312302
ESP,Spain,1974,4.47106819908592
ESP,Spain,1973,6.6040257654457
ESP,Spain,1972,6.96219311481951
ESP,Spain,1971,3.39592703146427
ESP,Spain,1970,3.09359904029643
ESP,Spain,1969,7.83908290303449
ESP,Spain,1968,5.21217234383435
ESP,Spain,1967,3.06412649678099
ESP,Spain,1966,6.15343461675477
ESP,Spain,1965,5.1056322550024
ESP,Spain,1964,4.26724561500689
ESP,Spain,1963,8.63949313281344
ESP,Spain,1962,8.9464704174558
ESP,Spain,1961,10.8044871096931
LKA,Sri Lanka,2025,5.72529222294247
LKA,Sri Lanka,2024,5.57208772426132
LKA,Sri Lanka,2023,-1.3887411620843
LKA,Sri Lanka,2022,-7.4536189792008
LKA,Sri Lanka,2021,3.09278196849438
LKA,Sri Lanka,2020,-5.12926234565826
LKA,Sri Lanka,2019,-0.829146715016009
LKA,Sri Lanka,2018,1.28556702923734
LKA,Sri Lanka,2017,5.24982935126125
LKA,Sri Lanka,2016,3.86979649874351
LKA,Sri Lanka,2015,3.25185230614606
LKA,Sri Lanka,2014,5.38986888014487
LKA,Sri Lanka,2013,7.00602738731078
LKA,Sri Lanka,2012,7.80902906885484
LKA,Sri Lanka,2011,7.99726895684675
LKA,Sri Lanka,2010,7.38142864786508
LKA,Sri Lanka,2009,2.90511614609032
LKA,Sri Lanka,2008,5.24732975759279
LKA,Sri Lanka,2007,6.06651827130165
LKA,Sri Lanka,2006,6.94942271248222
LKA,Sri Lanka,2005,5.56425373682754
LKA,Sri Lanka,2004,4.7307209819853
LKA,Sri Lanka,2003,5.16625254648899
LKA,Sri Lanka,2002,2.8865391549469
LKA,Sri Lanka,2001,-3.08904716018746
LKA,Sri Lanka,2000,4.0862744786218
LKA,Sri Lanka,1999,2.38061253046646
LKA,Sri Lanka,1998,2.74023742948491
LKA,Sri Lanka,1997,4.40430271746983
LKA,Sri Lanka,1996,1.8233928834009
LKA,Sri Lanka,1995,3.76841651865469
LKA,Sri Lanka,1994,4.07265463723363
LKA,Sri Lanka,1993,5.10038391966494
LKA,Sri Lanka,1992,2.75390592994462
LKA,Sri Lanka,1991,3.81973572214518
LKA,Sri Lanka,1990,5.72394612528907
LKA,Sri Lanka,1989,1.22940123040433
LKA,Sri Lanka,1988,1.43993563419296
LKA,Sri Lanka,1987,0.541198280744652
LKA,Sri Lanka,1986,3.11437891706746
LKA,Sri Lanka,1985,4.30841930856924
LKA,Sri Lanka,1984,4.73797301331066
LKA,Sri Lanka,1983,4.1177167940284
LKA,Sri Lanka,1982,2.86649436646923
LKA,Sri Lanka,1981,3.93938437260206
LKA,Sri Lanka,1980,3.93298170104177
LKA,Sri Lanka,1979,4.436819744698
LKA,Sri Lanka,1978,3.72862853415788
LKA,Sri Lanka,1977,3.21093170185758
LKA,Sri Lanka,1976,1.47923805394234
LKA,Sri Lanka,1975,4.22058788193911
LKA,Sri Lanka,1974,1.93544022874815
LKA,Sri Lanka,1973,4.99418032556585
LKA,Sri Lanka,1972,-2.41090738265247
LKA,Sri Lanka,1971,-0.830304681389464
LKA,Sri Lanka,1970,1.53719343899532
LKA,Sri Lanka,1969,5.22632068999272
LKA,Sri Lanka,1968,3.28806657061432
LKA,Sri Lanka,1967,3.89912774670147
LKA,Sri Lanka,1966,2.5168468060145
LKA,Sri Lanka,1965,0.0614065526938816
LKA,Sri Lanka,1964,1.38658457867882
LKA,Sri Lanka,1963,0.0385451735382105
LKA,Sri Lanka,1962,1.31684935466225
KNA,St. Kitts and Nevis,2025,2.51569342755708
KNA,St. Kitts and Nevis,2024,0.130203089601792
KNA,St. Kitts and Nevis,2023,2.91331421745427
KNA,St. Kitts and Nevis,2022,10.6082200037537
KNA,St. Kitts and Nevis,2021,0.597261391032816
KNA,St. Kitts and Nevis,2020,-15.1537081395497
KNA,St. Kitts and Nevis,2019,3.06102179372833
KNA,St. Kitts and Nevis,2018,2.09466207201663
KNA,St. Kitts and Nevis,2017,0.274193507101955
KNA,St. Kitts and Nevis,2016,3.95919692482656
KNA,St. Kitts and Nevis,2015,0.69841246781877
KNA,St. Kitts and Nevis,2014,7.53127511202617
KNA,St. Kitts and Nevis,2013,5.64641698929439
KNA,St. Kitts and Nevis,2012,-1.04787778946711
KNA,St. Kitts and Nevis,2011,1.52991480984264
KNA,St. Kitts and Nevis,2010,0.0951505914335229
KNA,St. Kitts and Nevis,2009,-3.5715108939693
KNA,St. Kitts and Nevis,2008,11.0104297068936
KNA,St. Kitts and Nevis,2007,0.305516416409375
KNA,St. Kitts and Nevis,2006,2.85800106872907
KNA,St. Kitts and Nevis,2005,9.44452895015881
KNA,St. Kitts and Nevis,2004,3.68423412350383
KNA,St. Kitts and Nevis,2003,-4.25794420201746
KNA,St. Kitts and Nevis,2002,0.797218805613539
KNA,St. Kitts and Nevis,2001,4.07351451919244
KNA,St. Kitts and Nevis,2000,8.46930909930006
KNA,St. Kitts and Nevis,1999,1.82436633230189
KNA,St. Kitts and Nevis,1998,-1.77595335466278
KNA,St. Kitts and Nevis,1997,5.46861986409
KNA,St. Kitts and Nevis,1996,4.48268214386603
KNA,St. Kitts and Nevis,1995,4.01375437413185
KNA,St. Kitts and Nevis,1994,3.95570416288516
KNA,St. Kitts and Nevis,1993,5.43720892471435
KNA,St. Kitts and Nevis,1992,3.35471559982065
KNA,St. Kitts and Nevis,1991,-1.68474926558146
KNA,St. Kitts and Nevis,1990,5.7228684529764
KNA,St. Kitts and Nevis,1989,6.26653183126851
KNA,St. Kitts and Nevis,1988,9.98613814459146
KNA,St. Kitts and Nevis,1987,7.24611269504145
KNA,St. Kitts and Nevis,1986,11.5388956805806
KNA,St. Kitts and Nevis,1985,9.16962852707064
KNA,St. Kitts and Nevis,1984,9.43711188705959
KNA,St. Kitts and Nevis,1983,1.65998003994439
KNA,St. Kitts and Nevis,1982,0.940170202068046
KNA,St. Kitts and Nevis,1981,1.90839875422859
KNA,St. Kitts and Nevis,1980,8.90323754026024
KNA,St. Kitts and Nevis,1979,8.05773991361625
KNA,St. Kitts and Nevis,1978,4.24892115462106
LCA,St. Lucia,2025,-0.797598585137095
LCA,St. Lucia,2024,4.50136097495573
LCA,St. Lucia,2023,3.61564604076752
LCA,St. Lucia,2022,19.1727834727551
LCA,St. Lucia,2021,10.9773537968332
LCA,St. Lucia,2020,-23.1552773828255
LCA,St. Lucia,2019,-1.38812466794819
LCA,St. Lucia,2018,2.49445186760282
LCA,St. Lucia,2017,2.97179882236796
LCA,St. Lucia,2016,2.9915396739198
LCA,St. Lucia,2015,-0.337052867572226
LCA,St. Lucia,2014,0.880621538906311
LCA,St. Lucia,2013,-2.26163327907432
LCA,St. Lucia,2012,-0.563683330885993
LCA,St. Lucia,2011,3.78344996295867
LCA,St. Lucia,2010,-0.278750187807233
LCA,St. Lucia,2009,-3.43582922693658
LCA,St. Lucia,2008,4.29652830468692
LCA,St. Lucia,2007,1.01330265983917
LCA,St. Lucia,2006,5.43753454391749
LCA,St. Lucia,2005,-1.13924471405971
LCA,St. Lucia,2004,6.44252113072108
LCA,St. Lucia,2003,3.41053937654591
LCA,St. Lucia,2002,-0.455758268918373
LCA,St. Lucia,2001,-4.38521361096242
LCA,St. Lucia,2000,-1.15852753925388
LCA,St. Lucia,1999,1.34383057850798
LCA,St. Lucia,1998,4.83795668922615
LCA,St. Lucia,1997,-2.08248177579216
LCA,St. Lucia,1996,1.39827512027458
LCA,St. Lucia,1995,0.156865158765669
LCA,St. Lucia,1994,0.0915392271761561
LCA,St. Lucia,1993,-0.892733394374474
LCA,St. Lucia,1992,6.35455541558694
LCA,St. Lucia,1991,-0.820743643335049
LCA,St. Lucia,1990,8.81855434176092
LCA,St. Lucia,1989,7.77393613027191
LCA,St. Lucia,1988,12.4037815792638
LCA,St. Lucia,1987,2.37299183093911
LCA,St. Lucia,1986,12.5888676984323
LCA,St. Lucia,1985,6.533818365779
LCA,St. Lucia,1984,5.55782690783433
LCA,St. Lucia,1983,3.32262418483423
LCA,St. Lucia,1982,0.493096165460145
LCA,St. Lucia,1981,4.66426306858048
LCA,St. Lucia,1980,-3.66480197615796
LCA,St. Lucia,1979,2.29670884238544
LCA,St. Lucia,1978,8.69393579466634
MAF,St. Martin (French part),2021,11.2897229582813
MAF,St. Martin (French part),2020,-5.67034471115365
MAF,St. Martin (French part),2019,11.9233703264347
MAF,St. Martin (French part),2018,-5.8923641662807
MAF,St. Martin (French part),2017,-7.15585200915483
MAF,St. Martin (French part),2016,5.54794889038332
MAF,St. Martin (French part),2015,1.21892477722176
VCT,St. Vincent and the Grenadines,2025,4.10818502429764
VCT,St. Vincent and the Grenadines,2024,4.79304780177681
VCT,St. Vincent and the Grenadines,2023,6.07793111453327
VCT,St. Vincent and the Grenadines,2022,3.91412869594379
VCT,St. Vincent and the Grenadines,2021,2.77342166309265
VCT,St. Vincent and the Grenadines,2020,-3.67618803165428
VCT,St. Vincent and the Grenadines,2019,1.40193657114291
VCT,St. Vincent and the Grenadines,2018,3.90031671690731
VCT,St. Vincent and the Grenadines,2017,2.20738641850942
VCT,St. Vincent and the Grenadines,2016,4.74804540016839
VCT,St. Vincent and the Grenadines,2015,3.33765430602968
VCT,St. Vincent and the Grenadines,2014,1.71007773700347
VCT,St. Vincent and the Grenadines,2013,3.0319570809024
VCT,St. Vincent and the Grenadines,2012,1.73945379802912
VCT,St. Vincent and the Grenadines,2011,-0.0518118530617357
VCT,St. Vincent and the Grenadines,2010,-3.99351095016873
VCT,St. Vincent and the Grenadines,2009,-0.914124585036191
VCT,St. Vincent and the Grenadines,2008,0.859512861875416
VCT,St. Vincent and the Grenadines,2007,3.77042261406409
VCT,St. Vincent and the Grenadines,2006,7.41339795731157
VCT,St. Vincent and the Grenadines,2005,2.83945191097459
VCT,St. Vincent and the Grenadines,2004,4.39705000606179
VCT,St. Vincent and the Grenadines,2003,6.88559351311582
VCT,St. Vincent and the Grenadines,2002,5.48525117619123
VCT,St. Vincent and the Grenadines,2001,1.78767492091447
VCT,St. Vincent and the Grenadines,2000,1.47880127546429
VCT,St. Vincent and the Grenadines,1999,2.54179354025959
VCT,St. Vincent and the Grenadines,1998,4.05432713327265
VCT,St. Vincent and the Grenadines,1997,3.48502454079123
VCT,St. Vincent and the Grenadines,1996,1.22344246518328
VCT,St. Vincent and the Grenadines,1995,7.64367574826734
VCT,St. Vincent and the Grenadines,1994,-1.40766591680416
VCT,St. Vincent and the Grenadines,1993,4.04173919943855
VCT,St. Vincent and the Grenadines,1992,6.10658038959106
VCT,St. Vincent and the Grenadines,1991,0.766079149440529
VCT,St. Vincent and the Grenadines,1990,3.64619461199149
VCT,St. Vincent and the Grenadines,1989,0.846053659284522
VCT,St. Vincent and the Grenadines,1988,13.3974088997102
VCT,St. Vincent and the Grenadines,1987,-0.219401447443673
VCT,St. Vincent and the Grenadines,1986,4.85084730919915
VCT,St. Vincent and the Grenadines,1985,5.37790770774799
VCT,St. Vincent and the Grenadines,1984,5.74601657425153
VCT,St. Vincent and the Grenadines,1983,1.33757614779626
VCT,St. Vincent and the Grenadines,1982,3.59346572905743
VCT,St. Vincent and the Grenadines,1981,3.75766171325887
VCT,St. Vincent and the Grenadines,1980,1.72020584700003
VCT,St. Vincent and the Grenadines,1979,2.67986759674284
VCT,St. Vincent and the Grenadines,1978,8.94860189060371
VCT,St. Vincent and the Grenadines,1977,12.3391084531864
VCT,St. Vincent and the Grenadines,1976,9.49334318174724
VCT,St. Vincent and the Grenadines,1975,-8.37352117877013
VCT,St. Vincent and the Grenadines,1974,-9.61281095414434
VCT,St. Vincent and the Grenadines,1973,-11.9129357594357
VCT,St. Vincent and the Grenadines,1972,24.6502503385862
VCT,St. Vincent and the Grenadines,1971,2.00291114622803
VCT,St. Vincent and the Grenadines,1970,9.70033320439487
VCT,St. Vincent and the Grenadines,1969,1.84909534523383
VCT,St. Vincent and the Grenadines,1968,5.37923629559455
VCT,St. Vincent and the Grenadines,1967,-10.5653330944492
VCT,St. Vincent and the Grenadines,1966,-1.22213531482205
VCT,St. Vincent and the Grenadines,1965,-0.42207444020724
VCT,St. Vincent and the Grenadines,1964,2.25356406476899
VCT,St. Vincent and the Grenadines,1963,-7.62810886582699
VCT,St. Vincent and the Grenadines,1962,2.07054721676397
VCT,St. Vincent and the Grenadines,1961,2.72328397163879
SDN,Sudan,2025,0.64402105445447
SDN,Sudan,2024,-14.6570236407403
SDN,Sudan,2023,-30.363173571103
SDN,Sudan,2022,-3.59800846557803
SDN,Sudan,2021,-4.47700779563793
SDN,Sudan,2020,-6.18595807947966
SDN,Sudan,2019,-5.00795943799888
SDN,Sudan,2018,-6.01716755998106
SDN,Sudan,2017,-2.71987452387332
SDN,Sudan,2016,0.369473161527822
SDN,Sudan,2015,-1.14810293147822
SDN,Sudan,2014,1.86452924090501
SDN,Sudan,2013,-0.372546263586997
SDN,Sudan,2012,-7.20056369222739
SDN,Sudan,2011,5.87200118550977
SDN,Sudan,2010,0.758886048751407
SDN,Sudan,2009,-5.81042185394722
SDN,Sudan,2008,0.693530743818769
SDN,Sudan,2007,2.69329211251048
SDN,Sudan,2006,3.55587752590014
SDN,Sudan,2005,2.75337218040758
SDN,Sudan,2004,2.38501078452138
SDN,Sudan,2003,3.47662601258492
SDN,Sudan,2002,3.04640852451755
SDN,Sudan,2001,3.51515858633522
SDN,Sudan,2000,3.37132975440942
SDN,Sudan,1999,0.524555771446217
SDN,Sudan,1998,1.8044093130267
SDN,Sudan,1997,15.5899602143833
SDN,Sudan,1996,3.52820988912499
SDN,Sudan,1995,3.22166623716427
SDN,Sudan,1994,-1.46917150041169
SDN,Sudan,1993,2.49041697350873
SDN,Sudan,1992,4.54963665240291
SDN,Sudan,1991,5.35245970415686
SDN,Sudan,1990,-7.12283677545001
SDN,Sudan,1989,7.668564257363
SDN,Sudan,1988,-1.55520909491457
SDN,Sudan,1987,12.1835557689147
SDN,Sudan,1986,3.45138115933945
SDN,Sudan,1985,-7.95923243778884
SDN,Sudan,1984,-7.06459754963682
SDN,Sudan,1983,-1.05893172428505
SDN,Sudan,1982,2.20442598047367
SDN,Sudan,1981,3.4262257716873
SDN,Sudan,1980,-2.31869961272838
SDN,Sudan,1979,-8.54925097526581
SDN,Sudan,1978,-9.30987128099154
SDN,Sudan,1977,2.78311836342399
SDN,Sudan,1976,12.8461178952248
SDN,Sudan,1975,11.9462726812769
SDN,Sudan,1974,7.40531016636297
SDN,Sudan,1973,-3.02667229625716
SDN,Sudan,1972,-8.00189707266057
SDN,Sudan,1971,-0.830443352011486
SDN,Sudan,1970,2.83319514373197
SDN,Sudan,1969,-1.54867497492742
SDN,Sudan,1968,-0.981796867696076
SDN,Sudan,1967,-1.46752671776959
SDN,Sudan,1966,-6.34670893070819
SDN,Sudan,1965,3.6113949470524
SDN,Sudan,1964,-4.01225792797402
SDN,Sudan,1963,-5.59309242466959
SDN,Sudan,1962,3.94674534576613
SDN,Sudan,1961,-2.69632481229755
SUR,Suriname,2025,0.929600141453506
SUR,Suriname,2024,0.831904608783688
SUR,Suriname,2023,1.48474163935258
SUR,Suriname,2022,1.54051769500568
SUR,Suriname,2021,-3.31629942420831
SUR,Suriname,2020,-16.8738740468232
SUR,Suriname,2019,0.12296002295291
SUR,Suriname,2018,3.93294702617604
SUR,Suriname,2017,0.547149370341614
SUR,Suriname,2016,-5.90338246401519
SUR,Suriname,2015,-4.45160318607753
SUR,Suriname,2014,-0.851471419293389
SUR,Suriname,2013,1.77805890287095
SUR,Suriname,2012,1.52880858968571
SUR,Suriname,2011,4.64182224452708
SUR,Suriname,2010,3.95347703289852
SUR,Suriname,2009,1.81540250702821
SUR,Suriname,2008,2.93593297564139
SUR,Suriname,2007,3.92006219934488
SUR,Suriname,2006,4.64814560762545
SUR,Suriname,2005,3.41538457225288
SUR,Suriname,2004,6.9146916825718
SUR,Suriname,2003,4.22968365512362
SUR,Suriname,2002,0.731583130433549
SUR,Suriname,2001,2.07621012945627
SUR,Suriname,2000,0.016412852428175
SUR,Suriname,1999,-3.40825462183219
SUR,Suriname,1998,0.211310826230431
SUR,Suriname,1997,3.52096892509446
SUR,Suriname,1996,-1.12297125235634
SUR,Suriname,1995,-1.68317016056574
SUR,Suriname,1994,2.65994989666993
SUR,Suriname,1993,-7.09224118960068
SUR,Suriname,1992,-0.2193419760994
SUR,Suriname,1991,2.07639457886468
SUR,Suriname,1990,-5.44552392165917
SUR,Suriname,1989,2.62274680251504
SUR,Suriname,1988,6.37527017499558
SUR,Suriname,1987,-7.2826049098625
SUR,Suriname,1986,-0.576612551612655
SUR,Suriname,1985,0.740327469136076
SUR,Suriname,1984,-2.78476423596697
SUR,Suriname,1983,-4.45592693253033
SUR,Suriname,1982,-4.47883522993371
SUR,Suriname,1981,7.07660943058386
SUR,Suriname,1980,-8.25942346331742
SUR,Suriname,1979,0.42663651820844
SUR,Suriname,1978,7.59613894378217
SUR,Suriname,1977,11.122084725922
SUR,Suriname,1976,9.6072667587928
SUR,Suriname,1975,3.458580155335
SUR,Suriname,1974,0.934547183339333
SUR,Suriname,1973,-1.39283071295947
SUR,Suriname,1972,-1.97089476470012
SUR,Suriname,1971,0.588938387155395
SUR,Suriname,1970,-0.693001300221226
SUR,Suriname,1969,0.999634779012808
SUR,Suriname,1968,3.97799422592615
SUR,Suriname,1967,8.3236308682562
SUR,Suriname,1966,15.1916891760893
SUR,Suriname,1965,8.16435000088789
SUR,Suriname,1964,2.36221408150745
SUR,Suriname,1963,0.934934048349433
SUR,Suriname,1962,-0.16982409436126
SUR,Suriname,1961,1.39119837734107
SWE,Sweden,2025,1.28528640204073
SWE,Sweden,2024,0.7016697822271
SWE,Sweden,2023,-0.674701257933236
SWE,Sweden,2022,0.568648782156174
SWE,Sweden,2021,4.5957806799404
SWE,Sweden,2020,-2.63997048116038
SWE,Sweden,2019,1.57332206499805
SWE,Sweden,2018,0.594886136077946
SWE,Sweden,2017,0.519214362381689
SWE,Sweden,2016,0.855975824436371
SWE,Sweden,2015,3.29020421290397
SWE,Sweden,2014,1.28579244857269
SWE,Sweden,2013,0.284298669472349
SWE,Sweden,2012,-1.14837721022437
SWE,Sweden,2011,2.38777753247983
SWE,Sweden,2010,4.85304553694191
SWE,Sweden,2009,-5.06780005582803
SWE,Sweden,2008,-1.6919565204184
SWE,Sweden,2007,2.46223270145694
SWE,Sweden,2006,4.08894162666398
SWE,Sweden,2005,2.38284512787561
SWE,Sweden,2004,3.77065163055421
SWE,Sweden,2003,1.50263999618741
SWE,Sweden,2002,1.94541903904167
SWE,Sweden,2001,1.08904749433709
SWE,Sweden,2000,4.46324425617721
SWE,Sweden,1999,4.11994996519324
SWE,Sweden,1998,4.18797877983562
SWE,Sweden,1997,3.00599147276768
SWE,Sweden,1996,1.54298849078722
SWE,Sweden,1995,3.54963299122375
SWE,Sweden,1994,3.27914084779151
SWE,Sweden,1993,-2.6328084512474
SWE,Sweden,1992,-1.73663035646904
SWE,Sweden,1991,-1.81751515509977
SWE,Sweden,1990,-0.0207591788844042
SWE,Sweden,1989,1.97219125019805
SWE,Sweden,1988,2.08876053466133
SWE,Sweden,1987,3.0095477511744
SWE,Sweden,1986,2.45277262936798
SWE,Sweden,1985,1.99177410471971
SWE,Sweden,1984,4.13486530060632
SWE,Sweden,1983,1.85451503005886
SWE,Sweden,1982,1.19077537467503
SWE,Sweden,1981,0.334436796769495
SWE,Sweden,1980,1.49373317290613
SWE,Sweden,1979,3.61364752879976
SWE,Sweden,1978,1.45573374293132
SWE,Sweden,1977,-1.9451271570977
SWE,Sweden,1976,0.691238137203413
SWE,Sweden,1975,2.14625323509338
SWE,Sweden,1974,2.89918478607277
SWE,Sweden,1973,3.78893205453909
SWE,Sweden,1972,1.98692133219636
SWE,Sweden,1971,0.252434827576778
SWE,Sweden,1970,5.48438289686888
SWE,Sweden,1969,4.27371518725217
SWE,Sweden,1968,3.05769420592496
SWE,Sweden,1967,2.57537481805572
SWE,Sweden,1966,1.12398954610136
SWE,Sweden,1965,2.84825977842331
SWE,Sweden,1964,6.0260590887647
SWE,Sweden,1963,4.73593992428525
SWE,Sweden,1962,3.68560497853166
SWE,Sweden,1961,5.18461872602253
CHE,Switzerland,2025,0.332425570126517
CHE,Switzerland,2024,0.0757783600805908
CHE,Switzerland,2023,-0.441833465877266
CHE,Switzerland,2022,2.6785993140471
CHE,Switzerland,2021,5.3665512260086
CHE,Switzerland,2020,-2.966852612279
CHE,Switzerland,2019,0.396618811151228
CHE,Switzerland,2018,2.56908414233095
CHE,Switzerland,2017,0.478338226837309
CHE,Switzerland,2016,0.804739182018849
CHE,Switzerland,2015,0.306157484449557
CHE,Switzerland,2014,1.29988872743645
CHE,Switzerland,2013,0.671837728442554
CHE,Switzerland,2012,0.05606067958675
CHE,Switzerland,2011,0.286375468408821
CHE,Switzerland,2010,2.190693084472
CHE,Switzerland,2009,-3.15259444849458
CHE,Switzerland,2008,1.23705292875356
CHE,Switzerland,2007,3.05804556705532
CHE,Switzerland,2006,3.48286502643637
CHE,Switzerland,2005,2.29468015372771
CHE,Switzerland,2004,1.88413812470986
CHE,Switzerland,2003,-1.02129563329808
CHE,Switzerland,2002,-0.376071813230695
CHE,Switzerland,2001,0.951381195545636
CHE,Switzerland,2000,3.0524783594406
CHE,Switzerland,1999,1.19629769781075
CHE,Switzerland,1998,2.47118239831801
CHE,Switzerland,1997,1.8519686097496
CHE,Switzerland,1996,0.117035851287611
CHE,Switzerland,1995,3.40110616231237
CHE,Switzerland,1994,3.18989163839343
CHE,Switzerland,1993,-2.95347094001151
CHE,Switzerland,1992,-2.24235468563295
CHE,Switzerland,1991,-2.37378939453812
CHE,Switzerland,1990,-0.274653779945453
CHE,Switzerland,1989,1.8281521245393
CHE,Switzerland,1988,1.80805116454879
CHE,Switzerland,1987,2.70669564715887
CHE,Switzerland,1986,2.15831412470149
CHE,Switzerland,1985,1.7103881437899
CHE,Switzerland,1984,3.85590625214911
CHE,Switzerland,1983,1.46463658730383
CHE,Switzerland,1982,0.658802058071629
CHE,Switzerland,1981,-0.0932222528927724
CHE,Switzerland,1980,1.29694752448594
CHE,Switzerland,1979,3.63169202292224
CHE,Switzerland,1978,1.74241229423005
CHE,Switzerland,1977,-1.26209299446187
CHE,Switzerland,1976,1.63740262405709
CHE,Switzerland,1975,2.59772699632505
CHE,Switzerland,1974,2.64394560252121
CHE,Switzerland,1973,3.20328892545281
CHE,Switzerland,1972,1.51177350214549
CHE,Switzerland,1971,0.416284611184324
CHE,Switzerland,1970,5.70727554651806
CHE,Switzerland,1969,3.83390680196538
CHE,Switzerland,1968,2.34161411156227
CHE,Switzerland,1967,2.09254438490878
CHE,Switzerland,1966,1.02939647140381
CHE,Switzerland,1965,2.62942914382312
CHE,Switzerland,1964,5.06860254734538
CHE,Switzerland,1963,3.10027245296509
CHE,Switzerland,1962,1.64928603587735
CHE,Switzerland,1961,3.61081769500386
SYR,Syrian Arab Republic,2022,-3.90490484495091
SYR,Syrian Arab Republic,2021,-0.937128678948227
SYR,Syrian Arab Republic,2020,-2.38265909697594
SYR,Syrian Arab Republic,2019,-2.63687243879127
SYR,Syrian Arab Republic,2018,-0.435862757259983
SYR,Syrian Arab Republic,2017,-0.882573823971697
SYR,Syrian Arab Republic,2016,-5.28031989569315
SYR,Syrian Arab Republic,2015,0.00856895832579596
SYR,Syrian Arab Republic,2014,-4.14663713207196
SYR,Syrian Arab Republic,2013,-22.5829559975445
SYR,Syrian Arab Republic,2012,-25.9559180044911
SYR,Syrian Arab Republic,2011,1.07142470619088
SYR,Syrian Arab Republic,2010,2.82658329617919
SYR,Syrian Arab Republic,2009,4.27180111202605
SYR,Syrian Arab Republic,2008,0.843314302451219
SYR,Syrian Arab Republic,2007,-0.635666608517582
SYR,Syrian Arab Republic,2006,0.643827556100021
SYR,Syrian Arab Republic,2005,3.52136747526863
SYR,Syrian Arab Republic,2004,4.29318307609483
SYR,Syrian Arab Republic,2003,-1.77628168914023
SYR,Syrian Arab Republic,2002,5.28381353041894
SYR,Syrian Arab Republic,2001,1.27668700084639
SYR,Syrian Arab Republic,2000,-1.80421522520456
SYR,Syrian Arab Republic,1999,-5.97618190709545
SYR,Syrian Arab Republic,1998,4.06598851033671
SYR,Syrian Arab Republic,1997,2.30284558838696
SYR,Syrian Arab Republic,1996,6.89088933598605
SYR,Syrian Arab Republic,1995,4.03755108447395
SYR,Syrian Arab Republic,1994,4.09745194329328
SYR,Syrian Arab Republic,1993,2.99526601339912
SYR,Syrian Arab Republic,1992,9.55674328354266
SYR,Syrian Arab Republic,1991,4.33538047795443
SYR,Syrian Arab Republic,1990,0.439572643041046
SYR,Syrian Arab Republic,1989,-16.4606695006472
SYR,Syrian Arab Republic,1988,14.0714371824984
SYR,Syrian Arab Republic,1987,-1.76469801300779
SYR,Syrian Arab Republic,1986,-11.108256603454
SYR,Syrian Arab Republic,1985,5.57112088824223
SYR,Syrian Arab Republic,1984,-10.7951298651331
SYR,Syrian Arab Republic,1983,-1.11242129225163
SYR,Syrian Arab Republic,1982,-0.564609484362705
SYR,Syrian Arab Republic,1981,4.23502768554964
SYR,Syrian Arab Republic,1980,10.7274172750547
SYR,Syrian Arab Republic,1979,-2.47983251594501
SYR,Syrian Arab Republic,1978,6.23626397704619
SYR,Syrian Arab Republic,1977,-5.11532068218789
SYR,Syrian Arab Republic,1976,8.47847475216967
SYR,Syrian Arab Republic,1975,12.4671546949023
SYR,Syrian Arab Republic,1974,21.6295639641609
SYR,Syrian Arab Republic,1973,-13.44091594747
SYR,Syrian Arab Republic,1972,21.4647371576731
SYR,Syrian Arab Republic,1971,5.36443569936664
SYR,Syrian Arab Republic,1970,-4.958800136859
SYR,Syrian Arab Republic,1969,14.9900622800132
SYR,Syrian Arab Republic,1968,0.457907840444676
SYR,Syrian Arab Republic,1967,4.87075400157171
SYR,Syrian Arab Republic,1966,-10.519980670235
SYR,Syrian Arab Republic,1965,-0.828367586194517
SYR,Syrian Arab Republic,1964,5.98187100656062
SYR,Syrian Arab Republic,1963,-11.3540724715268
SYR,Syrian Arab Republic,1962,20.9088452912335
SYR,Syrian Arab Republic,1961,7.56556564549535
TJK,Tajikistan,2025,6.43226137350786
TJK,Tajikistan,2024,6.34141937002055
TJK,Tajikistan,2023,6.13628181088259
TJK,Tajikistan,2022,5.71622455034235
TJK,Tajikistan,2021,7.01157366120653
TJK,Tajikistan,2020,2.05116680370303
TJK,Tajikistan,2019,4.89098971791482
TJK,Tajikistan,2018,5.04059320866072
TJK,Tajikistan,2017,4.50305161526772
TJK,Tajikistan,2016,4.2256886170877
TJK,Tajikistan,2015,3.34193519398252
TJK,Tajikistan,2014,4.0554323883913
TJK,Tajikistan,2013,4.75131202806213
TJK,Tajikistan,2012,4.96076448659319
TJK,Tajikistan,2011,5.0303552095006
TJK,Tajikistan,2010,4.24657467143167
TJK,Tajikistan,2009,1.79394759926346
TJK,Tajikistan,2008,5.78378645390583
TJK,Tajikistan,2007,5.74856457778455
TJK,Tajikistan,2006,4.98592039180348
TJK,Tajikistan,2005,4.63258511919481
TJK,Tajikistan,2004,8.15635551136702
TJK,Tajikistan,2003,8.88444644359714
TJK,Tajikistan,2002,8.69157571922234
TJK,Tajikistan,2001,7.48337681079825
TJK,Tajikistan,2000,7.00808967496647
TJK,Tajikistan,1999,3.1654997926537
TJK,Tajikistan,1998,4.68935188724895
TJK,Tajikistan,1997,0.466665814442905
TJK,Tajikistan,1996,-18.3194300083395
TJK,Tajikistan,1995,-14.2304868196184
TJK,Tajikistan,1994,-22.6560518622999
TJK,Tajikistan,1993,-17.5038570568868
TJK,Tajikistan,1992,-30.3597640189133
TJK,Tajikistan,1991,-9.48799907614494
TJK,Tajikistan,1990,-3.02147591045924
TJK,Tajikistan,1989,-9.2027986325589
TJK,Tajikistan,1988,9.98241159562197
TJK,Tajikistan,1987,-4.53903608213079
TJK,Tajikistan,1986,0.178726963700981
TZA,Tanzania,2025,2.89095957066445
TZA,Tanzania,2024,2.5538482690819
TZA,Tanzania,2023,2.08099243052513
TZA,Tanzania,2022,1.54299792361155
TZA,Tanzania,2021,1.25401761079502
TZA,Tanzania,2020,-0.998987836780785
TZA,Tanzania,2019,2.71005881950599
TZA,Tanzania,2018,2.24213027557943
TZA,Tanzania,2017,3.23688527604725
TZA,Tanzania,2016,3.30400665890222
TZA,Tanzania,2015,2.77038211960942
TZA,Tanzania,2014,3.51147946313948
TZA,Tanzania,2013,3.62722794168234
TZA,Tanzania,2012,1.53892032694513
TZA,Tanzania,2011,4.70485004341454
TZA,Tanzania,2010,3.67041498018565
TZA,Tanzania,2009,2.70936589724377
TZA,Tanzania,2008,2.87353898673082
TZA,Tanzania,2007,3.83493311688827
TZA,Tanzania,2006,3.59554927104524
TZA,Tanzania,2005,4.54018649750061
TZA,Tanzania,2004,4.63163110389122
TZA,Tanzania,2003,3.89344253690891
TZA,Tanzania,2002,4.36368727532306
TZA,Tanzania,2001,3.25057961835962
TZA,Tanzania,2000,1.59942658531416
TZA,Tanzania,1999,2.09994947542917
TZA,Tanzania,1998,1.02063893946291
TZA,Tanzania,1997,1.45902793566377
TZA,Tanzania,1996,2.65168980698766
TZA,Tanzania,1995,0.368447209863618
TZA,Tanzania,1994,-2.2538960665397
TZA,Tanzania,1993,-1.91363289102119
TZA,Tanzania,1992,-1.88980012132932
TZA,Tanzania,1991,-0.476012505289418
TZA,Tanzania,1990,4.29914682952561
TZA,Tanzania,1989,1.04190402239107
TZA,Tanzania,1988,4.05865766192876
TZA,Tanzania,1987,1.43674931403181
TZA,Tanzania,1986,2.06538325839534
TZA,Tanzania,1985,-2.00228811171158
TZA,Tanzania,1984,1.31693001082563
TZA,Tanzania,1983,-3.60684190525168
TZA,Tanzania,1982,-3.36181308289295
TZA,Tanzania,1981,-3.95231796044236
TZA,Tanzania,1980,-0.457883680216497
TZA,Tanzania,1979,-0.888768440167638
TZA,Tanzania,1978,-1.45745486342815
TZA,Tanzania,1977,-3.50614020675627
TZA,Tanzania,1976,-0.384282770194559
TZA,Tanzania,1975,0.27319379109008
TZA,Tanzania,1974,-1.50567320144003
TZA,Tanzania,1973,2.43676823950976
TZA,Tanzania,1972,3.35827260093498
TZA,Tanzania,1971,0.340962028441297
TZA,Tanzania,1970,-48.2432962445813
TZA,Tanzania,1969,-0.180957706840218
TZA,Tanzania,1968,2.89538549556431
TZA,Tanzania,1967,2.3000808793737
TZA,Tanzania,1966,8.27635669117299
TZA,Tanzania,1965,1.24488509828716
TZA,Tanzania,1964,2.39831571340237
TZA,Tanzania,1963,3.19237972681053
TZA,Tanzania,1962,5.97740269532787
TZA,Tanzania,1961,-1.70554379832981
THA,Thailand,2025,2.51134361626457
THA,Thailand,2024,2.99804874211011
THA,Thailand,2023,2.2957417568134
THA,Thailand,2022,2.62640014696653
THA,Thailand,2021,1.43703031357769
THA,Thailand,2020,-6.24932633137992
THA,Thailand,2019,1.90583495758329
THA,Thailand,2018,3.90762624173355
THA,Thailand,2017,3.73797800283087
THA,Thailand,2016,2.96944155296718
THA,Thailand,2015,2.65971785318402
THA,Thailand,2014,0.45053655380589
THA,Thailand,2013,2.08615316028128
THA,Thailand,2012,6.58038336266074
THA,Thailand,2011,0.215045559628464
THA,Thailand,2010,6.79479928649167
THA,Thailand,2009,-1.42135866699509
THA,Thailand,2008,0.947280170156503
THA,Thailand,2007,4.5949892120282
THA,Thailand,2006,4.10011779691514
THA,Thailand,2005,3.29537578511341
THA,Thailand,2004,5.34116205951062
THA,Thailand,2003,6.19493623168337
THA,Thailand,2002,5.13275009732257
THA,Thailand,2001,2.39873161764822
THA,Thailand,2000,3.28023479514871
THA,Thailand,1999,3.26905660525905
THA,Thailand,1998,-8.8321682116602
THA,Thailand,1997,-4.04196098576827
THA,Thailand,1996,4.20287810846418
THA,Thailand,1995,6.58833087971311
THA,Thailand,1994,6.41647263711154
THA,Thailand,1993,6.59374093147665
THA,Thailand,1992,6.37902716428354
THA,Thailand,1991,6.80395089988883
THA,Thailand,1990,9.36095058683009
THA,Thailand,1989,10.35841929704
THA,Thailand,1988,11.3728951000104
THA,Thailand,1987,7.63396585259409
THA,Thailand,1986,3.66333574867296
THA,Thailand,1985,2.73408972179925
THA,Thailand,1984,3.76302695681466
THA,Thailand,1983,3.55915648301884
THA,Thailand,1982,3.31444196924878
THA,Thailand,1981,3.80165524247921
THA,Thailand,1980,3.02724612072593
THA,Thailand,1979,3.18164886756369
THA,Thailand,1978,7.91547390497311
THA,Thailand,1977,7.41433782057813
THA,Thailand,1976,6.8308752520809
THA,Thailand,1975,2.43943932802959
THA,Thailand,1974,1.83817200002865
THA,Thailand,1973,7.36684534091006
THA,Thailand,1972,1.53906301677233
THA,Thailand,1971,2.10389450364397
THA,Thailand,1970,8.36939169485768
THA,Thailand,1969,3.59174783582577
THA,Thailand,1968,5.05450320125441
THA,Thailand,1967,5.4870486349994
THA,Thailand,1966,7.87836182492524
THA,Thailand,1965,4.99623941342099
THA,Thailand,1964,3.68665217687901
THA,Thailand,1963,4.8297234498835
THA,Thailand,1962,4.41722137266704
THA,Thailand,1961,2.31911469387343
TLS,Timor-Leste,2025,5.62707069855799
TLS,Timor-Leste,2024,-10.161913191806
TLS,Timor-Leste,2023,-19.0224447249042
TLS,Timor-Leste,2022,-21.6343453654996
TLS,Timor-Leste,2021,3.49004138285764
TLS,Timor-Leste,2020,29.2315955694561
TLS,Timor-Leste,2019,21.8272465527765
TLS,Timor-Leste,2018,-2.35863547850684
TLS,Timor-Leste,2017,-4.99167838514208
TLS,Timor-Leste,2016,1.06590239668736
TLS,Timor-Leste,2015,0.504814158346647
TLS,Timor-Leste,2014,2.42106298884939
TLS,Timor-Leste,2013,0.985677294077263
TLS,Timor-Leste,2012,2.58043451319878
TLS,Timor-Leste,2011,3.52215453909612
TLS,Timor-Leste,2010,6.72117634373186
TLS,Timor-Leste,2009,7.40540545946205
TLS,Timor-Leste,2008,8.42335310945737
TLS,Timor-Leste,2007,7.16093774359759
TLS,Timor-Leste,2006,-6.89325891273231
TLS,Timor-Leste,2005,0.89548190695325
TLS,Timor-Leste,2004,-0.91795179907021
TLS,Timor-Leste,2003,-6.20634059530958
TLS,Timor-Leste,2002,-13.801409240961
TLS,Timor-Leste,2001,6.72745754298086
TLS,Timor-Leste,2000,77.089568536025
TLS,Timor-Leste,1999,-27.1136472308212
TLS,Timor-Leste,1998,-4.63535853017653
TLS,Timor-Leste,1997,1.1763426433297
TLS,Timor-Leste,1996,5.06129450080917
TLS,Timor-Leste,1995,3.77468913704429
TLS,Timor-Leste,1994,4.19821471942177
TLS,Timor-Leste,1993,7.23725954144756
TLS,Timor-Leste,1992,7.55195553736829
TLS,Timor-Leste,1991,8.16321368133181
TGO,Togo,2025,4.02034813190872
TGO,Togo,2024,4.2112681850039
TGO,Togo,2023,4.19303539209972
TGO,Togo,2022,4.54969714998951
TGO,Togo,2021,3.17336186086668
TGO,Togo,2020,-0.0464136395853814
TGO,Togo,2019,2.69276787668153
TGO,Togo,2018,2.9148797520469
TGO,Togo,2017,2.2541566874758
TGO,Togo,2016,2.34242089940982
TGO,Togo,2015,3.47161387733128
TGO,Togo,2014,3.51991609433983
TGO,Togo,2013,3.56529836692911
TGO,Togo,2012,3.8561464321063
TGO,Togo,2011,2.97777711687345
TGO,Togo,2010,2.59389115844033
TGO,Togo,2009,2.10306444374237
TGO,Togo,2008,0.746106675039186
TGO,Togo,2007,-4.24863179214107
TGO,Togo,2006,-0.234381611784201
TGO,Togo,2005,-6.98809238817357
TGO,Togo,2004,-3.36373306965925
TGO,Togo,2003,4.090903606192
TGO,Togo,2002,1.28656075137106
TGO,Togo,2001,-1.65229608385683
TGO,Togo,2000,-3.23018836054855
TGO,Togo,1999,-0.0248348481097906
TGO,Togo,1998,-4.72199073964951
TGO,Togo,1997,10.5725750027269
TGO,Togo,1996,4.25346716899855
TGO,Togo,1995,2.43400726866187
TGO,Togo,1994,14.5050417533563
TGO,Togo,1993,-14.1217159206373
TGO,Togo,1992,-6.66514350732382
TGO,Togo,1991,-3.52144278864982
TGO,Togo,1990,-3.12037753616558
TGO,Togo,1989,1.0199978557546
TGO,Togo,1988,3.47706755867144
TGO,Togo,1987,-2.48578325768621
TGO,Togo,1986,-1.55079575941235
TGO,Togo,1985,2.62151040982745
TGO,Togo,1984,3.08584007682764
TGO,Togo,1983,-7.64138430495393
TGO,Togo,1982,-6.25884242574811
TGO,Togo,1981,-6.27109331620811
TGO,Togo,1980,11.4139696666403
TGO,Togo,1979,-7.53817437587806
TGO,Togo,1978,8.42226246650506
TGO,Togo,1977,4.454968927688
TGO,Togo,1976,-4.36845078873084
TGO,Togo,1975,-0.0335362005597801
TGO,Togo,1974,2.22621174416457
TGO,Togo,1973,1.151450719471
TGO,Togo,1972,4.60746681243877
TGO,Togo,1971,-3.16907721596196
TGO,Togo,1970,-2.5345686654245
TGO,Togo,1969,5.95524867195734
TGO,Togo,1968,2.83244012096687
TGO,Togo,1967,3.33412047127418
TGO,Togo,1966,7.19536217007217
TGO,Togo,1965,13.1840923131391
TGO,Togo,1964,12.1051002674144
TGO,Togo,1963,3.08937266234462
TGO,Togo,1962,1.96269088245819
TGO,Togo,1961,10.2189069515129
TON,Tonga,2025,3.22906826550479
TON,Tonga,2024,2.12857915244764
TON,Tonga,2023,3.22746003661523
TON,Tonga,2022,-1.71113087341446
TON,Tonga,2021,-0.733953666451555
TON,Tonga,2020,1.77247777065416
TON,Tonga,2019,-0.381463313423794
TON,Tonga,2018,0.32690003061127
TON,Tonga,2017,3.36688551758677
TON,Tonga,2016,7.17551408749179
TON,Tonga,2015,1.6036112602154
TON,Tonga,2014,2.43921991317512
TON,Tonga,2013,0.752077131516813
TON,Tonga,2012,1.02306619626815
TON,Tonga,2011,6.53506653770044
TON,Tonga,2010,0.639458308941471
TON,Tonga,2009,-5.29112664808726
TON,Tonga,2008,4.57476736236848
TON,Tonga,2007,-2.89657717629593
TON,Tonga,2006,-2.70155026186355
TON,Tonga,2005,-1.22171662108754
TON,Tonga,2004,-2.53428308034319
TON,Tonga,2003,-0.5132750153019
TON,Tonga,2002,3.84009133315611
TON,Tonga,2001,0.8921026437352
TON,Tonga,2000,3.1164781634571
TON,Tonga,1999,1.64280890829436
TON,Tonga,1998,1.57220624694287
TON,Tonga,1997,-0.994486483653645
TON,Tonga,1996,0.0430089681125168
TON,Tonga,1995,6.16562631440283
TON,Tonga,1994,4.88651073265973
TON,Tonga,1993,3.65411673840201
TON,Tonga,1992,0.124681393866538
TON,Tonga,1991,6.20722629218118
TON,Tonga,1990,-2.33589597538769
TON,Tonga,1989,-0.0484020966826932
TON,Tonga,1988,-2.46977372168573
TON,Tonga,1987,2.60248790524267
TON,Tonga,1986,2.09157092326771
TON,Tonga,1985,6.56498859822842
TON,Tonga,1984,1.74669804353218
TON,Tonga,1983,1.96367086898887
TON,Tonga,1982,4.66536595264775
TTO,Trinidad and Tobago,2025,-0.746495546326813
TTO,Trinidad and Tobago,2024,2.44755276913735
TTO,Trinidad and Tobago,2023,1.33995194217194
TTO,Trinidad and Tobago,2022,0.990715463329252
TTO,Trinidad and Tobago,2021,-0.777215541824603
TTO,Trinidad and Tobago,2020,-8.97165770967038
TTO,Trinidad and Tobago,2019,0.114767755861862
TTO,Trinidad and Tobago,2018,-1.13201603020309
TTO,Trinidad and Tobago,2017,-5.06473832096466
TTO,Trinidad and Tobago,2016,-7.82511237114002
TTO,Trinidad and Tobago,2015,-0.725356979544244
TTO,Trinidad and Tobago,2014,3.3020638436403
TTO,Trinidad and Tobago,2013,2.95466061754502
TTO,Trinidad and Tobago,2012,6.13730928249969
TTO,Trinidad and Tobago,2011,-1.06803812728484
TTO,Trinidad and Tobago,2010,2.72667409792857
TTO,Trinidad and Tobago,2009,-4.50258208171535
TTO,Trinidad and Tobago,2008,2.96516094023625
TTO,Trinidad and Tobago,2007,4.33268105297186
TTO,Trinidad and Tobago,2006,12.9071459292893
TTO,Trinidad and Tobago,2005,10.3839653520046
TTO,Trinidad and Tobago,2004,7.41478653453842
TTO,Trinidad and Tobago,2003,13.868403750776
TTO,Trinidad and Tobago,2002,7.41453370120124
TTO,Trinidad and Tobago,2001,3.71328614066861
TTO,Trinidad and Tobago,2000,6.49101487437005
TTO,Trinidad and Tobago,1999,7.65646569196778
TTO,Trinidad and Tobago,1998,7.76236764753639
TTO,Trinidad and Tobago,1997,7.1187287096166
TTO,Trinidad and Tobago,1996,6.66021028344292
TTO,Trinidad and Tobago,1995,3.2626377788537
TTO,Trinidad and Tobago,1994,2.93412495729879
TTO,Trinidad and Tobago,1993,-1.35114548259963
TTO,Trinidad and Tobago,1992,9.27027370604701
TTO,Trinidad and Tobago,1991,2.29848572718151
TTO,Trinidad and Tobago,1990,0.649239418538244
TTO,Trinidad and Tobago,1989,-1.75092762977258
TTO,Trinidad and Tobago,1988,-4.91210732813988
TTO,Trinidad and Tobago,1987,-5.67815808738371
TTO,Trinidad and Tobago,1986,-4.54597091541925
TTO,Trinidad and Tobago,1985,-5.28077545303297
TTO,Trinidad and Tobago,1984,-6.75126185963548
TTO,Trinidad and Tobago,1983,-11.2747452258963
TTO,Trinidad and Tobago,1982,2.64235227595077
TTO,Trinidad and Tobago,1981,3.3438016346711
TTO,Trinidad and Tobago,1980,9.00273729982064
TTO,Trinidad and Tobago,1979,2.26569888548262
TTO,Trinidad and Tobago,1978,8.62530098175502
TTO,Trinidad and Tobago,1977,7.78318215675544
TTO,Trinidad and Tobago,1976,5.12366663845437
TTO,Trinidad and Tobago,1975,0.253836342343689
TTO,Trinidad and Tobago,1974,2.51993453618269
TTO,Trinidad and Tobago,1973,0.377619149736887
TTO,Trinidad and Tobago,1972,4.49462472021649
TTO,Trinidad and Tobago,1971,-0.0797310915841081
TTO,Trinidad and Tobago,1970,2.40950840841683
TTO,Trinidad and Tobago,1969,1.50508895757918
TTO,Trinidad and Tobago,1968,3.84833046755104
TTO,Trinidad and Tobago,1967,0.604197669267307
TTO,Trinidad and Tobago,1966,2.45536505352028
TTO,Trinidad and Tobago,1965,-0.98310619137763
TTO,Trinidad and Tobago,1964,5.72549239960505
TTO,Trinidad and Tobago,1963,3.64865998448745
TTO,Trinidad and Tobago,1962,0.752266670830878
TTO,Trinidad and Tobago,1961,11.6323866787764
TUN,Tunisia,2025,1.89995917167896
TUN,Tunisia,2024,0.979801739421518
TUN,Tunisia,2023,-0.481913639518325
TUN,Tunisia,2022,2.15276458662672
TUN,Tunisia,2021,4.08785924151975
TUN,Tunisia,2020,-9.72752601384167
TUN,Tunisia,2019,0.613127731689971
TUN,Tunisia,2018,1.60391587948506
TUN,Tunisia,2017,1.18340493178839
TUN,Tunisia,2016,0.00849827158573646
TUN,Tunisia,2015,-0.165402101671091
TUN,Tunisia,2014,1.87486431059185
TUN,Tunisia,2013,1.2189966874892
TUN,Tunisia,2012,3.04657312459409
TUN,Tunisia,2011,-3.1268978636142
TUN,Tunisia,2010,1.86835635362381
TUN,Tunisia,2009,1.99812423215356
TUN,Tunisia,2008,3.23983058347032
TUN,Tunisia,2007,5.73567938504127
TUN,Tunisia,2006,4.31907482857264
TUN,Tunisia,2005,2.58534081098441
TUN,Tunisia,2004,5.24794746880204
TUN,Tunisia,2003,3.66160593216975
TUN,Tunisia,2002,0.287760873614303
TUN,Tunisia,2001,2.6947331733366
TUN,Tunisia,2000,3.54145974209786
TUN,Tunisia,1999,4.79928371775667
TUN,Tunisia,1998,3.46159826406904
TUN,Tunisia,1997,4.02139832385444
TUN,Tunisia,1996,5.61085297467285
TUN,Tunisia,1995,0.756163865617296
TUN,Tunisia,1994,1.34172547583501
TUN,Tunisia,1993,0.166338940851446
TUN,Tunisia,1992,5.56226775420092
TUN,Tunisia,1991,1.73746449049477
TUN,Tunisia,1990,5.70836371358358
TUN,Tunisia,1989,-0.465310452566683
TUN,Tunisia,1988,-2.24256270348137
TUN,Tunisia,1987,4.10319522235456
TUN,Tunisia,1986,-3.91587698845028
TUN,Tunisia,1985,2.94161034300467
TUN,Tunisia,1984,3.31393972186763
TUN,Tunisia,1983,2.52770011744421
TUN,Tunisia,1982,-2.65936763686149
TUN,Tunisia,1981,3.13957512777445
TUN,Tunisia,1980,4.98333628920737
TUN,Tunisia,1979,4.14070902700396
TUN,Tunisia,1978,3.85159431831777
TUN,Tunisia,1977,0.741174867485213
TUN,Tunisia,1976,5.03949251485865
TUN,Tunisia,1975,4.31926073788047
TUN,Tunisia,1974,5.27186323831654
TUN,Tunisia,1973,-3.17871622274407
TUN,Tunisia,1972,14.7994759399209
TUN,Tunisia,1971,7.82307689165729
TUN,Tunisia,1970,2.08523998611466
TUN,Tunisia,1969,2.13580555233803
TUN,Tunisia,1968,7.71891088679536
TUN,Tunisia,1967,-2.12453567816645
TUN,Tunisia,1966,1.43344178523851
TUN,Tunisia,1965,-4.06477764973445
TUN,Tunisia,1964,-6.0079353248876
TUN,Tunisia,1963,-11.9033709934457
TUN,Tunisia,1962,-5.7443578705971
TUR,Turkiye,2025,3.17044473186495
TUR,Turkiye,2024,3.09479882124933
TUR,Turkiye,2023,4.61909774991381
TUR,Turkiye,2022,4.40815937187469
TUR,Turkiye,2021,10.797736075363
TUR,Turkiye,2020,0.819957444576985
TUR,Turkiye,2019,-0.136378469205951
TUR,Turkiye,2018,2.07704135618785
TUR,Turkiye,2017,6.43664614092381
TUR,Turkiye,2016,1.9428315705164
TUR,Turkiye,2015,4.4033792666971
TUR,Turkiye,2014,3.19911298885714
TUR,Turkiye,2013,7.10372830173409
TUR,Turkiye,2012,3.48010432023058
TUR,Turkiye,2011,9.36292358017863
TUR,Turkiye,2010,6.90544093016851
TUR,Turkiye,2009,-6.18658127732729
TUR,Turkiye,2008,-0.349081731358567
TUR,Turkiye,2007,4.93924794926627
TUR,Turkiye,2006,5.97350417809075
TUR,Turkiye,2005,7.95177362643042
TUR,Turkiye,2004,8.70602046453412
TUR,Turkiye,2003,4.57792705344551
TUR,Turkiye,2002,5.15974085311868
TUR,Turkiye,2001,-6.62846843803128
TUR,Turkiye,2000,5.62145840894716
TUR,Turkiye,1999,-4.33986843724782
TUR,Turkiye,1998,0.499222307705665
TUR,Turkiye,1997,5.81746162836372
TUR,Turkiye,1996,5.55499104784674
TUR,Turkiye,1995,6.12697954674321
TUR,Turkiye,1994,-6.31116935634827
TUR,Turkiye,1993,5.81013071318085
TUR,Turkiye,1992,3.26017406071585
TUR,Turkiye,1991,-1.03629423592855
TUR,Turkiye,1990,7.23962032231525
TUR,Turkiye,1989,-1.65638739150337
TUR,Turkiye,1988,0.297547033553357
TUR,Turkiye,1987,7.27713021223573
TUR,Turkiye,1986,4.75790899777842
TUR,Turkiye,1985,1.95228450972105
TUR,Turkiye,1984,4.28679512122811
TUR,Turkiye,1983,2.53286113263376
TUR,Turkiye,1982,1.37276997412432
TUR,Turkiye,1981,2.79131786896878
TUR,Turkiye,1980,-4.37737072341045
TUR,Turkiye,1979,-2.55562416060116
TUR,Turkiye,1978,-0.525036952127351
TUR,Turkiye,1977,1.29538784457235
TUR,Turkiye,1976,8.22860272296013
TUR,Turkiye,1975,4.97364195842398
TUR,Turkiye,1974,3.28170101269221
TUR,Turkiye,1973,0.901130367305143
TUR,Turkiye,1972,4.87752239463101
TUR,Turkiye,1971,3.09021412401125
TUR,Turkiye,1970,0.836579489623062
TUR,Turkiye,1969,1.56230666179115
TUR,Turkiye,1968,4.11398596040773
TUR,Turkiye,1967,2.04810309423178
TUR,Turkiye,1966,8.42240435488502
TUR,Turkiye,1965,0.273548786584698
TUR,Turkiye,1964,2.73012312351202
TUR,Turkiye,1963,6.18871069931318
TUR,Turkiye,1962,2.75920742312093
TUR,Turkiye,1961,-1.58598491590956
TKM,Turkmenistan,2025,4.56505264866701
TKM,Turkmenistan,2024,4.43792563432616
TKM,Turkmenistan,2023,4.38073247443103
TKM,Turkmenistan,2022,4.20504344934773
TKM,Turkmenistan,2021,4.02379198709588
TKM,Turkmenistan,2020,3.64707009830416
TKM,Turkmenistan,2019,4.0121953580019
TKM,Turkmenistan,2018,3.83691417565801
TKM,Turkmenistan,2017,4.04622979985758
TKM,Turkmenistan,2016,3.81940190706788
TKM,Turkmenistan,2015,4.04654007021054
TKM,Turkmenistan,2014,7.88052305867335
TKM,Turkmenistan,2013,7.73686051793135
TKM,Turkmenistan,2012,8.65854927877794
TKM,Turkmenistan,2011,12.3150963498324
TKM,Turkmenistan,2010,6.98701643093588
TKM,Turkmenistan,2009,4.02604908682306
TKM,Turkmenistan,2008,12.5329864956381
TKM,Turkmenistan,2007,9.0062665732903
TKM,Turkmenistan,2006,8.92835363724222
TKM,Turkmenistan,2005,10.9273056968375
TKM,Turkmenistan,2004,3.00488642265209
TKM,Turkmenistan,2003,1.26454248184965
TKM,Turkmenistan,2002,-1.71993679067228
TKM,Turkmenistan,2001,2.27429100739747
TKM,Turkmenistan,2000,3.38607027341378
TKM,Turkmenistan,1999,14.382150150155
TKM,Turkmenistan,1998,5.30847915383077
TKM,Turkmenistan,1997,-12.8895820479367
TKM,Turkmenistan,1996,4.88281198501517
TKM,Turkmenistan,1995,-8.85049826525425
TKM,Turkmenistan,1994,-18.9924697791888
TKM,Turkmenistan,1993,-0.707955622795879
TKM,Turkmenistan,1992,-16.8801033874648
TKM,Turkmenistan,1991,-6.96377488751955
TKM,Turkmenistan,1990,31.8527372518528
TKM,Turkmenistan,1989,-6.95047420490631
TKM,Turkmenistan,1988,7.69755768557003
TCA,Turks and Caicos Islands,2024,4.87181797375062
TCA,Turks and Caicos Islands,2023,12.8670493869653
TCA,Turks and Caicos Islands,2022,12.5841107323701
TCA,Turks and Caicos Islands,2021,27.1739181653097
TCA,Turks and Caicos Islands,2020,-35.6362101547339
TCA,Turks and Caicos Islands,2019,1.07340727929571
TCA,Turks and Caicos Islands,2018,2.52456646348665
TCA,Turks and Caicos Islands,2017,67.5979946960904
TCA,Turks and Caicos Islands,2016,2.46456149346457
TCA,Turks and Caicos Islands,2015,6.58611583730091
TCA,Turks and Caicos Islands,2014,4.37835200669825
TCA,Turks and Caicos Islands,2013,-3.51219274120511
TCA,Turks and Caicos Islands,2012,-6.54753243910046
TCA,Turks and Caicos Islands,2011,0.865882697036824
TCA,Turks and Caicos Islands,2010,-2.92353368570767
TCA,Turks and Caicos Islands,2009,-22.8174275175901
TCA,Turks and Caicos Islands,2008,3.70447487476251
TUV,Tuvalu,2025,3.28836017215532
TUV,Tuvalu,2024,5.21196104822583
TUV,Tuvalu,2023,5.36467493101129
TUV,Tuvalu,2022,-9.13699709767813
TUV,Tuvalu,2021,2.01098685501276
TUV,Tuvalu,2020,-1.33317014747919
TUV,Tuvalu,2019,15.2691969832959
TUV,Tuvalu,2018,2.49947603859147
TUV,Tuvalu,2017,3.84759945752347
TUV,Tuvalu,2016,5.09284757758506
TUV,Tuvalu,2015,9.58848297832067
TUV,Tuvalu,2014,1.82457678390588
TUV,Tuvalu,2013,3.17281381465209
TUV,Tuvalu,2012,-4.22103363025631
TUV,Tuvalu,2011,5.86441985622457
TUV,Tuvalu,2010,-3.87417505668408
TUV,Tuvalu,2009,-6.88301475325463
TUV,Tuvalu,2008,5.14382444282117
TUV,Tuvalu,2007,5.58254169285016
TUV,Tuvalu,2006,0.132490287100808
TUV,Tuvalu,2005,-4.94739499399469
TUV,Tuvalu,2004,-3.09754623680732
TUV,Tuvalu,2003,-5.06112563653929
TUV,Tuvalu,2002,7.90086559181067
TUV,Tuvalu,2001,0.254445930596376
TUV,Tuvalu,2000,-1.42326451721122
TUV,Tuvalu,1999,-2.03034363495608
TUV,Tuvalu,1998,14.8778924542227
TUV,Tuvalu,1997,9.3245589994677
TUV,Tuvalu,1996,-6.58547612978641
TUV,Tuvalu,1995,-5.75172304445364
TUV,Tuvalu,1994,9.31314182840417
TUV,Tuvalu,1993,3.10690611589052
TUV,Tuvalu,1992,1.53776356935819
TUV,Tuvalu,1991,2.10053660152016
TUV,Tuvalu,1990,13.5925095299892
TUV,Tuvalu,1989,-3.57784941432216
TUV,Tuvalu,1988,17.2480490971992
TUV,Tuvalu,1987,10.1917274144543
TUV,Tuvalu,1986,20.0344284837001
TUV,Tuvalu,1985,-3.59196246607402
TUV,Tuvalu,1984,5.9242845170042
TUV,Tuvalu,1983,7.22476185838264
TUV,Tuvalu,1982,-17.5214602045412
TUV,Tuvalu,1981,0.41905785085163
TUV,Tuvalu,1980,-3.09451195025002
TUV,Tuvalu,1979,-3.54406005251641
TUV,Tuvalu,1978,-5.65647811932403
TUV,Tuvalu,1977,-7.80145977168307
TUV,Tuvalu,1976,-5.28879808186031
TUV,Tuvalu,1975,-6.25647277182856
TUV,Tuvalu,1974,-4.05930910499075
TUV,Tuvalu,1973,-1.74060832291681
TUV,Tuvalu,1972,-2.07058358034494
TUV,Tuvalu,1971,-1.9645531516405
UGA,Uganda,2025,3.49725229634556
UGA,Uganda,2024,3.17493921238938
UGA,Uganda,2023,2.42759459782118
UGA,Uganda,2022,1.48927085105888
UGA,Uganda,2021,0.258075577364949
UGA,Uganda,2020,-0.423922683361482
UGA,Uganda,2019,2.88958690241905
UGA,Uganda,2018,2.75300382511665
UGA,Uganda,2017,-0.406390812740796
UGA,Uganda,2016,1.35743312909598
UGA,Uganda,2015,2.00429943099081
UGA,Uganda,2014,2.04948459267207
UGA,Uganda,2013,0.656669463732158
UGA,Uganda,2012,0.865151267915266
UGA,Uganda,2011,6.23090993981926
UGA,Uganda,2010,2.57308463341826
UGA,Uganda,2009,3.70592159085399
UGA,Uganda,2008,5.5545038560267
UGA,Uganda,2007,5.27037575377261
UGA,Uganda,2006,7.58857752601207
UGA,Uganda,2005,3.25713954596638
UGA,Uganda,2004,3.65117760961586
UGA,Uganda,2003,3.163140555198
UGA,Uganda,2002,5.38039055287112
UGA,Uganda,2001,2.01473762716464
UGA,Uganda,2000,-0.0506112736721605
UGA,Uganda,1999,4.60903573362658
UGA,Uganda,1998,1.83132276374145
UGA,Uganda,1997,2.09696413485794
UGA,Uganda,1996,6.16502322616066
UGA,Uganda,1995,8.51809025515809
UGA,Uganda,1994,2.89205348201035
UGA,Uganda,1993,4.64880550066493
UGA,Uganda,1992,-0.0452355171633343
UGA,Uganda,1991,2.14720744383359
UGA,Uganda,1990,3.08537625148307
UGA,Uganda,1989,2.98416591168392
UGA,Uganda,1988,4.8731416529707
UGA,Uganda,1987,0.79113763901934
UGA,Uganda,1986,-2.49096889727608
UGA,Uganda,1985,-5.98381522998432
UGA,Uganda,1984,-2.97662323233796
UGA,Uganda,1983,3.15519965111979
UKR,Ukraine,2025,-1.32161434081765
UKR,Ukraine,2024,2.85533390256367
UKR,Ukraine,2023,15.4480219876898
UKR,Ukraine,2022,-22.7456813021158
UKR,Ukraine,2021,4.41050883289091
UKR,Ukraine,2020,-3.08458576352871
UKR,Ukraine,2019,3.87284698333255
UKR,Ukraine,2018,4.09937975447431
UKR,Ukraine,2017,2.86027869650954
UKR,Ukraine,2016,2.94151228987063
UKR,Ukraine,2015,-9.27686663817931
UKR,Ukraine,2014,-5.08846879597155
UKR,Ukraine,2013,0.226082936004985
UKR,Ukraine,2012,0.364275557578679
UKR,Ukraine,2011,5.78262206521443
UKR,Ukraine,2010,4.46782513515676
UKR,Ukraine,2009,-14.7807201233911
UKR,Ukraine,2008,2.77550904646171
UKR,Ukraine,2007,8.71227296398449
UKR,Ukraine,2006,8.26961304502665
UKR,Ukraine,2005,3.92453428899148
UKR,Ukraine,2004,12.5773931558428
UKR,Ukraine,2003,10.337484498259
UKR,Ukraine,2002,6.26926483071821
UKR,Ukraine,2001,9.79657550011422
UKR,Ukraine,2000,6.79706549402465
UKR,Ukraine,1999,0.605336123329252
UKR,Ukraine,1998,-1.10718093619529
UKR,Ukraine,1997,-2.16111095277036
UKR,Ukraine,1996,-9.22795603769922
UKR,Ukraine,1995,-11.5024738356575
UKR,Ukraine,1994,-22.4941466864469
UKR,Ukraine,1993,-14.2433546055169
UKR,Ukraine,1992,-10.1629691607265
UKR,Ukraine,1991,-8.90451869290497
UKR,Ukraine,1990,-6.59041563631982
UKR,Ukraine,1989,3.48703210893358
UKR,Ukraine,1988,2.15178868370032
ARE,United Arab Emirates,2024,-0.766014064229807
ARE,United Arab Emirates,2023,0.234310330355683
ARE,United Arab Emirates,2022,2.18067106977496
ARE,United Arab Emirates,2021,2.65161941845433
ARE,United Arab Emirates,2020,-8.25883323246956
ARE,United Arab Emirates,2019,0.208979855084152
ARE,United Arab Emirates,2018,0.195833797104513
ARE,United Arab Emirates,2017,-4.1521758396202
ARE,United Arab Emirates,2016,0.57481122939582
ARE,United Arab Emirates,2015,1.47472912196567
ARE,United Arab Emirates,2014,-0.124043269981982
ARE,United Arab Emirates,2013,0.805426598522857
ARE,United Arab Emirates,2012,0.619820807088118
ARE,United Arab Emirates,2011,3.21044717047995
ARE,United Arab Emirates,2010,-0.804617487902945
ARE,United Arab Emirates,2009,-10.9561860297587
ARE,United Arab Emirates,2008,-7.90937300755436
ARE,United Arab Emirates,2007,-8.10762969870919
ARE,United Arab Emirates,2006,2.28740527695417
ARE,United Arab Emirates,2005,-0.445692154808313
ARE,United Arab Emirates,2004,3.71559553188652
ARE,United Arab Emirates,2003,2.68559850249295
ARE,United Arab Emirates,2002,-3.60458348660198
ARE,United Arab Emirates,2001,-4.86473065890998
ARE,United Arab Emirates,2000,3.63205780500195
ARE,United Arab Emirates,1999,-4.20554133560286
ARE,United Arab Emirates,1998,-7.06408032031879
ARE,United Arab Emirates,1997,-0.251957864765345
ARE,United Arab Emirates,1996,-0.836433108678165
ARE,United Arab Emirates,1995,2.02194448982083
ARE,United Arab Emirates,1994,2.02484576672445
ARE,United Arab Emirates,1993,-3.63144943782228
ARE,United Arab Emirates,1992,-1.93768038450514
ARE,United Arab Emirates,1991,-4.58876380694964
ARE,United Arab Emirates,1990,11.5724168448179
ARE,United Arab Emirates,1989,5.55589491749082
ARE,United Arab Emirates,1988,-8.84619793792895
ARE,United Arab Emirates,1987,-3.63616872517201
ARE,United Arab Emirates,1986,-20.143124453657
ARE,United Arab Emirates,1985,-8.6263783833507
ARE,United Arab Emirates,1984,-1.61310548126046
ARE,United Arab Emirates,1983,-10.0616230969845
ARE,United Arab Emirates,1982,-12.0387055475196
ARE,United Arab Emirates,1981,-3.34860852551871
ARE,United Arab Emirates,1980,11.2285666509993
ARE,United Arab Emirates,1979,7.30171206223589
ARE,United Arab Emirates,1978,-13.6362492630725
ARE,United Arab Emirates,1977,5.30784875282244
ARE,United Arab Emirates,1976,2.71261438937486
ARE,United Arab Emirates,1975,-4.29406042029954
ARE,United Arab Emirates,1974,2.16348157119559
ARE,United Arab Emirates,1973,55.8235293190942
ARE,United Arab Emirates,1972,21.0226998042105
ARE,United Arab Emirates,1971,16.8394317490106
GBR,United Kingdom,2025,1.08786759604824
GBR,United Kingdom,2024,-0.0212601831000256
GBR,United Kingdom,2023,-1.0306551867823
GBR,United Kingdom,2022,4.1267500565517
GBR,United Kingdom,2021,8.15741414430147
GBR,United Kingdom,2020,-10.1988501221779
GBR,United Kingdom,2019,0.738072456841849
GBR,United Kingdom,2018,1.0564966711085
GBR,United Kingdom,2017,2.46409428701189
GBR,United Kingdom,2016,1.39797854877506
GBR,United Kingdom,2015,1.40597768353071
GBR,United Kingdom,2014,2.39228723571463
GBR,United Kingdom,2013,1.04127689543228
GBR,United Kingdom,2012,0.807661642969506
GBR,United Kingdom,2011,0.0663488911998797
GBR,United Kingdom,2010,1.46206947680976
GBR,United Kingdom,2009,-5.30637777763782
GBR,United Kingdom,2008,-0.832967942760902
GBR,United Kingdom,2007,2.13253558466515
GBR,United Kingdom,2006,1.4414302818718
GBR,United Kingdom,2005,2.08729988072291
GBR,United Kingdom,2004,1.74549468873848
GBR,United Kingdom,2003,2.73900554436896
GBR,United Kingdom,2002,1.27936543722539
GBR,United Kingdom,2001,1.9975992432021
GBR,United Kingdom,2000,4.15158061382745
GBR,United Kingdom,1999,2.60180734515576
GBR,United Kingdom,1998,2.94588672989829
GBR,United Kingdom,1997,4.61021097170145
GBR,United Kingdom,1996,2.35396378671228
GBR,United Kingdom,1995,3.25985802369149
GBR,United Kingdom,1994,4.6865535618182
GBR,United Kingdom,1993,3.24267090591322
GBR,United Kingdom,1992,1.0211660302119
GBR,United Kingdom,1991,-1.59721933146524
GBR,United Kingdom,1990,0.478455932040106
GBR,United Kingdom,1989,2.01554264172321
GBR,United Kingdom,1988,4.7991222063655
GBR,United Kingdom,1987,4.33997910052568
GBR,United Kingdom,1986,3.77170543767869
GBR,United Kingdom,1985,3.36452797465043
GBR,United Kingdom,1984,2.50856450278769
GBR,United Kingdom,1983,3.5890151180126
GBR,United Kingdom,1982,2.12966843127822
GBR,United Kingdom,1981,-1.3578130725424
GBR,United Kingdom,1980,-2.29594521538891
GBR,United Kingdom,1979,2.65462024352492
GBR,United Kingdom,1978,3.3978316517312
GBR,United Kingdom,1977,2.39700724849909
GBR,United Kingdom,1976,2.82995299273523
GBR,United Kingdom,1975,-0.669496804185911
GBR,United Kingdom,1974,-1.74167838811137
GBR,United Kingdom,1973,7.10639660739901
GBR,United Kingdom,1972,3.27561302985168
GBR,United Kingdom,1971,1.57938717324137
GBR,United Kingdom,1970,2.29987465236748
GBR,United Kingdom,1969,1.51615149081795
GBR,United Kingdom,1968,4.96053301450314
GBR,United Kingdom,1967,2.22373310642656
GBR,United Kingdom,1966,1.0090456187359
GBR,United Kingdom,1965,1.47628087263733
GBR,United Kingdom,1964,4.91040024632568
GBR,United Kingdom,1963,4.07774057838444
GBR,United Kingdom,1962,0.244341056828176
GBR,United Kingdom,1961,1.92327395409104
USA,United States,2025,1.62901328272834
USA,United States,2024,1.81099561417319
USA,United States,2023,2.09110944991448
USA,United States,2022,1.94217130872103
USA,United States,2021,5.98515132703822
USA,United States,2020,-2.48059997386319
USA,United States,2019,2.05676589969444
USA,United States,2018,2.3644424974579
USA,United States,2017,1.75014095196009
USA,United States,2016,1.02266589237917
USA,United States,2015,2.12741137868935
USA,United States,2014,1.71094544248081
USA,United States,2013,1.34816252387824
USA,United States,2012,1.4757059723453
USA,United States,2011,0.762796399892366
USA,United States,2010,1.82992370300914
USA,United States,2009,-3.42683194491448
USA,United States,2008,-0.8288881218228
USA,United States,2007,1.03834382734772
USA,United States,2006,1.79819874479622
USA,United States,2005,2.53411070635448
USA,United States,2004,2.89111091294794
USA,United States,2003,1.91588247566436
USA,United States,2002,0.761236860380762
USA,United States,2001,-0.0387319343606976
USA,United States,2000,2.92586254681619
USA,United States,1999,3.5919803730374
USA,United States,1998,3.27222984322087
USA,United States,1997,3.1971656064834
USA,United States,1996,2.57246399873029
USA,United States,1995,1.46892917482886
USA,United States,1994,2.76110896687247
USA,United States,1993,1.40572318314062
USA,United States,1992,2.09666863097932
USA,United States,1991,-1.434247569896
USA,United States,1990,0.741486713508948
USA,United States,1989,2.69776022097005
USA,United States,1988,3.2353379255127
USA,United States,1987,2.53404234284122
USA,United States,1986,2.51089495812347
USA,United States,1985,3.25057626767166
USA,United States,1984,6.31198922384387
USA,United States,1983,3.63185802398954
USA,United States,1982,-2.73469489641839
USA,United States,1981,1.53630242028635
USA,United States,1980,-1.20932407978319
USA,United States,1979,2.03373170597658
USA,United States,1978,4.42288716703601
USA,United States,1977,3.57717980784827
USA,United States,1976,4.39135848286867
USA,United States,1975,-1.18474293785152
USA,United States,1974,-1.44513289575849
USA,United States,1973,4.64211335432748
USA,United States,1972,4.13472765652728
USA,United States,1971,1.9949789395294
USA,United States,1970,-0.944145118193504
USA,United States,1969,2.09736970308174
USA,United States,1968,3.75881937038788
USA,United States,1967,1.38995127942472
USA,United States,1966,5.27711386691524
USA,United States,1965,5.07809761149738
USA,United States,1964,4.34054896718479
USA,United States,1963,2.90827195268284
USA,United States,1962,4.48066936218716
USA,United States,1961,0.618121192549182
URY,Uruguay,2025,1.84184818056804
URY,Uruguay,2024,3.37131091243454
URY,Uruguay,2023,0.845973105465262
URY,Uruguay,2022,4.78459885025788
URY,Uruguay,2021,5.91510210973331
URY,Uruguay,2020,-7.40535234891223
URY,Uruguay,2019,0.848967983378387
URY,Uruguay,2018,-0.0151011268806798
URY,Uruguay,2017,1.46549079282399
URY,Uruguay,2016,1.35078037686081
URY,Uruguay,2015,0.0225745559950212
URY,Uruguay,2014,2.9005302021196
URY,Uruguay,2013,4.32675421961548
URY,Uruguay,2012,3.27196082931438
URY,Uruguay,2011,4.90150561357953
URY,Uruguay,2010,7.52764617823019
URY,Uruguay,2009,3.99426146565813
URY,Uruguay,2008,6.94817225721984
URY,Uruguay,2007,6.35892754413862
URY,Uruguay,2006,3.98038082694534
URY,Uruguay,2005,7.37434772026329
URY,Uruguay,2004,4.94141016509036
URY,Uruguay,2003,0.734039111911073
URY,Uruguay,2002,-7.86190240623733
URY,Uruguay,2001,-4.08038978630051
URY,Uruguay,2000,-2.29597374962009
URY,Uruguay,1999,-1.96688389558119
URY,Uruguay,1998,4.00473000143258
URY,Uruguay,1997,7.97449289236334
URY,Uruguay,1996,5.02200077420791
URY,Uruguay,1995,-1.96071762661492
URY,Uruguay,1994,6.72380888757364
URY,Uruguay,1993,2.11624610972325
URY,Uruguay,1992,7.33522697716671
URY,Uruguay,1991,2.94354443405069
URY,Uruguay,1990,-0.288978937190848
URY,Uruguay,1989,0.504600329177435
URY,Uruguay,1988,0.883389730478427
URY,Uruguay,1987,7.38938186968173
URY,Uruguay,1986,8.24266244664604
URY,Uruguay,1985,0.977235886818193
URY,Uruguay,1984,-1.59402132372715
URY,Uruguay,1983,-10.6732559626791
URY,Uruguay,1982,-10.1292739402363
URY,Uruguay,1981,1.17251396509195
URY,Uruguay,1980,5.41134355440225
URY,Uruguay,1979,5.68659877915023
URY,Uruguay,1978,4.7885733175091
URY,Uruguay,1977,0.825379273943213
URY,Uruguay,1976,3.24989821307452
URY,Uruguay,1975,5.4181470108031
URY,Uruguay,1974,2.28924523618788
URY,Uruguay,1973,-0.272241255772499
URY,Uruguay,1972,-1.850524968081
URY,Uruguay,1971,-0.808127208841512
URY,Uruguay,1970,1.71598152600284
URY,Uruguay,1969,5.12558868122441
URY,Uruguay,1968,1.06299416872999
URY,Uruguay,1967,-4.52535092826649
URY,Uruguay,1966,2.05504500374775
URY,Uruguay,1965,-0.00922143855120794
URY,Uruguay,1964,1.30483248104743
URY,Uruguay,1963,-0.992752170102321
URY,Uruguay,1962,-2.76075616219634
URY,Uruguay,1961,1.20941667358304
UZB,Uzbekistan,2025,5.68950787978028
UZB,Uzbekistan,2024,4.59454789720127
UZB,Uzbekistan,2023,4.18879735936189
UZB,Uzbekistan,2022,3.97489304786605
UZB,Uzbekistan,2021,6.1274486675632
UZB,Uzbekistan,2020,-0.259354857453758
UZB,Uzbekistan,2019,4.87800830454302
UZB,Uzbekistan,2018,3.91344009833303
UZB,Uzbekistan,2017,2.94115209964183
UZB,Uzbekistan,2016,4.88544792792544
UZB,Uzbekistan,2015,6.09703163459466
UZB,Uzbekistan,2014,5.93557285916549
UZB,Uzbekistan,2013,6.2437627382201
UZB,Uzbekistan,2012,5.74728187814682
UZB,Uzbekistan,2011,6.48597744904724
UZB,Uzbekistan,2010,5.90590026943734
UZB,Uzbekistan,2009,6.33169102436078
UZB,Uzbekistan,2008,7.36856523907178
UZB,Uzbekistan,2007,7.948870305745
UZB,Uzbekistan,2006,6.07475146177363
UZB,Uzbekistan,2005,5.62058695275771
UZB,Uzbekistan,2004,6.13592286636617
UZB,Uzbekistan,2003,2.97071220194489
UZB,Uzbekistan,2002,2.70575973852725
UZB,Uzbekistan,2001,2.90496458528362
UZB,Uzbekistan,2000,2.53200282225686
UZB,Uzbekistan,1999,2.84655466460455
UZB,Uzbekistan,1998,2.67523588013248
UZB,Uzbekistan,1997,3.39797706295914
UZB,Uzbekistan,1996,-0.191816644156503
UZB,Uzbekistan,1995,-2.86447069203824
UZB,Uzbekistan,1994,-7.20602185350145
UZB,Uzbekistan,1993,-4.53440108888297
UZB,Uzbekistan,1992,-13.3582215361322
UZB,Uzbekistan,1991,-2.85571795412295
UZB,Uzbekistan,1990,-0.821590189756151
UZB,Uzbekistan,1989,0.425647010976832
UZB,Uzbekistan,1988,6.16310993886114
VUT,Vanuatu,2025,0.780778397940367
VUT,Vanuatu,2024,1.43313166240642
VUT,Vanuatu,2023,3.39776254449882
VUT,Vanuatu,2022,3.17078255168309
VUT,Vanuatu,2021,-3.42850167019159
VUT,Vanuatu,2020,-7.89338931570623
VUT,Vanuatu,2019,0.897747718651672
VUT,Vanuatu,2018,0.0888190242215785
VUT,Vanuatu,2017,1.8208195580786
VUT,Vanuatu,2016,1.3401397722921
VUT,Vanuatu,2015,1.22135408114572
VUT,Vanuatu,2014,0.823853206578846
VUT,Vanuatu,2013,-1.74696050530036
VUT,Vanuatu,2012,-1.18521413465282
VUT,Vanuatu,2011,0.925978795990702
VUT,Vanuatu,2010,-1.08593808514878
VUT,Vanuatu,2009,0.453966271093734
VUT,Vanuatu,2008,2.98535481581028
VUT,Vanuatu,2007,0.387169374214352
VUT,Vanuatu,2006,5.86726101068511
VUT,Vanuatu,2005,2.78261536346285
VUT,Vanuatu,2004,1.47757366141985
VUT,Vanuatu,2003,1.75159744658461
VUT,Vanuatu,2002,-7.53710517514462
VUT,Vanuatu,2001,-5.79960877399317
VUT,Vanuatu,2000,3.51780181082894
VUT,Vanuatu,1999,-1.72128358303506
VUT,Vanuatu,1998,-0.91519199571664
VUT,Vanuatu,1997,2.67502125431656
VUT,Vanuatu,1996,0.0677771442323376
VUT,Vanuatu,1995,-1.3063637584373
VUT,Vanuatu,1994,6.50928779878545
VUT,Vanuatu,1993,-1.69982007314
VUT,Vanuatu,1992,0.0703543901579025
VUT,Vanuatu,1991,0.61299793999126
VUT,Vanuatu,1990,8.9271268380239
VUT,Vanuatu,1989,-1.02551228646897
VUT,Vanuatu,1988,-4.18555172036442
VUT,Vanuatu,1987,-5.34800638009021
VUT,Vanuatu,1986,-2.66238260240475
VUT,Vanuatu,1985,-1.51419697864071
VUT,Vanuatu,1984,6.89313733975381
VUT,Vanuatu,1983,0.548157847582402
VUT,Vanuatu,1982,-0.36750362700748
VUT,Vanuatu,1981,2.09265591464248
VUT,Vanuatu,1980,-13.4068316638966
VEN,"Venezuela, RB",2025,1.17406663494002
VEN,"Venezuela, RB",2024,5.13594862074156
VEN,"Venezuela, RB",2023,3.70013368160016
VEN,"Venezuela, RB",2022,8.16956905683747
VEN,"Venezuela, RB",2021,1.3599718379524
VEN,"Venezuela, RB",2020,-28.6057438496512
VEN,"Venezuela, RB",2019,-25.4442397305152
VEN,"Venezuela, RB",2018,-17.6001192318482
VEN,"Venezuela, RB",2017,-15.1462172534753
VEN,"Venezuela, RB",2016,-17.6288988102954
VEN,"Venezuela, RB",2015,-7.16884576852922
VEN,"Venezuela, RB",2014,-4.94495109758775
VEN,"Venezuela, RB",2013,0.0892416425159297
VEN,"Venezuela, RB",2012,4.36175625931372
VEN,"Venezuela, RB",2011,2.79431165197599
VEN,"Venezuela, RB",2010,-2.86746142164827
VEN,"Venezuela, RB",2009,-4.38771914603977
VEN,"Venezuela, RB",2008,3.69937007292253
VEN,"Venezuela, RB",2007,7.1350657905012
VEN,"Venezuela, RB",2006,8.12092547262088
VEN,"Venezuela, RB",2005,8.35910334412473
VEN,"Venezuela, RB",2004,16.1962299342019
VEN,"Venezuela, RB",2003,-9.38020816853484
VEN,"Venezuela, RB",2002,-10.3618288031885
VEN,"Venezuela, RB",2001,1.53836888018091
VEN,"Venezuela, RB",2000,1.59305580865011
VEN,"Venezuela, RB",1999,-7.75664661984584
VEN,"Venezuela, RB",1998,-1.52210965470705
VEN,"Venezuela, RB",1997,4.18637610051888
VEN,"Venezuela, RB",1996,-2.31434239431951
VEN,"Venezuela, RB",1995,1.7524707013106
VEN,"Venezuela, RB",1994,-4.42996313795496
VEN,"Venezuela, RB",1993,-1.97611075512457
VEN,"Venezuela, RB",1992,3.58242017792905
VEN,"Venezuela, RB",1991,7.00179785434551
VEN,"Venezuela, RB",1990,4.1361830075758
VEN,"Venezuela, RB",1989,-16.1348404826375
VEN,"Venezuela, RB",1988,3.74778212015192
VEN,"Venezuela, RB",1987,2.21938879934827
VEN,"Venezuela, RB",1986,3.4511776493428
VEN,"Venezuela, RB",1985,-1.95321653647372
VEN,"Venezuela, RB",1984,2.41068615940421
VEN,"Venezuela, RB",1983,-12.059216165986
VEN,"Venezuela, RB",1982,-0.20855963794736
VEN,"Venezuela, RB",1981,-3.96251641849391
VEN,"Venezuela, RB",1980,-7.07519951043535
VEN,"Venezuela, RB",1979,-2.07403185513286
VEN,"Venezuela, RB",1978,-0.562866171939575
VEN,"Venezuela, RB",1977,3.23194609738724
VEN,"Venezuela, RB",1976,4.63681158054503
VEN,"Venezuela, RB",1975,-0.0665573543051607
VEN,"Venezuela, RB",1974,-0.887407681750958
VEN,"Venezuela, RB",1973,3.97872292299455
VEN,"Venezuela, RB",1972,-1.71546962749586
VEN,"Venezuela, RB",1971,-1.57362488397851
VEN,"Venezuela, RB",1970,4.4249757068721
VEN,"Venezuela, RB",1969,-2.42042323129658
VEN,"Venezuela, RB",1968,3.93559259699762
VEN,"Venezuela, RB",1967,-0.478522033926382
VEN,"Venezuela, RB",1966,-1.80155357632742
VEN,"Venezuela, RB",1965,0.724945031450815
VEN,"Venezuela, RB",1964,7.41199126763424
VEN,"Venezuela, RB",1963,0.380076592706729
VEN,"Venezuela, RB",1962,4.80288762991452
VEN,"Venezuela, RB",1961,-0.41760756250217
VNM,Viet Nam,2025,7.36938819098758
VNM,Viet Nam,2024,6.3659748675781
VNM,Viet Nam,2023,4.27616318968813
VNM,Viet Nam,2022,7.7256990331194
VNM,Viet Nam,2021,1.66651604176819
VNM,Viet Nam,2020,1.91581434772165
VNM,Viet Nam,2019,6.32464886581907
VNM,Viet Nam,2018,6.28095828201967
VNM,Viet Nam,2017,5.61787865063133
VNM,Viet Nam,2016,5.35427097241221
VNM,Viet Nam,2015,5.66896478541561
VNM,Viet Nam,2014,5.13784099364456
VNM,Viet Nam,2013,4.31498880369921
VNM,Viet Nam,2012,4.27630507146044
VNM,Viet Nam,2011,5.1944977799937
VNM,Viet Nam,2010,5.21227683604808
VNM,Viet Nam,2009,3.83237459567542
VNM,Viet Nam,2008,3.74838603993047
VNM,Viet Nam,2007,5.25231213341748
VNM,Viet Nam,2006,5.57239749946528
VNM,Viet Nam,2005,6.55339711441117
VNM,Viet Nam,2004,6.49878740751187
VNM,Viet Nam,2003,5.83556100746738
VNM,Viet Nam,2002,5.23717692306222
VNM,Viet Nam,2001,5.08240100546193
VNM,Viet Nam,2000,5.58792950410756
VNM,Viet Nam,1999,3.41694816736356
VNM,Viet Nam,1998,4.25766192653015
VNM,Viet Nam,1997,6.59239957601929
VNM,Viet Nam,1996,7.68622621093297
VNM,Viet Nam,1995,7.72283797378608
VNM,Viet Nam,1994,6.89120343615872
VNM,Viet Nam,1993,6.0132829316736
VNM,Viet Nam,1992,6.46778613603792
VNM,Viet Nam,1991,3.76339409919927
VNM,Viet Nam,1990,2.92330784870207
VNM,Viet Nam,1989,5.18178495709525
VNM,Viet Nam,1988,3.02944657258952
VNM,Viet Nam,1987,1.50185983593605
VNM,Viet Nam,1986,0.598118657713286
VNM,Viet Nam,1985,1.42506901089281
VIR,Virgin Islands (U.S.),2022,-0.883383819313323
VIR,Virgin Islands (U.S.),2021,4.07886990081306
VIR,Virgin Islands (U.S.),2020,-1.26412494613658
VIR,Virgin Islands (U.S.),2019,3.22863068505148
VIR,Virgin Islands (U.S.),2018,2.14490182532539
VIR,Virgin Islands (U.S.),2017,-0.517853882355141
VIR,Virgin Islands (U.S.),2016,1.78607056891147
VIR,Virgin Islands (U.S.),2015,-0.26792231561096
VIR,Virgin Islands (U.S.),2014,-1.62976237975002
VIR,Virgin Islands (U.S.),2013,-6.15764738406951
VIR,Virgin Islands (U.S.),2012,-14.7321849465745
VIR,Virgin Islands (U.S.),2011,-8.14745069217943
VIR,Virgin Islands (U.S.),2010,0.640017045957947
VIR,Virgin Islands (U.S.),2009,-6.60082033820244
VIR,Virgin Islands (U.S.),2008,1.16259833481369
VIR,Virgin Islands (U.S.),2007,4.04131611143129
VIR,Virgin Islands (U.S.),2006,3.58522291185554
VIR,Virgin Islands (U.S.),2005,3.49771355206596
VIR,Virgin Islands (U.S.),2004,3.32303112200472
VIR,Virgin Islands (U.S.),2003,-0.392409019211641
PSE,West Bank and Gaza,2025,1.94584290015811
PSE,West Bank and Gaza,2024,-24.6567900497018
PSE,West Bank and Gaza,2023,-3.31404051657385
PSE,West Bank and Gaza,2022,1.58856471383393
PSE,West Bank and Gaza,2021,4.41469534491321
PSE,West Bank and Gaza,2020,-13.4963869730477
PSE,West Bank and Gaza,2019,-1.15161366535136
PSE,West Bank and Gaza,2018,-1.30481419195327
PSE,West Bank and Gaza,2017,-0.577622802403482
PSE,West Bank and Gaza,2016,6.44666146094556
PSE,West Bank and Gaza,2015,1.37258508832343
PSE,West Bank and Gaza,2014,-2.47102630481804
PSE,West Bank and Gaza,2013,2.21485047926886
PSE,West Bank and Gaza,2012,3.51036746369036
PSE,West Bank and Gaza,2011,6.86783487502541
PSE,West Bank and Gaza,2010,3.06565425625401
PSE,West Bank and Gaza,2009,5.73457681316152
PSE,West Bank and Gaza,2008,4.51371143942183
PSE,West Bank and Gaza,2007,1.16982596233521
PSE,West Bank and Gaza,2006,-3.49430234961132
PSE,West Bank and Gaza,2005,8.4829084168252
PSE,West Bank and Gaza,2004,18.8484471333478
PSE,West Bank and Gaza,2003,11.1391726672237
PSE,West Bank and Gaza,2002,-14.696224583011
PSE,West Bank and Gaza,2001,-11.5990690763047
PSE,West Bank and Gaza,2000,-10.8625929085069
PSE,West Bank and Gaza,1999,5.54878290672016
PSE,West Bank and Gaza,1998,11.4495735284097
PSE,West Bank and Gaza,1997,9.64623418634368
PSE,West Bank and Gaza,1996,-3.21774919288964
PSE,West Bank and Gaza,1995,2.4270659709459
YEM,"Yemen, Rep.",2018,-2.186490192267
YEM,"Yemen, Rep.",2017,-7.88861205244282
YEM,"Yemen, Rep.",2016,-12.0553743505045
YEM,"Yemen, Rep.",2015,-30.1507550992904
YEM,"Yemen, Rep.",2014,-3.20471705643189
YEM,"Yemen, Rep.",2013,1.67911232409898
YEM,"Yemen, Rep.",2012,-0.670663085005188
YEM,"Yemen, Rep.",2011,-15.3366875285688
YEM,"Yemen, Rep.",2010,4.3735077841587
YEM,"Yemen, Rep.",2009,0.598210143519466
YEM,"Yemen, Rep.",2008,0.370978630255152
YEM,"Yemen, Rep.",2007,0.045109908702031
YEM,"Yemen, Rep.",2006,-0.129375630986743
YEM,"Yemen, Rep.",2005,2.37203185301995
YEM,"Yemen, Rep.",2004,0.966767059770078
YEM,"Yemen, Rep.",2003,0.743278418900516
YEM,"Yemen, Rep.",2002,0.89755669377989
YEM,"Yemen, Rep.",2001,0.714060018641518
YEM,"Yemen, Rep.",2000,2.96401092010485
YEM,"Yemen, Rep.",1999,0.593963694817944
YEM,"Yemen, Rep.",1998,2.71904691973516
YEM,"Yemen, Rep.",1997,1.92969632778934
YEM,"Yemen, Rep.",1996,1.17123054361929
YEM,"Yemen, Rep.",1995,1.93932487457056
YEM,"Yemen, Rep.",1994,2.85442556514698
YEM,"Yemen, Rep.",1993,0.16354826043073
YEM,"Yemen, Rep.",1992,4.17012014197473
YEM,"Yemen, Rep.",1991,2.29860098445927
ZMB,Zambia,2025,0.921973669109249
ZMB,Zambia,2024,0.941472566904864
ZMB,Zambia,2023,2.46464031100994
ZMB,Zambia,2022,2.34336450166037
ZMB,Zambia,2021,3.28575461102756
ZMB,Zambia,2020,-5.56773502453288
ZMB,Zambia,2019,-1.51894951073589
ZMB,Zambia,2018,0.9537337347912
ZMB,Zambia,2017,0.398377780872721
ZMB,Zambia,2016,0.593979723633794
ZMB,Zambia,2015,-0.241301067013211
ZMB,Zambia,2014,1.42432240940171
ZMB,Zambia,2013,1.74618059430358
ZMB,Zambia,2012,4.16438800509357
ZMB,Zambia,2011,2.11650829571791
ZMB,Zambia,2010,6.54512358380669
ZMB,Zambia,2009,5.42272309461708
ZMB,Zambia,2008,3.99773185138027
ZMB,Zambia,2007,4.59671527144219
ZMB,Zambia,2006,4.24983217682681
ZMB,Zambia,2005,3.75264386154687
ZMB,Zambia,2004,3.68494886266848
ZMB,Zambia,2003,3.67685887625342
ZMB,Zambia,2002,1.3381949009155
ZMB,Zambia,2001,2.17981803196589
ZMB,Zambia,2000,1.01793976595019
ZMB,Zambia,1999,1.88247300207094
ZMB,Zambia,1998,-2.96313567721118
ZMB,Zambia,1997,1.19524199921966
ZMB,Zambia,1996,3.64343431300713
ZMB,Zambia,1995,0.444103477737357
ZMB,Zambia,1994,-10.7813280458849
ZMB,Zambia,1993,4.28174982443221
ZMB,Zambia,1992,-4.07483415840184
ZMB,Zambia,1991,-2.48437862264691
ZMB,Zambia,1990,-2.99842702237687
ZMB,Zambia,1989,-3.60284277862945
ZMB,Zambia,1988,3.40269789036691
ZMB,Zambia,1987,-0.248588086719636
ZMB,Zambia,1986,-2.23905733064601
ZMB,Zambia,1985,-1.38870838349084
ZMB,Zambia,1984,-3.35758526977152
ZMB,Zambia,1983,-5.07622102576212
ZMB,Zambia,1982,-5.88551995555419
ZMB,Zambia,1981,2.96593174440794
ZMB,Zambia,1980,-0.00253335058172866
ZMB,Zambia,1979,-5.88847935053188
ZMB,Zambia,1978,-2.44321400349722
ZMB,Zambia,1977,-7.41945461965345
ZMB,Zambia,1976,3.04589479742205
ZMB,Zambia,1975,-5.15497800444783
ZMB,Zambia,1974,3.35023893693798
ZMB,Zambia,1973,-3.77109414566878
ZMB,Zambia,1972,6.17866150360003
ZMB,Zambia,1971,-2.80303176137348
ZMB,Zambia,1970,1.77564554646573
ZMB,Zambia,1969,-3.55687617686446
ZMB,Zambia,1968,-1.97047392908408
ZMB,Zambia,1967,4.51076211164238
ZMB,Zambia,1966,-8.54085446942511
ZMB,Zambia,1965,13.0119756113922
ZMB,Zambia,1964,8.72843336324306
ZMB,Zambia,1963,0.0600764246322001
ZMB,Zambia,1962,-5.51106619023926
ZMB,Zambia,1961,-1.76463379683507
ZWE,Zimbabwe,2025,6.08867578227839
ZWE,Zimbabwe,2024,-0.117816342539967
ZWE,Zimbabwe,2023,3.59876695621327
ZWE,Zimbabwe,2022,4.34366718315964
ZWE,Zimbabwe,2021,6.61191108683749
ZWE,Zimbabwe,2020,-9.33397144870511
ZWE,Zimbabwe,2019,-7.78558358121073
ZWE,Zimbabwe,2018,3.45954562738599
ZWE,Zimbabwe,2017,3.23409642689352
ZWE,Zimbabwe,2016,-0.633234613329265
ZWE,Zimbabwe,2015,0.425141539219794
ZWE,Zimbabwe,2014,0.982274048982148
ZWE,Zimbabwe,2013,0.563614570952865
ZWE,Zimbabwe,2012,14.7871576858869
ZWE,Zimbabwe,2011,12.187491621401
ZWE,Zimbabwe,2010,17.7601242170416
ZWE,Zimbabwe,2009,11.6893318173098
ZWE,Zimbabwe,2008,-18.6543102007687
ZWE,Zimbabwe,2007,-4.91448916093475
ZWE,Zimbabwe,2006,-4.63037569259529
ZWE,Zimbabwe,2005,-6.59888906294871
ZWE,Zimbabwe,2004,-6.82498063511001
ZWE,Zimbabwe,2003,-17.9767611752894
ZWE,Zimbabwe,2002,-9.76644857590099
ZWE,Zimbabwe,2001,0.762971447403842
ZWE,Zimbabwe,2000,-3.94437178277245
ZWE,Zimbabwe,1999,-2.41007526346858
ZWE,Zimbabwe,1998,0.893396715677412
ZWE,Zimbabwe,1997,0.770794565665597
ZWE,Zimbabwe,1996,8.54326710519177
ZWE,Zimbabwe,1995,-0.76784253577739
ZWE,Zimbabwe,1994,9.10603987351351
ZWE,Zimbabwe,1993,-0.4149337614747
ZWE,Zimbabwe,1992,-11.5478990333428
ZWE,Zimbabwe,1991,2.81829236184525
ZWE,Zimbabwe,1990,4.11277570329895
ZWE,Zimbabwe,1989,2.1956304236636
ZWE,Zimbabwe,1988,4.20282934553336
ZWE,Zimbabwe,1987,-2.14009425876756
ZWE,Zimbabwe,1986,-1.26273621053356
ZWE,Zimbabwe,1985,3.30860657633907
ZWE,Zimbabwe,1984,-5.33337743503436
ZWE,Zimbabwe,1983,-2.20178843986304
ZWE,Zimbabwe,1982,-1.28679181217906
ZWE,Zimbabwe,1981,5.66264548013156
ZWE,Zimbabwe,1980,8.02232255007959
ZWE,Zimbabwe,1979,1.68126427428281
ZWE,Zimbabwe,1978,-4.10549723132682
ZWE,Zimbabwe,1977,-9.20607037488369
ZWE,Zimbabwe,1976,-2.54645126616929
ZWE,Zimbabwe,1975,-4.99180317012353
ZWE,Zimbabwe,1974,3.23376685560504
ZWE,Zimbabwe,1973,-0.587268320556561
ZWE,Zimbabwe,1972,5.05135191758872
ZWE,Zimbabwe,1971,5.69965436007831
ZWE,Zimbabwe,1970,18.858601158491
ZWE,Zimbabwe,1969,8.92212517147178
ZWE,Zimbabwe,1968,-1.19550373833118
ZWE,Zimbabwe,1967,5.0100854314199
ZWE,Zimbabwe,1966,-1.62667456250547
ZWE,Zimbabwe,1965,1.65260899408277
ZWE,Zimbabwe,1964,-4.17666071409528
ZWE,Zimbabwe,1963,2.94681504005302
ZWE,Zimbabwe,1962,-1.70557793649529
ZWE,Zimbabwe,1961,3.04281929850355
